case,N,model,mean_MC,mean_MC_se,iid_finite_surrogate_mean,iid_surrogate_rel_error,bN_prediction,bN_prediction_rel_error,leading_log_prediction,CV_MC,CV_Gumbel_asymptotic,RMS_mean_exact,RMS_mean_MC,RMS_sd_exact,RMS_sd_MC
isotropic_COM_N2,2,isotropic_COM,2.0,1.4953445200811406e-17,1.4535209105297298,-0.2732395447351351,4.756823584078501,1.3784117920392505,4.328085122666891,4.728694570107798e-16,2.0336210932899434,2.0,2.0,0.0,9.02478979609285e-16
isotropic_COM_N16,16,isotropic_COM,5.857461386393155,0.02024884430528569,5.856616044042243,-0.0001443188943380802,7.052058365075094,0.20394449060423692,8.656170245333781,0.2186355616089238,0.37685901076744227,16.0,16.0,0.0,2.4177144003392248e-15
isotropic_COM_N27,27,isotropic_COM,8.670773300709541,0.02871961656167761,8.702305788395323,0.003636640769191901,10.092328202337775,0.16394788011721007,12.288229559462305,0.20948397267902974,0.31960281041595323,27.0,27.0,0.0,5.95909169857575e-15
isotropic_COM_N64,64,isotropic_COM,17.2509330512635,0.05288930672807687,17.18981341041188,-0.0035429759462862753,19.22965753422811,0.1147024614311909,23.083120654223418,0.1939033356989821,0.2569061875478654,64.0,64.0,0.0,1.4165473829121463e-14
isotropic_COM_N216,216,isotropic_COM,46.67515824398703,0.1252737942052147,46.92668394289308,0.005388855836143902,51.128569837611025,0.09541288687966487,60.2759476675347,0.16974790690536795,0.20239178568409577,216.0,216.0,0.0,8.330226838631872e-14
isotropic_COM_N474,474,isotropic_COM,91.40352196036973,0.22337582370180956,91.69053727083872,0.0031400902756617555,98.87186045522486,0.08170733834625343,115.39946034544234,0.1545621792167286,0.17835174097698478,474.0,474.0,0.0,2.657131169861034e-13
isotropic_COM_N512,512,isotropic_COM,98.11986907551689,0.23062089180394818,97.99017312929116,-0.0013218112442231478,105.57480773730272,0.07597787004840195,123.10997682252489,0.14865231700593612,0.17630853090214724,512.0,512.0,0.0,2.885213183908646e-13
isotropic_COM_N1000,1000,isotropic_COM,175.53814611572807,0.3923731108076021,175.2818670188404,-0.001459962421607952,187.6205489331451,0.06883063929279154,217.14724095162592,0.14137015232456968,0.16042180211272064,1000.0,1000.0,0.0,8.136936908355502e-13
isotropic_COM_N1728,1728,isotropic_COM,282.96089522337184,0.5752981494641809,283.48220418125203,0.0018423356961345672,302.10051192183244,0.067640500936893,347.6991781859138,0.12858684833822387,0.14948262355600248,1728.0,1728.0,0.0,1.7918434340447266e-12
isotropic_COM_N4096,4096,isotropic_COM,611.2037672720977,1.1720553557652071,610.5472885038233,-0.0010740751340659882,646.8903751378687,0.058387414765203705,738.6598609351494,0.12128081227506586,0.13503729504661752,4096.0,4096.0,0.0,6.4145090728079154e-12
periodic_L1d_N16,16,periodic_L1d,2.0865650497227253,0.007257446388670692,1.9522053480140809,-0.0643927692196794,2.350686121691698,0.12658175790113568,2.885390081777927,0.2199793444044579,0.37685901076744227,5.395668095022528,5.39695883545281,0.38067695414619307,0.3821082817634863
periodic_L1d_N64,64,periodic_L1d,5.991235706476471,0.0184039086297533,5.7299378034706265,-0.04361335721166559,6.409885844742704,0.06987709360419192,7.694373551407806,0.19427801532407454,0.2569061875478654,21.395212148403395,21.397229090235616,0.7345338067376499,0.740984668912687
periodic_L1d_N216,216,periodic_L1d,15.984481914426922,0.04263393010064051,15.642227980964359,-0.021411637567912645,17.04285661253701,0.0662126369672853,20.091982555844897,0.16868901406276113,0.20239178568409577,72.06177288345633,72.04965131827133,1.338084316182829,1.3081306680706484
periodic_L1d_N474,474,periodic_L1d,30.98272475084074,0.07462058769961198,30.563512423612906,-0.013530518396915991,32.957286818408285,0.06373106572926468,38.46648678181411,0.15232425125212076,0.17835174097698478,158.06174865987145,158.01330385461932,1.9783588890781256,1.9409995345270177
periodic_L1d_N1000,1000,periodic_L1d,59.28408848208915,0.1307000281756019,58.42728900628013,-0.014452435682938414,62.540182977715034,0.05492358200986103,72.38241365054198,0.13943362877476048,0.16042180211272064,333.3950713321693,333.44118997517154,2.8710820431337387,2.853280506918034
periodic_L1d_N4096,4096,periodic_L1d,203.8770194696263,0.3926466698342754,203.51576283460778,-0.0017719340608289835,215.63012504595625,0.05764801548945986,246.2199536450498,0.12180458548850046,0.13503729504661752,1365.3950640727774,1365.223650923158,5.807287391098744,5.762596663206555
periodic_L3d_N64,64,periodic_L3d,2.4788523666308375,0.007669381920261329,2.45568763005884,-0.009344944008699563,2.747093933461159,0.10821199779432833,3.2975886648890596,0.19567696277697283,0.2569061875478654,9.165231630898594,9.161647201949162,0.31977878454979675,0.3162894811940997
periodic_L3d_N125,125,periodic_L3d,4.278576168319181,0.012096527958287357,4.244253151302898,-0.008022065207212825,4.669474390823034,0.09136175379984302,5.547633344282248,0.17880985927672138,0.22358312057742288,17.879361790357024,17.884566004700442,0.44238968949603136,0.43833087393066783
periodic_L3d_N216,216,periodic_L3d,6.7206166156555485,0.017406846536342748,6.703811991841868,-0.002500458629723701,7.304081405373004,0.08681715132481815,8.61084966679067,0.16381021291299094,0.20239178568409577,30.879415800503292,30.88863997498819,0.5820722355515928,0.5861362805533123
periodic_L3d_N512,512,periodic_L3d,13.983664406774825,0.033182813268902524,13.99859616132731,0.001067799835446026,15.082115391043246,0.07855244178602017,17.587139546074983,0.15007978745678582,0.17630853090214724,73.1651754678824,73.18869916138627,0.8969536839463854,0.9164171854351093
periodic_L3d_N1000,1000,periodic_L3d,25.131547458575735,0.05566884539506503,25.040266716977197,-0.003632117829154624,26.802935561877874,0.06650557853857109,31.021034421660847,0.14009511069730055,0.16042180211272064,142.8794774755848,142.87637896749308,1.253933057708279,1.253407067686911
periodic_L3d_N1728,1728,periodic_L3d,40.45553247675067,0.08523403545362539,40.49745774017886,0.001036329541634018,43.1572159888332,0.06678155858250445,49.671311169416256,0.1332493578503247,0.14948262355600248,246.87948470257953,246.88525130965823,1.64857334935328,1.6245267014785938
periodic_L3d_N4096,4096,periodic_L3d,87.30621426253784,0.16622384715684074,87.2210412148319,-0.00097556684166622,92.41291073398124,0.05849178680554279,105.5228372764499,0.12041432855412898,0.13503729504661752,585.1652047384739,585.1947497794523,2.538433949886136,2.5385139499778093
