endpoint,time_fs,atom_index_zero_based,atom_label,element,initial_group,residual_x_eV_per_A,residual_y_eV_per_A,residual_z_eV_per_A,residual_norm_eV_per_A,integrated_Q_meV,signed_Q_rank_descending,residual_rank_descending
B1,1.0,0,Li0,Li,slab_Li,0.00047033365592302756,0.0029694551292754473,0.0003726430268135364,0.0030294785587798665,0.009548425417880988,314,452
B1,1.0,1,Li1,Li,slab_Li,-0.0010288811452205948,-0.0023948133108631503,0.0019293063277308203,0.003242830570828508,0.01336601643896064,298,448
B1,1.0,2,Li2,Li,slab_Li,0.005384314870063411,0.001420955894081477,-0.0052088116987363264,0.0076250692840001974,-0.0030239062787750554,361,405
B1,1.0,3,Li3,Li,slab_Li,0.004374325724740946,-0.007739975430973406,-0.003101485443448293,0.0094160053724562,0.01587282693904672,291,379
B1,1.0,4,Li4,Li,slab_Li,0.00237375031468761,-0.002645486842895464,0.002623214840985724,0.004417527282811086,0.0046634405474483475,330,429
B1,1.0,5,Li5,Li,slab_Li,-0.0013970604839044886,0.002711701384594839,-0.0017519677587203714,0.0035177398173396354,0.01536761038374789,292,441
B1,1.0,6,Li6,Li,slab_Li,-0.0007582799241093868,-0.0021623026666959637,0.002896150109622679,0.003692996983910936,0.0026199496830954165,338,439
B1,1.0,7,Li7,Li,slab_Li,-0.002866906902412314,-0.00044514001878101506,0.005208872175823751,0.005962353073031703,0.003471813852195423,332,418
B1,1.0,8,Li8,Li,slab_Li,-0.0018229800785841722,0.0020372727166260984,-0.000999014606969953,0.0029106299444902244,0.01594093922377352,290,455
B1,1.0,9,Li9,Li,slab_Li,-0.0029868461869500852,-0.00043849708007603905,0.0031238357784511284,0.004344177690249887,0.039846184762928956,237,430
B1,1.0,10,Li10,Li,slab_Li,-1.1141337813991292e-05,-0.0009413222676447203,0.00020270469746636407,0.000962964659448629,0.005778497291787511,327,472
B1,1.0,11,Li11,Li,slab_Li,0.0028150881852392756,0.0026284460581321445,-0.0017238390155700362,0.004219605564834898,-0.005447801801165269,366,432
B1,1.0,12,Li12,Li,slab_Li,-0.00010655462233621904,0.0005273978481616648,-6.488167063526534e-05,0.0005419520356739993,0.0010857228029437498,345,474
B1,1.0,13,Li13,Li,slab_Li,-0.00014434069847002462,-0.0013379759995631735,-0.0036261886869936033,0.0038678493257005603,0.009914690080999499,312,435
B1,1.0,14,Li14,Li,slab_Li,-0.0004257050318730027,-0.0020201168218886845,0.00037390480266524806,0.002098070911503177,-0.006601696202823884,370,465
B1,1.0,15,Li15,Li,slab_Li,0.0028184370369130074,0.00045034311782926606,-0.0008404810688130079,0.002975366310532573,0.023216414013174848,268,454
B1,1.0,16,Li16,Li,slab_Li,-0.0006216827301290112,0.0007567332485703543,0.0015366956214991623,0.0018222425907565652,0.004850652770220763,329,469
B1,1.0,17,Li17,Li,slab_Li,0.0009755629752276063,0.0006607960737889662,0.0017427420711790056,0.002103693061363074,0.006759677621355808,325,464
B1,1.0,18,Li18,Li,slab_Li,-0.0009305725085849426,0.001803568536756086,-0.0062996787294369305,0.006618517715820564,0.05841311790109538,210,412
B1,1.0,19,Li19,Li,slab_Li,-0.00021886177844174237,-0.00039148230061114564,-0.0004521367526750808,0.0006368567443892268,-0.0003011354576256055,351,473
B1,1.0,20,Li20,Li,slab_Li,0.0017304446763301102,-0.0007043770191060492,0.0013476806398351748,0.0023036555449698834,0.012072145276655347,303,462
B1,1.0,21,Li21,Li,slab_Li,0.00033441207584683497,0.0004283716299211121,-0.0014007973526989626,0.001502520187259353,0.0077304197851154575,322,470
B1,1.0,22,Li22,Li,slab_Li,-0.0011893181287379456,-0.0008248342090165367,-0.0013923545714035826,0.0020083526423955327,0.009336120795370762,315,466
B1,1.0,23,Li23,Li,slab_Li,0.0021094765465733967,0.0014060200743854223,0.0014067769767718147,0.0028992766705668604,0.004483671565332809,331,456
B1,1.0,24,Li24,Li,slab_Li,0.0018317566285969145,0.0003456775629029629,-0.0020883247730607013,0.0027992723486081695,0.01173411309510414,305,457
B1,1.0,25,Li25,Li,slab_Li,0.0012956543700680528,-0.0027113645772335743,-0.004443663249702412,0.005364360278179425,0.03498639658117695,241,422
B1,1.0,26,Li26,Li,slab_Li,-0.0022450988150390094,0.0033903878813269783,-0.0012152543175485975,0.004244059581516134,0.031358057461131114,250,431
B1,1.0,27,Li27,Li,slab_Li,0.00028958367421031556,0.0008585251048001674,-0.00045719460632295816,0.0010148649998852504,0.0049910351242139755,328,471
B1,1.0,28,Li28,Li,slab_Li,-0.0037955480486913523,0.003887274500127165,-0.0010334453341961508,0.005530379488609749,0.013752330284125909,297,420
B1,1.0,29,Li29,Li,slab_Li,-0.00021116100149635997,-0.0023649750514637136,0.0018946754536316168,0.0030376785605446986,0.018759156196128612,278,451
B1,1.0,30,Li30,Li,slab_Li,0.003672539111487405,-0.0004865920275593516,-0.0004966643538297927,0.0037377788601058496,0.01119606360432297,308,437
B1,1.0,31,Li31,Li,slab_Li,0.0007497009647205732,0.007147839489576285,0.003344841773839563,0.007927271119198038,0.011756147866560542,304,399
B1,1.0,32,Li32,Li,slab_Li,0.007277558855087934,-0.004833703373698983,0.003533054689180082,0.009423907184969252,-0.04777862048640698,417,377
B1,1.0,33,Li33,Li,slab_Li,-0.004070038058372846,-0.007143772945338999,0.0033252879719210954,0.008868835424528067,0.05351723039118752,218,383
B1,1.0,34,Li34,Li,slab_Li,0.0014675379309248004,-0.0020990791311437246,-0.0015652351367411374,0.0030016265275338945,0.013046650289190675,299,453
B1,1.0,35,Li35,Li,slab_Li,-0.0013635014166426263,0.0026739867876148793,0.0007708462810625408,0.0030989587674819653,0.025956870441904752,263,450
B1,1.0,36,O36,O,initial_EC,-0.005433002721504487,0.027102917507669577,0.006439321467726605,0.02838222184685586,0.05378504117993958,216,169
B1,1.0,37,C37,C,initial_EC,-0.06691003055665212,-0.05775395166324737,-0.008226060772591137,0.08877014812225559,0.7892764867306146,10,6
B1,1.0,38,O38,O,initial_EC,0.00642512198231926,-0.012828233186568205,0.0028524109566231276,0.014628123852432878,0.08884906562596452,184,297
B1,1.0,39,C39,C,initial_EC,-0.007869153415886121,0.02648836219451489,0.002000392426524833,0.02770484573302396,0.016075040487507082,288,175
B1,1.0,40,C40,C,initial_EC,-0.044933625617666895,-0.03400713247208964,0.027846156660118804,0.06285637764668581,0.055278464206766326,215,22
B1,1.0,41,O41,O,initial_EC,0.03228907378318549,0.04265748270766878,-0.043887051163088595,0.06919767609192243,0.4359722443978047,39,18
B1,1.0,42,H42,H,initial_EC,0.025695781802422046,0.010169274784781024,-0.01638796460629066,0.03212869023198896,0.6225399274715872,21,138
B1,1.0,43,H43,H,initial_EC,0.022771103076761084,0.0004741949547103913,0.020297587831677233,0.03050803284337098,0.11952361723180716,148,150
B1,1.0,44,H44,H,initial_EC,0.0040243341398215615,0.0074009962441695665,-0.00682215656824825,0.010840287400103288,-0.08548348207097962,437,356
B1,1.0,45,H45,H,initial_EC,0.017028624102688295,-0.01089084674855001,0.0037964744223449864,0.020566910311725937,0.5363768340452436,30,238
B1,1.0,46,O46,O,initial_EC,0.004572510521664963,0.008003826605906761,0.007302313879227973,0.011759799351983995,0.0010260491130568835,346,339
B1,1.0,47,C47,C,initial_EC,-0.033544979143880105,-0.029661460043399146,-0.014549218126852725,0.047082348983162,0.09615110315625036,169,63
B1,1.0,48,O48,O,initial_EC,0.02938023367408249,0.01861243161002224,-0.005884496962458061,0.03527390034689421,0.12534173448519337,142,116
B1,1.0,49,C49,C,initial_EC,0.008855415477909467,0.02163083927650168,0.008766115462408575,0.024963100195939704,0.03146365161168658,248,195
B1,1.0,50,C50,C,initial_EC,-0.011982488439636618,-0.02690124481645295,0.02512842405843413,0.03871297841217145,0.04431149827337669,228,96
B1,1.0,51,O51,O,initial_EC,-0.0038594883553155768,0.022893551261882528,0.002322209838964806,0.023332445184366005,0.020116211428772166,272,210
B1,1.0,52,H52,H,initial_EC,-0.018956859711870166,0.00938569477953688,-0.0033751634782862583,0.021420679847645112,0.3667074299794588,50,230
B1,1.0,53,H53,H,initial_EC,-0.0055532330655196915,-0.01803437931557228,0.00822364374134621,0.020584109190404747,-0.10027450593408013,440,237
B1,1.0,54,H54,H,initial_EC,0.0009463571427142659,0.006115625453089413,-0.022306011784294255,0.023148534040952042,0.16914409880674824,115,212
B1,1.0,55,H55,H,initial_EC,0.015134731249130118,-0.008817529235738863,-0.01063217123449714,0.02049028982142941,-0.1293623295155985,450,240
B1,1.0,56,O56,O,initial_EC,0.0025729695897446225,0.0351478804762031,-0.023567992346332,0.04239627268659325,-0.0636326059351313,423,83
B1,1.0,57,C57,C,initial_EC,0.016872436861888274,-0.0186026154703558,-0.015860142801357835,0.029703207868440572,0.02581830148135523,264,158
B1,1.0,58,O58,O,initial_EC,0.006924302577026961,-0.01770793434555107,0.019591638064866967,0.027301083990005116,0.06756167554002918,203,177
B1,1.0,59,C59,C,initial_EC,-0.004727230676540239,0.034250482769771606,-0.00018070679447335092,0.034575640771751626,-0.05170442997846107,419,119
B1,1.0,60,C60,C,initial_EC,0.024532171855007445,0.026301631108488932,-0.032101255107690324,0.04820885638946091,-0.022523726287390182,393,57
B1,1.0,61,O61,O,initial_EC,-0.01522443802161827,0.014145986755034423,0.024991856880137386,0.03250362079315127,0.15598808245711993,121,135
B1,1.0,62,H62,H,initial_EC,-5.399369097380813e-05,0.007578666976398307,-0.013686834537335102,0.01564508063610425,-0.1271628251829873,448,287
B1,1.0,63,H63,H,initial_EC,-0.008598664859395255,-0.02822700806799934,0.008226831686457992,0.03063301783096807,0.3429251236697024,57,149
B1,1.0,64,H64,H,initial_EC,-0.009851421205004929,-0.03346271428907088,0.0176882948913325,0.03911111764592197,0.7599917846500056,12,95
B1,1.0,65,H65,H,initial_EC,-0.02022925415884691,-0.02285479505512089,0.0026848726600454467,0.030639401463401057,0.42357428835712563,43,148
B1,1.0,66,O66,O,initial_EC,-0.012443753461627627,-0.0059171704366594025,-0.0038626252575488795,0.014310128583297221,0.08519945083729193,186,302
B1,1.0,67,C67,C,initial_EC,0.011659942072893503,0.023228013133772762,0.027248844046886322,0.0376562656828513,-0.0014629522288488466,354,103
B1,1.0,68,O68,O,initial_EC,-0.002948485848978055,0.017770831904922124,-0.033076307593364995,0.03766348575750148,0.03887962090310122,238,102
B1,1.0,69,C69,C,initial_EC,-0.01627130015638656,-0.04290283221890823,0.0004924315555182926,0.04588736983114074,0.25930448807432155,82,68
B1,1.0,70,C70,C,initial_EC,-0.025818357734989916,0.0032630481089526153,0.02604581940309414,0.036818742339627085,0.08070663099256911,191,111
B1,1.0,71,O71,O,initial_EC,0.02230217227542297,-0.008957365766569164,0.012025913110531083,0.0268745953610616,-0.12592738146649948,447,182
B1,1.0,72,H72,H,initial_EC,-0.013460240276016333,-0.0009604811213017872,-0.014362547642026217,0.01970744445741107,0.12110058928205966,146,245
B1,1.0,73,H73,H,initial_EC,-0.013424891966956815,0.0040628184146482005,0.006972349721611232,0.015663584469568847,0.025193159401810588,266,286
B1,1.0,74,H74,H,initial_EC,0.0016097585000931502,0.0072320383304577684,-0.009497495520070953,0.012045585166176044,0.1084563084800685,162,333
B1,1.0,75,H75,H,initial_EC,0.0022977257753752367,0.0008399217277204052,0.002482663142753784,0.0034854882768284644,0.002907199930140032,335,443
B1,1.0,76,O76,O,initial_EC,0.0007577396158215954,0.003543931571956538,-0.007319766029310559,0.008167777851774903,0.008392839950578072,318,394
B1,1.0,77,C77,C,initial_EC,-0.003060140059157501,0.023129250293065118,0.0058373924607499905,0.024049986009179593,-0.0009083086232971109,352,205
B1,1.0,78,O78,O,initial_EC,-0.02901162612643482,-0.0029608881720952773,-0.0026873904683135663,0.029285890404713185,0.027345329992039702,260,163
B1,1.0,79,C79,C,initial_EC,0.032366259960868504,-0.0019988359644872444,-0.0270268920809682,0.04221401455232313,-0.0794011042370398,433,86
B1,1.0,80,C80,C,initial_EC,-0.024811473678952173,0.01965177031955745,0.04788079935873868,0.05739662228777723,0.07792443749971488,193,40
B1,1.0,81,O81,O,initial_EC,0.028630963107954877,-0.005042450606981996,-0.005796278452223913,0.029643805432309826,0.01932129987906444,276,159
B1,1.0,82,H82,H,initial_EC,0.013067692671443698,-0.001617069915588576,0.012613405996014682,0.018233966043828865,0.050518733753718584,222,260
B1,1.0,83,H83,H,initial_EC,-0.00767941481151313,-0.02111484874656222,0.010477463550834343,0.024790875174074627,0.08105816238094375,190,197
B1,1.0,84,H84,H,initial_EC,-0.002159790785605742,-0.006107177385745732,-0.01382781834254998,0.015269933594260102,-0.35669539677034323,470,291
B1,1.0,85,H85,H,initial_EC,-0.007961439325805354,-0.0034701734195231593,-0.0038429961230743714,0.009497117399611827,0.11904989574530866,149,376
B1,1.0,86,O86,O,initial_EC,-0.005102821117126843,-0.009912654047880887,-0.00042783162984161294,0.011157174083514961,-0.023519957060892424,396,349
B1,1.0,87,C87,C,initial_EC,0.0002588972365844544,0.04219280196119124,-0.003861082875318056,0.042369889380142224,0.17068820489560027,113,84
B1,1.0,88,O88,O,initial_EC,0.024083390565553753,0.005665874974587953,-0.013688223540886058,0.028275065058562338,-0.13693205238798875,452,171
B1,1.0,89,C89,C,initial_EC,0.040945386012925744,0.016593093544251314,0.04286782193535499,0.06155895992133941,0.19750412139399265,98,28
B1,1.0,90,C90,C,initial_EC,-0.03870351153126128,0.012229426698059265,-0.013029650812147686,0.042629713610346724,0.1773115525953728,111,80
B1,1.0,91,O91,O,initial_EC,-0.014364644526052895,-0.006726907106675339,-0.007919923786018801,0.017729057627467033,-0.020352696092486654,391,267
B1,1.0,92,H92,H,initial_EC,0.0117133977881001,-0.005654673701663698,0.013800202751249047,0.018963771206965588,0.2857618387810381,75,253
B1,1.0,93,H93,H,initial_EC,0.00981909468287731,-0.029405616673668145,-0.029091484535257506,0.042513755242452364,1.4126192081345155,3,81
B1,1.0,94,H94,H,initial_EC,0.008323596268295402,-0.01023915534527955,0.00393119142523779,0.013768689953812275,0.15103736233857662,124,314
B1,1.0,95,H95,H,initial_EC,-0.019502979404130788,-0.006502642914900783,-0.009733353207186601,0.022746180672203162,0.33363385781645055,61,217
B1,1.0,96,O96,O,initial_EC,-0.01184129101354714,-0.001810479722665459,0.005499075979095214,0.013180813568120786,-0.014047320134649413,380,320
B1,1.0,97,C97,C,initial_EC,0.019525551219027493,-0.013954966092849741,-0.018494871923410594,0.03029931544643894,0.10995507819141627,160,153
B1,1.0,98,O98,O,initial_EC,0.023078736368587482,0.04603283987899383,0.02874809184275054,0.05897544577444978,-0.017685157873473654,387,37
B1,1.0,99,C99,C,initial_EC,-0.018044309682819115,0.010243597148359873,0.005976857456073681,0.021592851120627626,0.03060646933890652,252,227
B1,1.0,100,C100,C,initial_EC,0.004811767910559747,-0.01173800914487333,-0.01391022366964767,0.018826266003906585,0.05034835132927879,223,255
B1,1.0,101,O101,O,initial_EC,-0.007033418189581531,0.017948178014801655,0.012815692192208239,0.023148391560667298,-0.018716925505147638,389,213
B1,1.0,102,H102,H,initial_EC,-0.0036580924235595502,-0.015402534156571668,0.018839782017532336,0.024608069511682453,0.28557197867195555,76,201
B1,1.0,103,H103,H,initial_EC,-0.00331424945096484,-0.011699670189090988,-0.02138992809276527,0.02460478725310166,0.4086124449495503,47,202
B1,1.0,104,H104,H,initial_EC,-0.004149168984527218,-0.014489117586607675,0.015712122922641902,0.02177202191889664,0.10070199105415455,165,224
B1,1.0,105,H105,H,initial_EC,-0.006414259827619562,0.0027282090694594474,-0.0251116473030496,0.02606109522133813,0.35336437175010704,54,188
B1,1.0,106,O106,O,initial_EC,-0.0008612449068101657,0.0036681303501026018,0.0016654901121611054,0.004119560700919055,-0.014478550707840493,381,433
B1,1.0,107,C107,C,initial_EC,0.0029114200041460148,0.0016966727774436752,-0.00738686700506741,0.008119166774048527,0.018003993568255227,281,397
B1,1.0,108,O108,O,initial_EC,0.009715683989782842,-0.000601456443100612,0.012324105766153282,0.015704771509882035,-0.05336634286997058,420,284
B1,1.0,109,C109,C,initial_EC,-0.06132280561231296,0.01515929209971656,-0.016320156263519403,0.06524291628671838,0.029005878449656033,256,21
B1,1.0,110,C110,C,initial_EC,0.02321741691288237,-0.00943489770745179,0.03236660571520217,0.040934861773066156,0.11142237651248223,159,91
B1,1.0,111,O111,O,initial_EC,-0.018251488374675384,-0.011817863603145184,-0.019793631729181915,0.029403513141526668,-0.10007489267957914,439,162
B1,1.0,112,H112,H,initial_EC,0.023220084942120772,-0.030476884853601085,-0.0019162255885479262,0.038362543914672406,0.6190975859902922,22,98
B1,1.0,113,H113,H,initial_EC,0.02432227647925367,0.021317259405917055,-0.00092967165665514,0.03235526187657277,0.2142037159296545,93,137
B1,1.0,114,H114,H,initial_EC,0.013748539022502837,0.002837715930370799,-0.010463648255557956,0.017508937482634535,-0.12885998192134945,449,271
B1,1.0,115,H115,H,initial_EC,-0.00029783646946446307,-0.023255447672239915,-0.013199515050110078,0.02674194739649516,0.5555960354582583,26,183
B1,1.0,116,O116,O,initial_EC,-0.027966216113848627,0.03136745436913248,-0.0376335180546552,0.056411950139098666,0.3464735602289101,56,42
B1,1.0,117,C117,C,initial_EC,0.07570740543634696,0.00010610625601326085,0.07139583291892015,0.1040624209531344,0.32515159376306624,63,3
B1,1.0,118,O118,O,initial_EC,-0.020559582293846912,0.01087271869108608,0.023875004045350534,0.03333059036378534,0.1509756021309165,125,129
B1,1.0,119,C119,C,initial_EC,0.012217122972876082,0.06033022187873627,0.0073962913520151385,0.06199757165757235,0.33815304675341323,59,25
B1,1.0,120,C120,C,initial_EC,0.03175324735887923,-0.047840315291875046,0.023774385610577653,0.06214648740050097,0.1256320436985876,141,24
B1,1.0,121,O121,O,initial_EC,-0.05438474548362704,-0.0024263127329919865,-0.0030831184853049587,0.05452607774626376,-0.08657056396613921,438,46
B1,1.0,122,H122,H,initial_EC,0.023057915993515032,-0.010895302105223978,-0.010508604209666983,0.027582709445656804,0.42895819362708976,41,176
B1,1.0,123,H123,H,initial_EC,-0.019196377006659104,-0.013808831631816454,-0.03791580515579929,0.044685489835406086,0.9554722784941171,7,72
B1,1.0,124,H124,H,initial_EC,0.008827192939199924,-0.015466332756585044,-0.01917148716913821,0.026166251248501523,0.7434995009846643,13,187
B1,1.0,125,H125,H,initial_EC,-0.026623807937163124,0.012644486697968249,0.0019935803832209498,0.02954123483665518,0.5525081364713232,27,161
B1,1.0,126,O126,O,initial_EC,0.009613118174230967,0.0042421502596984295,0.0010054021581084593,0.010555506305105327,0.06015690730592666,209,359
B1,1.0,127,C127,C,initial_EC,-0.041112322195714146,0.009263407768799525,0.003042607919514828,0.042252706691609236,0.002646507051350353,337,85
B1,1.0,128,O128,O,initial_EC,0.00917534429879574,0.0003236990495767422,-0.011517879435442469,0.014729333683691496,0.008685742493702924,316,295
B1,1.0,129,C129,C,initial_EC,0.05849945847237997,0.01772029710229972,0.03882667235595472,0.07241343837432482,0.6014506318861652,23,16
B1,1.0,130,C130,C,initial_EC,-0.022837049642561613,0.011926608581004139,-0.038934830466200054,0.04668721293944462,0.15549491902658127,122,64
B1,1.0,131,O131,O,initial_EC,0.0036398151765950626,-0.007142505959823131,0.012617143891526905,0.014948443594079465,0.052406211618271775,219,293
B1,1.0,132,H132,H,initial_EC,0.009708531254460362,-0.020966038210161353,0.01728924985153929,0.028857382032639947,0.6334306559499239,19,166
B1,1.0,133,H133,H,initial_EC,-0.006528009211188512,0.009738652454820446,-0.0016270920217095197,0.011836540218503595,-0.007978457383956628,372,338
B1,1.0,134,H134,H,initial_EC,0.008616777214155213,-0.01078335376982853,0.0038616244779219877,0.01433323800444777,-0.17960405823034636,459,301
B1,1.0,135,H135,H,initial_EC,-0.030660542962365256,-0.01164393404497277,-0.007913702026630887,0.033738357614991034,0.3572280386914266,51,126
B1,1.0,136,O136,O,initial_EC,0.0006068578611719833,-0.01170258527862747,0.007353193318963225,0.013834313523021662,-0.012049858043739863,379,312
B1,1.0,137,C137,C,initial_EC,0.041563240206600405,-0.024077759533139897,-0.012308045492993358,0.04958557677858419,0.1855126825365588,102,55
B1,1.0,138,O138,O,initial_EC,-0.007496647885886526,-0.001407001505196681,5.829339484841878e-05,0.007627763819133075,-0.01781160480214773,388,404
B1,1.0,139,C139,C,initial_EC,0.044096076290329744,-0.02169144628950187,-0.007178859984416003,0.049664059610635684,0.057593412065014206,212,54
B1,1.0,140,C140,C,initial_EC,-0.028549745953823646,0.04832013257416623,-0.00890950228082757,0.05682695167704266,0.31385415631773633,67,41
B1,1.0,141,O141,O,initial_EC,-0.00920264042473179,0.003529958213761175,0.009966596480693868,0.014017212318674033,-0.006713903477271577,371,309
B1,1.0,142,H142,H,initial_EC,0.007179349926250689,0.0033555928028230486,0.01384465268424967,0.015952350183261875,0.15973256057681004,119,281
B1,1.0,143,H143,H,initial_EC,-0.038840533337482164,0.004086184625481298,-0.014464622475148792,0.04164743975422934,1.8301124729187261,2,88
B1,1.0,144,H144,H,initial_EC,-0.0033248109436944118,-0.005282515018492917,0.007174409663159076,0.009509547136785415,0.0710472056465872,196,375
B1,1.0,145,H145,H,initial_EC,0.009495481186649335,-0.0008265410776502335,0.013304531385519403,0.016366364547672936,0.07063478905999589,197,279
B1,1.0,146,O146,O,initial_EC,-0.0023326107395873485,-0.0013756413071575602,-1.8632106566496276e-05,0.0027081006302926603,-0.006521299818742603,369,459
B1,1.0,147,C147,C,initial_EC,-0.02725495414225354,-0.004597254817571006,0.023760685256102754,0.03644910754728574,0.055576234408271356,214,113
B1,1.0,148,O148,O,initial_EC,-0.00014001054479051422,0.006407622301635385,-0.009372765286940185,0.01135455660240146,0.0019903234749871763,340,344
B1,1.0,149,C149,C,initial_EC,-0.0350747382291563,0.021845135393549153,0.010766051152619527,0.04270076181553618,-0.18031955554958,460,78
B1,1.0,150,C150,C,initial_EC,-0.07565019013721985,0.009530891124416449,0.0010678753615684933,0.07625568510747799,0.4812704802585215,34,12
B1,1.0,151,O151,O,initial_EC,0.08165222460679322,-0.015406046134105233,-0.05164186761711109,0.09783309527817065,0.686936137494287,15,4
B1,1.0,152,H152,H,initial_EC,0.022948069892130718,-0.021223026942959633,0.00035716922923757777,0.0312595322142546,-0.4632665103573786,472,141
B1,1.0,153,H153,H,initial_EC,0.009538538658782778,-0.003030098904288736,-0.00037422924575208905,0.010015251701442232,0.13241204797805622,135,365
B1,1.0,154,H154,H,initial_EC,0.01079984083090757,-0.028101969921046077,-0.003707811799945171,0.03033323497024558,0.17692862547197366,112,151
B1,1.0,155,H155,H,initial_EC,0.02892290341199244,0.02076732256031044,0.05030141872975906,0.06162831130519462,0.4396560350329755,38,27
B1,1.0,156,O156,O,initial_EC,0.009613345553033607,-0.04303146542031522,0.013029988384830937,0.04597721203216486,0.1485673044384081,128,67
B1,1.0,157,C157,C,initial_EC,-0.028737692774017165,0.10970293036297663,-0.045794684675926345,0.12230184406118094,0.6441686530815945,17,1
B1,1.0,158,O158,O,initial_EC,-0.02458967359222386,-0.04986306945080232,0.026756646111133597,0.06170004743550922,0.1667508801276321,116,26
B1,1.0,159,C159,C,initial_EC,0.04785805818046296,0.03571810550512455,-0.002858829966304932,0.059785865406934015,0.01016341398091098,311,32
B1,1.0,160,C160,C,initial_EC,0.0014306015511908465,0.011231569275674147,0.0065235650321338046,0.013067198242967622,-0.02764433131922505,398,322
B1,1.0,161,O161,O,initial_EC,0.0130973826810519,-0.030092065767664877,0.019400166142940378,0.038124012139766676,0.026344693250875587,261,100
B1,1.0,162,H162,H,initial_EC,-0.004838993654604995,0.005955170317802294,-0.007719531145763847,0.010884441842086298,0.0914156647494845,181,355
B1,1.0,163,H163,H,initial_EC,-0.009060898353711482,-0.01392125960021351,-0.01929191829371868,0.025457404802617756,0.3732666230337807,49,193
B1,1.0,164,H164,H,initial_EC,0.007301237996971521,-0.011649235878019804,0.0026713730388377988,0.014005320658335318,0.10094749067862234,164,310
B1,1.0,165,H165,H,initial_EC,-0.010626463354234061,-0.010711337381596353,0.009201764418032277,0.01767277398503777,0.2862425984648002,74,269
B1,1.0,166,O166,O,initial_EC,0.020218188014828997,-0.0157161191710411,0.023615560376863964,0.034834842045208814,-0.1344325618422442,451,117
B1,1.0,167,C167,C,initial_EC,-0.04586674407287217,0.027168825356303383,0.0005963381771363352,0.053312839938509916,0.11717787846736817,150,48
B1,1.0,168,O168,O,initial_EC,-0.002297566531090589,0.014453887838586393,-0.019147451241164237,0.02410017789660452,0.05718979941348223,213,203
B1,1.0,169,C169,C,initial_EC,-0.013529432317088919,-0.07363121710673814,-0.0037194594671706716,0.0749562275609587,0.2717748057226786,80,14
B1,1.0,170,C170,C,initial_EC,0.05775915298397516,0.08853385077011211,0.026477602991986204,0.10897442794441255,0.5762259020538757,25,2
B1,1.0,171,O171,O,initial_EC,0.01019590218026653,-0.027331055839575846,-0.02479552038906176,0.03828525650873916,-0.0413039840859162,412,99
B1,1.0,172,H172,H,initial_EC,-0.009377614273240409,-0.0022556997416815494,0.0013826732381287121,0.009743696221955084,-0.008924448256122992,374,370
B1,1.0,173,H173,H,initial_EC,-0.004069777303926658,-0.009248235434096752,0.004385944112073437,0.011014964897913699,0.018272499842998512,279,353
B1,1.0,174,H174,H,initial_EC,-0.015021412243574173,0.0047665208824761995,0.01435213730452116,0.021315402701387313,0.41152939946474654,46,232
B1,1.0,175,H175,H,initial_EC,-0.009257257075400371,-0.016375218503446254,-0.019309474250050307,0.02695738090781474,0.32778304059701385,62,180
B1,1.0,176,O176,O,initial_EC,-0.01062303021715158,0.012256327599737826,-0.015015904283742332,0.02210302510257639,0.1474749462239213,129,220
B1,1.0,177,C177,C,initial_EC,0.0006427567083443497,0.023009548031371285,0.002438957379232276,0.02314737457881164,0.07611637232620687,195,214
B1,1.0,178,O178,O,initial_EC,-0.0038747554965092856,0.012816198648544608,-0.03172809628845141,0.03443749079195419,0.040569016070360044,235,121
B1,1.0,179,C179,C,initial_EC,0.04535562810227772,0.009031727263075329,0.0016974046987225933,0.04627727607171741,0.06259621408700441,207,66
B1,1.0,180,C180,C,initial_EC,0.025894231234329462,-0.009360170510416488,-0.006273674268416435,0.02823974135907028,-0.03701300189387966,408,172
B1,1.0,181,O181,O,initial_EC,-0.0359468455546158,-0.013069750471253805,0.020602465884286714,0.043444857960654434,0.1226265911202432,145,75
B1,1.0,182,H182,H,initial_EC,-0.0013512018354018829,-0.01082178738597106,0.007336299789519968,0.013143748446651985,-0.22998396680458444,462,321
B1,1.0,183,H183,H,initial_EC,-0.019537115212693523,-0.022357985873121766,-0.005646116355615183,0.030223451706215133,-0.5320026106311335,474,156
B1,1.0,184,H184,H,initial_EC,-0.004840343470924324,0.011845375906929356,0.0013781749850918512,0.012870167892553505,0.025658350329840304,265,324
B1,1.0,185,H185,H,initial_EC,0.012221585886991404,-0.012371873318072907,0.0152877101903455,0.023154794187285395,0.08055634448820116,192,211
B1,1.0,186,O186,O,initial_EC,0.026519039779514753,-0.013137540942659509,0.012303540462626883,0.032050453362831514,0.1827374614999521,106,139
B1,1.0,187,C187,C,initial_EC,-0.06327283633856384,0.04466873695426224,-0.014107595495548186,0.07872593048088901,0.5382654336706133,29,9
B1,1.0,188,O188,O,initial_EC,0.008144413636797708,-0.017645419345676094,0.024274654359462522,0.03109583801159553,0.14034983482248925,131,142
B1,1.0,189,C189,C,initial_EC,0.027242623226916868,-0.0014089600011964742,-0.02413378039315521,0.036422315201449854,-0.2372705423588046,463,114
B1,1.0,190,C190,C,initial_EC,-0.0015432431976094563,-0.020674033666290947,-0.042272969546387595,0.047082918578521794,0.06684641728897944,204,62
B1,1.0,191,O191,O,initial_EC,0.01665994376430302,0.0036817945186973233,0.025467302089535515,0.030654409353750543,0.1167397720419056,152,147
B1,1.0,192,H192,H,initial_EC,0.001223892725687549,-0.01277105261802347,0.0007402764783595028,0.01285090298931275,0.18379813065772269,104,325
B1,1.0,193,H193,H,initial_EC,-0.007184691278187716,0.005483130446689577,-0.0009369676210865541,0.009086386332379086,0.0001681407126569451,349,381
B1,1.0,194,H194,H,initial_EC,-0.0030084489249840862,0.010831011575738902,0.0053911773664216955,0.012467011273125793,0.02305269134707107,269,328
B1,1.0,195,H195,H,initial_EC,-0.0035492509667044703,0.01218540795506945,0.006371429142928653,0.014201283701816642,0.113499985492526,157,305
B1,1.0,196,O196,O,initial_EC,-0.009690746833825425,0.020348306740629152,0.012301168877268509,0.025676505158512337,-0.016188574343836436,385,191
B1,1.0,197,C197,C,initial_EC,0.0010939515285892654,-0.042383497595129604,-0.043301589460534196,0.0606018584546044,0.16916386018714338,114,30
B1,1.0,198,O198,O,initial_EC,0.005630564609458655,0.05439637006801023,0.02076252928788977,0.05849573451823379,0.14569508023354838,130,39
B1,1.0,199,C199,C,initial_EC,-0.008221433294974823,-0.008199858604715837,-0.015150775325612903,0.019088625920381325,0.016032762163061133,289,251
B1,1.0,200,C200,C,initial_EC,-0.007095647825767659,-0.009783233104558083,-0.013979868963166497,0.01847962673521163,0.09369677192929837,176,257
B1,1.0,201,O201,O,initial_EC,-0.0021413646976788103,0.01639543497352497,-0.0017055084838251133,0.016622409269656135,-6.187732136628848e-05,350,277
B1,1.0,202,H202,H,initial_EC,0.02305185805534371,-0.0037783712654818613,-0.001920228613955438,0.023438249233963423,0.31683618881010794,66,209
B1,1.0,203,H203,H,initial_EC,-0.008148522105383638,-0.00881120832970772,0.032177405833033856,0.03434270302226075,0.5805446709499492,24,122
B1,1.0,204,H204,H,initial_EC,0.015162884982048153,-0.0005248502311034908,-0.00923884875979969,0.01776358283540691,0.1875900983841806,101,266
B1,1.0,205,H205,H,initial_EC,-0.0113038365006157,-0.01290844138787306,0.014882473932615214,0.022713269448755662,0.5079694855382029,31,218
B1,1.0,206,O206,O,initial_EC,0.006551587455726038,-0.017110591876950076,-0.0241515660579954,0.03031491045052405,-0.07099991773846993,428,152
B1,1.0,207,C207,C,initial_EC,-0.015089721814361301,0.053737118330905,0.02045494788747737,0.059445626281703114,0.11418403047020123,156,33
B1,1.0,208,O208,O,initial_EC,0.005960930708367562,-0.05766948047644571,-0.0521257743414246,0.07796408162754327,0.16667596239178561,117,10
B1,1.0,209,C209,C,initial_EC,-0.046071328900901154,0.038907517950739656,-0.005523332754997945,0.06055468193711013,0.06833808521366619,200,31
B1,1.0,210,C210,C,initial_EC,0.04967557969378422,-0.03868146260084626,0.04997322457667841,0.08038185082122276,0.008332188472312804,320,8
B1,1.0,211,O211,O,initial_EC,0.013456359838833198,0.021274897840635187,-0.0002573513022846585,0.025174612766325016,0.09490806542383794,172,194
B1,1.0,212,H212,H,initial_EC,-0.017206865316492702,-0.008729639660059824,0.018720967587193327,0.02688414867566299,0.35592916363541216,52,181
B1,1.0,213,H213,H,initial_EC,0.011372660260591666,0.007164977012815488,-0.007799073103977455,0.015540265064605551,0.01791373399649714,282,289
B1,1.0,214,H214,H,initial_EC,-0.01674270609236883,-0.012885751978539028,-0.012705716918816723,0.024653520109083255,0.42595849066351754,42,200
B1,1.0,215,H215,H,initial_EC,-0.005319864113090933,0.005424534315796203,0.0014987232299638609,0.0077442041582745395,0.022997097044966316,270,401
B1,1.0,216,O216,O,initial_EC,0.01817333685663603,0.010009856115603899,-0.0014120627827619858,0.020795704202125974,0.15879079771464535,120,235
B1,1.0,217,C217,C,initial_EC,-0.0918400037294349,-0.002188180103747328,0.016717448494651677,0.09337476908330422,0.3484599983692196,55,5
B1,1.0,218,O218,O,initial_EC,0.030572656959277245,-0.013126862698854325,-0.0030927414895896566,0.03341507036930561,-0.08467081830244318,436,128
B1,1.0,219,C219,C,initial_EC,0.029641616925378367,0.03303390504934739,-0.005935860807162796,0.04477832936010663,-0.029102177032677416,401,70
B1,1.0,220,C220,C,initial_EC,0.0021291471990694255,-0.03385077126161071,0.0240332483019383,0.04156927960337796,0.012465972436348657,301,90
B1,1.0,221,O221,O,initial_EC,0.025117446483232442,-0.008456438877761152,-0.008432788604399721,0.02781203696203947,0.08241331207506797,188,174
B1,1.0,222,H222,H,initial_EC,-0.006819934536039978,-0.00491064171820893,-0.005792116633038108,0.010206592195791966,0.23271842454382788,88,360
B1,1.0,223,H223,H,initial_EC,-0.004633258415357638,-0.002134809121409398,0.002255699441625708,0.00557787356429721,0.11471546263436205,155,419
B1,1.0,224,H224,H,initial_EC,-0.0031371683633292236,-0.013038608320889655,0.005430752984346587,0.0144685939283137,0.24487247881877178,84,299
B1,1.0,225,H225,H,initial_EC,0.000700509008700112,0.00821589566160244,0.0007896203943114077,0.008283426510854086,0.06860066463857119,199,393
B1,1.0,226,O226,O,initial_EC,0.0012895244960204333,0.013361740621656182,-0.001768580460365543,0.013539825062054547,0.02606623712415548,262,319
B1,1.0,227,C227,C,initial_EC,-0.01281642588884413,-0.0716885448620257,-0.00362886479932778,0.07291554633087999,0.288642853364324,72,15
B1,1.0,228,O228,O,initial_EC,-0.006901503810979204,0.004799709559990761,0.032181190879082555,0.033261043475952067,0.13988308609967529,132,130
B1,1.0,229,C229,C,initial_EC,0.020674812037283913,0.03774311898631311,-0.001653344865984674,0.043066511732875304,0.12393520762737535,144,77
B1,1.0,230,C230,C,initial_EC,0.02862574415268271,-0.03602462627841618,-0.03725329209028594,0.05920316459749903,0.20415791258234287,95,36
B1,1.0,231,O231,O,initial_EC,-0.005440521470973125,0.014709771285418949,-0.0005185800438695098,0.015692213687283102,0.01700176257165447,285,285
B1,1.0,232,H232,H,initial_EC,-0.007364673173302361,0.011687073734066189,0.00757126945671055,0.01575278466180432,0.09522263418925096,170,282
B1,1.0,233,H233,H,initial_EC,-0.016296437633087024,0.001329953133230144,0.003038707516215433,0.016630586226431942,0.28634770253370273,73,276
B1,1.0,234,H234,H,initial_EC,-0.008151916189097969,0.007987781521087173,-0.002255953211048073,0.011633903733190221,0.12455860812530932,143,340
B1,1.0,235,H235,H,initial_EC,-0.00977455646655212,0.017180340810920125,0.008973000849011759,0.02170762098281498,0.4222627369565948,45,225
B1,1.0,236,O236,O,initial_EC,-0.013063872787388853,0.0041465087389622735,-0.016585857255173808,0.02151624892532086,-0.034323293446273336,406,228
B1,1.0,237,C237,C,initial_EC,0.05625959911799194,-0.021060173982576202,0.032966265635530956,0.06852333975402781,0.053578706713355594,217,19
B1,1.0,238,O238,O,initial_EC,0.007671873216025693,0.010245429960498584,-0.008913252632823165,0.015597196742196449,0.0016686454215648204,342,288
B1,1.0,239,C239,C,initial_EC,3.392821812742142e-05,-0.07539572375516201,0.0031280126307459133,0.07546059087170463,0.3416084155295703,58,13
B1,1.0,240,C240,C,initial_EC,-0.01665537319095134,0.05565979377279484,0.011570946982551511,0.05923935273982093,-0.18840326368094254,461,35
B1,1.0,241,O241,O,initial_EC,-0.01035858543799556,-0.0005802761907781617,-0.018334131644820895,0.021066024682019638,0.09265911791032692,179,233
B1,1.0,242,H242,H,initial_EC,-0.014917613366798838,0.007457832327387837,-0.03144454272583874,0.03559373145403309,0.14974905080797352,126,115
B1,1.0,243,H243,H,initial_EC,-6.56047959415873e-05,0.030888308031144396,0.02010923758366831,0.03685747296292202,0.8439099310780154,9,109
B1,1.0,244,H244,H,initial_EC,-6.670500104238863e-05,-0.013455577302470146,-0.0067819381357391295,0.015068234633722245,-0.010206012658314997,377,292
B1,1.0,245,H245,H,initial_EC,-0.0036926714397391702,0.006973640448307061,-0.0033114494698456842,0.008557638754672397,0.08953368871164268,183,390
B1,1.0,246,O246,O,initial_DMC,0.00043815143966352554,0.0006847092953428113,0.01121768140466245,0.011247096496417098,-0.00230122985072896,357,347
B1,1.0,247,C247,C,initial_DMC,-0.018263958476255837,0.02363786705886939,0.004859492976024171,0.030264428134349545,0.020007253738690847,274,154
B1,1.0,248,O248,O,initial_DMC,0.01483547655197523,-0.026866046867444426,-0.03480750378954367,0.04640515228794131,0.08265275266472139,187,65
B1,1.0,249,C249,C,initial_DMC,0.02580865566049817,-0.0009464879498755074,0.05014171878065987,0.05640190164099259,0.0161572377451894,287,43
B1,1.0,250,O250,O,initial_DMC,-0.0006927546768481507,-0.008930078032335587,-0.010266563073320967,0.013624555774203255,-0.028310051659443947,400,317
B1,1.0,251,C251,C,initial_DMC,-0.008255728390590078,-0.041271861299550294,0.0363151946599074,0.055590619258787534,0.27812977598498245,79,44
B1,1.0,252,H252,H,initial_DMC,0.0010056161854663515,-0.0027788172837106134,-0.008110251152892656,0.008631874835267098,-0.15313204092872693,455,389
B1,1.0,253,H253,H,initial_DMC,-0.012467051077394764,0.004185324691165282,-0.0125604306942219,0.018185398663796166,0.3194389961787609,64,261
B1,1.0,254,H254,H,initial_DMC,0.0011257936183072248,0.006317045796411014,-0.0016184834865348163,0.006617549974209581,-0.00922639812703524,375,413
B1,1.0,255,H255,H,initial_DMC,0.0020678753078466894,-0.0007091612878107889,-0.009419116674646455,0.009669476560369459,0.2782593666024054,78,372
B1,1.0,256,H256,H,initial_DMC,-0.000433329603464927,0.030732684532992716,-0.020292672392820565,0.03683039812426728,1.0040803966203862,6,110
B1,1.0,257,H257,H,initial_DMC,0.0035956859104434025,0.011947325475731116,-0.007169456716668049,0.014389880221940403,0.09967298041245809,166,300
B1,1.0,258,O258,O,initial_DMC,0.010536612999056616,-0.010870446548574275,-0.014150305775208594,0.020722402736873948,0.04596026698529613,226,236
B1,1.0,259,C259,C,initial_DMC,-0.02213083680829897,0.0017483707687220296,0.03324142187229373,0.03997277656446059,0.18176488006967936,107,94
B1,1.0,260,O260,O,initial_DMC,0.014568276987002249,-0.0008043206912320411,-0.005881742947362545,0.015731386659897862,0.04194992246309109,232,283
B1,1.0,261,C261,C,initial_DMC,-0.010937608868915039,0.01316056024243406,0.006815049398366968,0.018419460686086523,0.011560379179283403,306,258
B1,1.0,262,O262,O,initial_DMC,-0.02407573936319496,0.014935350585822293,-0.01720477444183688,0.03314679753159272,-0.05889313200519219,422,131
B1,1.0,263,C263,C,initial_DMC,0.030086895349869164,0.005669362532134223,-0.012471672201696982,0.03305912205158097,0.1387401763928101,133,133
B1,1.0,264,H264,H,initial_DMC,-0.004316012653668211,0.00033840100082951907,-0.006910646925806618,0.00815472387007353,-0.05088332028951515,418,395
B1,1.0,265,H265,H,initial_DMC,-0.0005283912986522032,-0.011783731233442951,-0.00157920125831007,0.01190081492002789,-0.07257231401789342,429,336
B1,1.0,266,H266,H,initial_DMC,0.00035975201639948384,-0.003958519641684616,0.02132504931770468,0.021692326469732178,0.26716880281538685,81,226
B1,1.0,267,H267,H,initial_DMC,0.0004432038519473491,0.003234571579453699,0.010868827963181227,0.011348581596403172,-0.0028532942980876363,360,345
B1,1.0,268,H268,H,initial_DMC,-0.0035684102531736706,-0.010626912530473764,-0.0041869763128047355,0.01196643607383933,0.23679063616069704,86,334
B1,1.0,269,H269,H,initial_DMC,0.00313946322839824,0.005106771461147019,0.0029988064156116767,0.006702848949302387,0.06824533769163277,201,411
B1,1.0,270,O270,O,initial_DMC,-0.01796533343537554,-0.0007003576930271205,0.006558103936391779,0.01913772278989645,0.15217897752165083,123,250
B1,1.0,271,C271,C,initial_DMC,0.057212622410581115,0.003963057371176193,-0.015463403166771417,0.05939786885336105,0.20374005347993043,96,34
B1,1.0,272,O272,O,initial_DMC,-0.011052330016495415,0.0026158182108527717,0.0046201859504505505,0.012261428217075496,0.01819303763214575,280,329
B1,1.0,273,C273,C,initial_DMC,0.02136643072470701,-0.006722258107889845,0.015381370714773357,0.027171670560495204,0.08129884762594351,189,179
B1,1.0,274,O274,O,initial_DMC,-0.043444265529825055,0.01707803421685454,-0.01757467260955914,0.0498791797995034,0.1271098621020402,138,53
B1,1.0,275,C275,C,initial_DMC,0.061300105492141044,-0.014024966722952392,0.05237590101582468,0.0818390959880851,0.5436793084717422,28,7
B1,1.0,276,H276,H,initial_DMC,-0.0071348044561232934,0.0029196770676577014,0.0065662117903220185,0.010126454763730837,0.030092050169578072,254,363
B1,1.0,277,H277,H,initial_DMC,-0.0011318486817462198,-0.011283721588026763,-0.001626495934587413,0.011456393120860563,0.11271262924687751,158,343
B1,1.0,278,H278,H,initial_DMC,0.0032630383804470933,-0.0011567093802100081,0.00016600936360201823,0.0034659710286354325,0.02996735522620969,255,445
B1,1.0,279,H279,H,initial_DMC,-0.012461241202188944,0.026113686116595425,0.01037218638844619,0.03073742645980415,0.7040503905919256,14,144
B1,1.0,280,H280,H,initial_DMC,-0.03188441379716472,-0.023901867910800886,-0.012101229337719621,0.04164558661248857,0.640584153099754,18,89
B1,1.0,281,H281,H,initial_DMC,0.012029382913392395,-0.013136673388466913,-0.04381425618413792,0.04729658852350283,1.9260865522026838,1,59
B1,1.0,282,O282,O,initial_DMC,0.0068933396609460185,-0.006860150625427358,0.0015711104875044402,0.009851303794354794,-0.03911309373197915,410,367
B1,1.0,283,C283,C,initial_DMC,-0.018142779164995904,-0.014350242193495066,0.029459009411911354,0.037455615365027145,0.09130867463592393,182,106
B1,1.0,284,O284,O,initial_DMC,-0.006962441468154265,0.012912644146497732,-0.015038697226218034,0.02100891202117364,0.0426421331575742,230,234
B1,1.0,285,C285,C,initial_DMC,0.014543179965611053,-0.005367204157276317,-0.0057956031973949995,0.016549923878969655,0.011324031412562436,307,278
B1,1.0,286,O286,O,initial_DMC,0.006992235393631432,0.003047939276739964,-0.0042061480876003365,0.008710509248572681,0.012575244680125093,300,387
B1,1.0,287,C287,C,initial_DMC,-0.01136645132231738,0.022984797089909748,-0.007173399827227922,0.026626204724072254,-0.12009048991367695,446,184
B1,1.0,288,H288,H,initial_DMC,0.00030292890445021703,0.0024017064969458213,-0.0012378110652597751,0.002718848331905021,0.007852099234220514,321,458
B1,1.0,289,H289,H,initial_DMC,0.0027329775004487633,0.0013749076738079347,-0.0096900521810524,0.010161527857609478,0.03871959315050548,239,361
B1,1.0,290,H290,H,initial_DMC,0.0025774748121404,5.275350930403211e-05,0.0112012672907561,0.011494109285147963,0.10214543593539797,163,342
B1,1.0,291,H291,H,initial_DMC,-0.0005359804968130266,-0.0001592042998108112,-0.0019190476736693392,0.0019988409331054566,0.016825260120026657,286,467
B1,1.0,292,H292,H,initial_DMC,0.003028316067681336,0.0010020319628608054,0.001046260099996102,0.0033569966424194532,0.008379340242226035,319,446
B1,1.0,293,H293,H,initial_DMC,0.004488735117883724,-0.019018821949818715,0.0014401996880853973,0.019594348839882127,-0.2795184868957915,466,246
B1,1.0,294,O294,O,initial_DMC,-0.026788584392253068,-0.004242277333476947,-0.009324438135206892,0.02868048669831629,-0.07034016031493015,426,168
B1,1.0,295,C295,C,initial_DMC,0.025050651232048526,-0.008666623522547878,0.008540634786131651,0.027849379400291786,0.1852248845828524,103,173
B1,1.0,296,O296,O,initial_DMC,0.00570547558410614,-0.010987307712733374,-0.005720076237473393,0.013637912398077257,-0.08063278302844887,434,316
B1,1.0,297,C297,C,initial_DMC,0.03245728094540712,0.022489313471419914,-0.020601519959490222,0.04453837594059926,-0.16182029908247964,456,73
B1,1.0,298,O298,O,initial_DMC,-0.014524208675350758,-0.01016738317120025,-0.013586939605098158,0.022336813694610186,0.0016459573450142248,343,219
B1,1.0,299,C299,C,initial_DMC,0.04220498598657696,-0.034896774080477866,0.02121273336603169,0.058728406586671694,-0.26582852443471594,464,38
B1,1.0,300,H300,H,initial_DMC,-0.017764818077949274,-0.007059388909305575,0.032293540420048616,0.037527276559547636,-0.3655093337613895,471,105
B1,1.0,301,H301,H,initial_DMC,-0.001105236517184971,0.006022731893361888,-0.006697118433027005,0.009074483044461967,0.11707274574095672,151,382
B1,1.0,302,H302,H,initial_DMC,-0.010572058386651706,-0.005485095413292118,-0.002244870371915897,0.01211998899382325,0.17844638240640695,109,332
B1,1.0,303,H303,H,initial_DMC,0.007863073590845954,0.012381628920130366,0.012551792120377409,0.01930492544518202,0.4010504340516324,48,248
B1,1.0,304,H304,H,initial_DMC,0.006126335793123994,0.0024229775184322344,-0.021823120055389333,0.022795863204907955,0.4814358386262959,33,216
B1,1.0,305,H305,H,initial_DMC,-0.04260689471674417,0.030947208470737717,0.002587086372972447,0.05272352610966231,-0.3475419846868287,469,50
B1,1.0,306,O306,O,initial_DMC,-0.012406784235905466,-0.0063797788730908245,-0.015022352522217952,0.02050124261715949,0.07008052038011221,198,239
B1,1.0,307,C307,C,initial_DMC,0.054445752619530885,0.028937505915695105,0.047583183809637,0.07788375060556434,0.42325042788585193,44,11
B1,1.0,308,O308,O,initial_DMC,-0.03333204198280071,-0.003798112492233774,0.003964584118799186,0.03378118719763836,-0.11713893999144559,445,125
B1,1.0,309,C309,C,initial_DMC,-0.004638974543096364,0.02107629542954559,-0.014148528523930892,0.02580525476017368,0.14959745934413515,127,190
B1,1.0,310,O310,O,initial_DMC,0.020840029403861537,-0.011878708044385844,-0.016715492799249665,0.02923727466573001,0.040947010465527685,234,165
B1,1.0,311,C311,C,initial_DMC,-0.0560511723440833,-0.024760855869227494,-0.0260941112609685,0.0666013254149089,0.23147255032731126,90,20
B1,1.0,312,H312,H,initial_DMC,0.018024188302818794,-0.014394552579541475,0.006866964914969742,0.024067191674229032,0.318755322654095,65,204
B1,1.0,313,H313,H,initial_DMC,0.009728936142188144,-0.006748406756161618,-6.5990120573832314e-06,0.011840322451366882,0.03269674043838335,244,337
B1,1.0,314,H314,H,initial_DMC,0.0030210821005463573,-0.007169063399230291,-0.0034677343772955282,0.008517487234619267,0.12676383338284433,139,391
B1,1.0,315,H315,H,initial_DMC,-0.010678697850748153,-0.0003145334566622693,0.00298232835622958,0.011091789824338729,0.23018411244419815,91,351
B1,1.0,316,H316,H,initial_DMC,-0.01253883640509379,0.014608052903771263,0.0065508379203554346,0.02033546423103864,0.4303027382215185,40,241
B1,1.0,317,H317,H,initial_DMC,-0.0017600365603125945,0.009928507674294429,0.004665420412716892,0.011110316870348741,-0.039299715556550985,411,350
B1,1.0,318,O318,O,initial_DMC,0.032490878644906074,-0.023439008822162433,-0.014045683732311964,0.042453805026069866,-0.2764118758262566,465,82
B1,1.0,319,C319,C,initial_DMC,-0.005385221608427637,0.02047677147229627,0.0037669342338401135,0.021505547545286982,-0.029254541795495408,402,229
B1,1.0,320,O320,O,initial_DMC,-0.005386746513333152,-0.02925089954737825,0.008657953766070675,0.030977287256070976,0.06033253531897616,208,143
B1,1.0,321,C321,C,initial_DMC,-0.011425883391714686,0.05088261632373614,0.034604947557282495,0.06258669068317858,-0.5181401708537757,473,23
B1,1.0,322,O322,O,initial_DMC,-0.0002000244664530082,0.016796414661856218,-0.00037418019748991505,0.016801772707080404,-0.05801270741064455,421,273
B1,1.0,323,C323,C,initial_DMC,-0.005194251402112382,0.0017156101985820738,-0.015316510389531524,0.01626404182527985,0.008629631497744995,317,280
B1,1.0,324,H324,H,initial_DMC,-0.018794161316589952,0.001909822420513796,-0.009881078304333879,0.021319090734088098,0.2115760547383509,94,231
B1,1.0,325,H325,H,initial_DMC,0.002914457765773315,-0.0032224272273095877,-0.009147610597036726,0.01012703712537883,-0.023178862895170734,395,362
B1,1.0,326,H326,H,initial_DMC,-0.0012217769286246866,-0.01057110102989478,-0.009367917951034421,0.014177404649119492,-0.025046561746377028,397,307
B1,1.0,327,H327,H,initial_DMC,0.0023941185793325825,-0.0020165768811115647,-0.00048096695740418305,0.0031669725769974304,0.05111344263547635,220,449
B1,1.0,328,H328,H,initial_DMC,0.0021019881109355376,-0.0034229294858063586,0.005081061675447196,0.0064770354355225815,0.03242004078511346,245,415
B1,1.0,329,H329,H,initial_DMC,0.002369448618695119,0.001203694914293757,0.01025156208383235,0.010590452934695566,-0.030028021788665978,404,358
B1,1.0,330,O330,O,initial_DMC,0.010126972930767753,-0.0017099866670277908,0.006081296624854571,0.01193573641554568,0.03466051346691546,242,335
B1,1.0,331,C331,C,initial_DMC,-0.002380104826864904,0.01002792506588951,-0.004375944685196781,0.011197011744294218,-0.015599756504559026,383,348
B1,1.0,332,O332,O,initial_DMC,0.009445890011728242,0.014884759384845125,0.006996283338212783,0.018966519992000542,0.09451090631680503,173,252
B1,1.0,333,C333,C,initial_DMC,0.0028402682459103268,-0.025339624334554722,0.001101380461706325,0.02552208306636652,-0.045689909707554016,415,192
B1,1.0,334,O334,O,initial_DMC,-0.009353610102737275,-5.986750121650397e-05,-0.003786146165919879,0.010091011290323708,0.01712568844301145,284,364
B1,1.0,335,C335,C,initial_DMC,0.01644811822108716,-0.009008544250601602,-0.0020119888629352156,0.01886113892940938,0.09402514290604852,175,254
B1,1.0,336,H336,H,initial_DMC,0.004453028076911725,0.004857276564494611,-0.003997785451150038,0.007707456337286617,0.13187890515215492,136,403
B1,1.0,337,H337,H,initial_DMC,0.007318640927828024,0.009201298810594755,-0.007284776590984976,0.013830920967632436,0.1918870670969641,99,313
B1,1.0,338,H338,H,initial_DMC,-0.004253078948257438,0.004377022476718798,0.0038563110209445793,0.007219289507428745,-0.015617181444880212,384,409
B1,1.0,339,H339,H,initial_DMC,-0.012954254074584559,-0.00046507777418025587,-0.004568458125851854,0.013744082567148269,0.09506645969476575,171,315
B1,1.0,340,H340,H,initial_DMC,-0.009218606369231663,-0.00588866571283625,0.0008920477052943715,0.010975191860596005,0.045139773087656945,227,354
B1,1.0,341,H341,H,initial_DMC,-0.004651953317574953,-0.0012955398499061577,0.007930223343305898,0.009284801314314984,0.04869821593060786,224,380
B1,1.0,342,O342,O,initial_DMC,-0.0008818021748384641,0.006922881297638517,0.006549742961469596,0.00957094527191873,0.0009203825037772255,348,374
B1,1.0,343,C343,C,initial_DMC,-0.0025791398666803467,0.008623339245552808,-0.0027654508822667623,0.00941603211432614,0.030140858789308108,253,378
B1,1.0,344,O344,O,initial_DMC,-0.004154573622482394,0.03315790165431487,-0.0009502932604644188,0.033430674258571685,-0.032198164481894775,405,127
B1,1.0,345,C345,C,initial_DMC,0.03141326844272285,-0.016109763716369185,-0.02924749018201145,0.0458446682090586,-0.11090244045401675,442,69
B1,1.0,346,O346,O,initial_DMC,-0.020351680173169406,-0.020243486075082806,0.015286441029131792,0.03252176031029335,-0.11500878862958022,443,134
B1,1.0,347,C347,C,initial_DMC,-0.011203673352664721,-0.016480647400317405,0.0026657174742327205,0.02010572269228908,0.014980081224853892,294,242
B1,1.0,348,H348,H,initial_DMC,-0.028263631532966405,-0.0009084661819195455,0.022998155693770284,0.03644960004650096,0.7809132953059456,11,112
B1,1.0,349,H349,H,initial_DMC,-0.0016814781352974266,-0.0011947651358560907,0.0016935398902376553,0.0026688780056733025,-0.016736282056584506,386,460
B1,1.0,350,H350,H,initial_DMC,-0.0007348897076993738,-0.004057141163442905,0.006051141369588217,0.007322347245066112,0.0943448647360018,174,407
B1,1.0,351,H351,H,initial_DMC,0.007247589270363876,0.0019496503995355963,0.004498739020854514,0.008750276549347564,0.16100516253974956,118,385
B1,1.0,352,H352,H,initial_DMC,0.019297045106472954,0.02586225617308857,-0.012560659288669833,0.03462661412800503,0.661788179297356,16,118
B1,1.0,353,H353,H,initial_DMC,0.001151082238636525,-0.005885935893050753,0.0006130650875479926,0.006028688120874878,-0.04738899568337902,416,417
B1,1.0,354,O354,O,initial_DMC,-0.004288493228692847,0.007481321606223279,0.004612852383263588,0.009779557978664895,0.020085592888800356,273,368
B1,1.0,355,C355,C,initial_DMC,0.01345417093303869,-0.022321853076278764,-0.026330415868178796,0.037048220470700624,0.02788362446848309,258,107
B1,1.0,356,O356,O,initial_DMC,-0.0008624533102910004,-0.007796983602952778,0.005664016005953988,0.009675632089576853,0.0016235329637021778,344,371
B1,1.0,357,C357,C,initial_DMC,-0.00334017162826572,-0.02680232016407369,-0.003713438165742655,0.027263725638558216,0.027428014218053298,259,178
B1,1.0,358,O358,O,initial_DMC,0.02157450007488526,-0.005010026832776848,0.03763157417850647,0.043665716500462956,-0.07380812995172625,430,74
B1,1.0,359,C359,C,initial_DMC,-0.0034936154165523536,0.009147318913618419,-0.014623365363475416,0.017598909242902132,-0.020454564648898443,392,270
B1,1.0,360,H360,H,initial_DMC,-0.005264274338028008,0.007982296325427768,0.01064481232885478,0.014308796890357224,-0.06578677786797553,424,303
B1,1.0,361,H361,H,initial_DMC,0.0002927584617058998,0.02293292283744172,0.0053741758943545714,0.02355602733757155,0.45465791295104196,36,207
B1,1.0,362,H362,H,initial_DMC,0.0066770543956797684,0.003359944710927487,-0.0019091866550463021,0.007714744166021515,0.0028343452200811194,336,402
B1,1.0,363,H363,H,initial_DMC,-0.027492290744338496,0.0116470271237753,-0.007086582782599826,0.030687113691708415,0.3365985094410902,60,146
B1,1.0,364,H364,H,initial_DMC,0.0041458491122533525,0.002939912100665354,-0.0010332398889681127,0.005186398817037244,0.04048797149095667,236,425
B1,1.0,365,H365,H,initial_DMC,-0.005636141535525635,-0.003606780182277225,-0.0015277585482804668,0.00686359970231285,0.0425587559071207,231,410
B1,1.0,366,O366,O,initial_DMC,0.01052491726538407,0.004553868608472594,-0.0017427403744492143,0.011599514936373297,0.003137109332767563,333,341
B1,1.0,367,C367,C,initial_DMC,-0.011469214154481266,-0.005723950651548737,0.032076641147345875,0.034542978905680984,0.18339337467344008,105,120
B1,1.0,368,O368,O,initial_DMC,0.010772899233887578,-0.004351032471211158,-0.021893431802875563,0.02478526170078082,0.06581423742092898,205,198
B1,1.0,369,C369,C,initial_DMC,0.03708747747920016,0.026631816872881853,-0.011926897200704112,0.04719094757002721,0.24391778822514404,85,61
B1,1.0,370,O370,O,initial_DMC,-0.007461378034270938,0.01732017658153273,0.023648732838754405,0.030247698158117033,-0.023137037838430515,394,155
B1,1.0,371,C371,C,initial_DMC,-0.02318048234733938,0.034463349975557556,-0.036338537312202046,0.05518647069149626,0.18824528533430201,100,45
B1,1.0,372,H372,H,initial_DMC,-0.004569228441427452,-0.007234155174252341,-0.0013072286549898615,0.008655616465136268,0.17738592695948954,110,388
B1,1.0,373,H373,H,initial_DMC,-0.034636212581039216,-0.035658750266482464,0.018094029636875897,0.05290186765159096,1.1274063595430976,4,49
B1,1.0,374,H374,H,initial_DMC,0.0022451125785553083,-0.0020753004112768862,0.00166167166556766,0.0034797349053604185,0.0024524377811091223,339,444
B1,1.0,375,H375,H,initial_DMC,0.017362075443041025,-0.006094744671770125,0.0008146750286798787,0.01841877497843635,0.1986548166450001,97,259
B1,1.0,376,H376,H,initial_DMC,0.00965649220138684,-0.01502452380693764,-0.028828600361220313,0.03391271673056632,0.29647167413248715,71,124
B1,1.0,377,H377,H,initial_DMC,0.009355954885677503,-0.015067568026026962,0.019662839517815306,0.02648004448533163,0.08823392135000356,185,185
B1,1.0,378,O378,O,initial_DMC,0.0032407921549026386,-0.0015266863343672,-0.043104792582464135,0.04325340042738926,-0.1513490722784535,453,76
B1,1.0,379,C379,C,initial_DMC,-0.033611849346394385,0.03010963143444112,0.05611294807630873,0.07200700843263187,-0.33879800125136555,468,17
B1,1.0,380,O380,O,initial_DMC,-0.015104424346180034,0.006208237706965283,-0.009012823115552848,0.01865252880356724,0.058378825416778295,211,256
B1,1.0,381,C381,C,initial_DMC,-0.006814766085255997,0.003570220694527615,0.009445436950496378,0.01218210949672473,0.019611955354015286,275,330
B1,1.0,382,O382,O,initial_DMC,0.023359735595473163,-0.005722370196018733,0.006549907542406697,0.024926372711743992,0.03143403817076223,249,196
B1,1.0,383,C383,C,initial_DMC,-0.03705441462904502,-0.04549221331205644,-0.01572547747208075,0.06074423229620858,0.31100659800214386,68,29
B1,1.0,384,H384,H,initial_DMC,0.026479354830557855,-0.015102582768269646,0.011030795185787113,0.03241793764177183,0.015295130268301807,293,136
B1,1.0,385,H385,H,initial_DMC,0.010613229599949509,-0.001238124124601725,-0.006983406685355541,0.012764856553139704,0.0761936140210012,194,326
B1,1.0,386,H386,H,initial_DMC,-0.004824456362605756,-0.0011181972905640603,-0.005597112862053222,0.007473514351754037,0.032017363815226185,246,406
B1,1.0,387,H387,H,initial_DMC,0.0034700225924133576,0.005729433955039928,0.004016358681930954,0.007810160516848917,-0.06758754805086226,425,400
B1,1.0,388,H388,H,initial_DMC,0.032065700935142605,0.019523628655078507,-0.0015090735443344938,0.037572044864308596,0.6263333104354093,20,104
B1,1.0,389,H389,H,initial_DMC,0.007958279188607587,0.019874652723093134,0.004541900782010666,0.02188526653301273,0.2318269820683934,89,222
B1,1.0,390,O390,O,initial_DMC,-0.0032830836935648366,0.0005570655283400061,-0.017496469518930913,0.017810541995365962,0.0929837496886926,178,265
B1,1.0,391,C391,C,initial_DMC,0.01841704282320422,0.011350118019069683,0.02342601639656973,0.03188715869454195,-0.07908003840143056,432,140
B1,1.0,392,O392,O,initial_DMC,-0.02097519594085706,-0.006601687122997135,-0.0015726557726391532,0.02204573346038884,-0.07058626371842236,427,221
B1,1.0,393,C393,C,initial_DMC,0.02425129520242386,0.02963136927505383,0.005519774175348324,0.038686060423058756,-0.1752135848925822,458,97
B1,1.0,394,O394,O,initial_DMC,-0.002666061838682343,0.0012998283419611671,0.0018377099298800825,0.0034892144148251556,-0.0014457465601660283,353,442
B1,1.0,395,C395,C,initial_DMC,-0.006463203703526821,0.01508241885656094,0.02597457530985614,0.03072345884182665,0.050745678580788094,221,145
B1,1.0,396,H396,H,initial_DMC,-9.645267088409515e-05,-0.004999574654462435,0.0018772494571318576,0.005341265333941548,0.12058712191950163,147,423
B1,1.0,397,H397,H,initial_DMC,-0.010890493352181965,-0.0031537408953487,0.008656595233500458,0.014264836771781766,0.03176501003146385,247,304
B1,1.0,398,H398,H,initial_DMC,0.010619447204828311,-0.013916007532650657,-0.009858659726048366,0.020090323446349333,0.11503891833850736,154,243
B1,1.0,399,H399,H,initial_DMC,-0.006783813799056515,-0.01212340418014492,-0.026156933220135903,0.029617262095914167,0.5051620473843432,32,160
B1,1.0,400,H400,H,initial_DMC,-0.0035794285151166186,0.00035703058723174363,-0.007701007809277814,0.00849972356101108,0.09236142489148248,180,392
B1,1.0,401,H401,H,initial_DMC,0.005618744631503775,-0.00791454764690655,-0.00813006328307947,0.012661290798180232,0.0932047013159876,177,327
B1,1.0,402,O402,O,initial_DMC,-0.008805182003488232,-0.010556989350803514,0.005294477520211949,0.014731352500010361,-0.010892833843410802,378,294
B1,1.0,403,C403,C,initial_DMC,0.005001115357772923,-0.04640935641684085,0.007573984271076917,0.04728852668021748,0.23342703225352687,87,60
B1,1.0,404,O404,O,initial_DMC,0.0039396168126039355,0.043640314341929276,0.009052108322840535,0.04474302494893465,0.10979896346799785,161,71
B1,1.0,405,C405,C,initial_DMC,-0.028783065143164532,0.04253158997626083,-0.0024206856137258814,0.05141265120361838,-0.043076488700435976,414,51
B1,1.0,406,O406,O,initial_DMC,0.0034175826355207772,0.017088914453221592,-0.028142293255809192,0.03310135250946859,-0.04244649933786054,413,132
B1,1.0,407,C407,C,initial_DMC,-0.009819419651948047,0.012703226982534233,0.023362742666744207,0.02834802855549852,0.03519701993744814,240,170
B1,1.0,408,H408,H,initial_DMC,-0.003283236409868759,-0.019286265287450047,0.0024295340805162713,0.01971401293266743,0.03270128653201078,243,244
B1,1.0,409,H409,H,initial_DMC,0.0074786766944082705,-0.0011491991326822992,-0.017637487584945377,0.019191983536235788,0.12804032337563487,137,249
B1,1.0,410,H410,H,initial_DMC,0.025032829333429485,-0.012884946421802934,0.023813832365720877,0.03687496441587429,0.902564150901561,8,108
B1,1.0,411,H411,H,initial_DMC,0.006639828386492297,-0.0017790300623576893,0.005357389152851555,0.00871515275253009,0.17881812458205817,108,386
B1,1.0,412,H412,H,initial_DMC,-0.005553746808200755,-0.011733280357020606,-0.012403313253966486,0.017954279468195496,0.21450008515114014,92,262
B1,1.0,413,H413,H,initial_DMC,0.008362654100320902,-0.0012942082153583334,-0.014899064719375535,0.017134499934881548,-0.07541257075241088,431,272
B1,1.0,414,O414,O,initial_DMC,-0.002004384083044375,0.0021620236530861536,0.0033639762820107943,0.0044730569250565995,-0.0020523085658521764,356,428
B1,1.0,415,C415,C,initial_DMC,-0.011637003183580852,-0.029318586261809276,0.025731528166671236,0.04070762686865961,-0.037339361552098986,409,92
B1,1.0,416,O416,O,initial_DMC,0.027841015011431214,-0.015197718948993355,-0.02855033174506183,0.04267568653076849,0.06773039004868459,202,79
B1,1.0,417,C417,C,initial_DMC,-0.04749444050229923,0.014785882811142015,-0.010369599467769497,0.05081213243166667,-0.11696626815617041,444,52
B1,1.0,418,O418,O,initial_DMC,0.00988020005318302,0.02747819027713816,-0.02750563729918165,0.040115201323583816,0.1341016870406853,134,93
B1,1.0,419,C419,C,initial_DMC,0.02039302172832791,-0.03795620674809702,0.02382267883088396,0.04923483515353521,0.11605542328085722,153,56
B1,1.0,420,H420,H,initial_DMC,0.002648751749654621,0.00020417318279888907,0.02912748091283239,0.029248379730290836,0.009758412937876505,313,164
B1,1.0,421,H421,H,initial_DMC,0.0010250097163798655,0.028407213069851833,0.009400473869775605,0.029939761326553155,0.2792509822395764,77,157
B1,1.0,422,H422,H,initial_DMC,0.005106135789415461,-0.008476279573588985,-0.010017108682621817,0.0140805683290501,-0.17387051609809762,457,308
B1,1.0,423,H423,H,initial_DMC,-0.00974352759824959,0.004878704364068287,-0.022172872887666006,0.024705755977553586,1.0795009336999195,5,199
B1,1.0,424,H424,H,initial_DMC,0.010483926830110735,0.007410850829652593,-0.0009596457668270553,0.012874562198236775,0.019267165855910914,277,323
B1,1.0,425,H425,H,initial_DMC,0.009016754482853218,0.0003741748071018347,0.003725052820782195,0.00976308796989665,0.12573184665092682,140,369
B1,1.0,426,O426,O,initial_DMC,-0.017832509037529753,0.005420857853367211,0.006028539728527571,0.01958896040371792,0.005959916556504576,326,247
B1,1.0,427,C427,C,initial_DMC,0.02487431137433349,-0.01954859204470072,-0.020929816284083635,0.03793331025580189,-0.08441562766660095,435,101
B1,1.0,428,O428,O,initial_DMC,0.03032635038669823,0.028680236861309494,0.022844511612860163,0.04758271981536691,0.041027662149025486,233,58
B1,1.0,429,C429,C,initial_DMC,0.00870141161707541,0.006783460219726534,-0.008913016498897752,0.014183503086050738,-0.002353937658460768,358,306
B1,1.0,430,O430,O,initial_DMC,-0.006286923616983353,0.012830571058247142,0.018109567971312135,0.023067410222087928,0.023516563075179835,267,215
B1,1.0,431,C431,C,initial_DMC,0.052586764279861864,-0.003523586151023883,0.008211192101337694,0.05334048286727927,-0.027980468194925553,399,47
B1,1.0,432,H432,H,initial_DMC,-0.021311640461198877,-0.004340529295888684,-0.002325432698540242,0.021873130799026398,0.3542544085607072,53,223
B1,1.0,433,H433,H,initial_DMC,-0.004134222777515489,-0.0034809079343723903,-0.015761488912570176,0.01666232429052973,0.0987995469223415,167,275
B1,1.0,434,H434,H,initial_DMC,-0.017103928307193428,-0.0193359859889094,-0.0014266792627573577,0.025854595943849038,0.45131604837441947,37,189
B1,1.0,435,H435,H,initial_DMC,-0.012281497745294578,-0.00793181726273895,-0.0017362675078195777,0.014722891591527442,-0.15294535259934544,454,296
B1,1.0,436,H436,H,initial_DMC,-0.011596936090155682,-0.001515416107211065,-0.0087002950818768,0.014576712495239787,0.09767290262677758,168,298
B1,1.0,437,H437,H,initial_DMC,-0.015062352189187056,-0.0031319393614104296,0.0003217569131329645,0.015387885661968278,-0.3295430151031137,467,290
B1,1.0,438,O438,O,initial_DMC,-0.023652530318064358,0.025500371643945696,-0.023620411569144517,0.04204325138618658,-0.02948633857834249,403,87
B1,1.0,439,C439,C,initial_DMC,0.0003865114303178707,-0.03016096210951824,0.016114542226112305,0.03419812125855334,0.031004729553132975,251,123
B1,1.0,440,O440,O,initial_DMC,-0.014673562614554159,-0.005759902282342577,-0.008031210499094832,0.01769153063435009,0.0440058111810941,229,268
B1,1.0,441,C441,C,initial_DMC,-0.01768620647763286,-0.0012895821745195768,-0.0026552098814492386,0.01793084106417897,0.06474816015595024,206,263
B1,1.0,442,O442,O,initial_DMC,-0.013867246121903348,-0.008489231964737998,-0.007404716543781387,0.017866096424522134,-0.006213806555852237,367,264
B1,1.0,443,C443,C,initial_DMC,0.018109425405906654,-0.019253280638789727,-0.0115262612263618,0.028835651574854765,0.028740067805858995,257,167
B1,1.0,444,H444,H,initial_DMC,0.008081860495938509,0.024864271513477254,0.002491841180467691,0.026263239317350067,-0.10657275192468146,441,186
B1,1.0,445,H445,H,initial_DMC,0.022667524663909644,-0.005422039231125941,-0.003211398841923563,0.02352718143626067,0.3090475543011819,69,208
B1,1.0,446,H446,H,initial_DMC,0.011629214734815083,0.003210365955532035,0.011689733448700501,0.01679865926252886,0.2577198376594815,83,274
B1,1.0,447,H447,H,initial_DMC,0.0072816731873350665,0.006382854738748167,0.007312932809764305,0.012134355578408012,-0.01489598963438541,382,331
B1,1.0,448,H448,H,initial_DMC,-0.016206437056134226,0.016394103689793937,0.006329293347422604,0.023905547308603583,0.4627009692729692,35,206
B1,1.0,449,H449,H,initial_DMC,0.011689308757352246,0.00490528919101621,0.004984281795874984,0.013621485465723008,0.30887539652043605,70,318
B1,1.0,450,Li450,Li,initial_salt,0.00026762089338318307,-0.013284665982455035,-0.004180471312021039,0.013929476357659829,0.046295181778490575,225,311
B1,1.0,451,Li451,Li,initial_salt,-0.0020869578845729014,0.01012428611187173,0.0024479557385995165,0.010623043339136017,-0.002601532456865591,359,357
B1,1.0,452,Li452,Li,initial_salt,-0.003075556247040683,0.0019371673152555058,-0.003430286761498813,0.0049978526090831464,-0.0032713406320137753,362,426
B1,1.0,453,F453,F,initial_salt,0.0007629728397545721,0.0011149102564614044,-0.0014220821867055589,0.0019614969232479703,0.0029826812147318253,334,468
B1,1.0,454,P454,P,initial_salt,0.0026154159848392755,0.008112816983835813,-0.005010255326077573,0.009887409095382688,0.007535685758548209,323,366
B1,1.0,455,F455,F,initial_salt,0.008494987845544033,-0.005627421760112439,-0.004896164515291318,0.011305092707400754,-0.035888755161861935,407,346
B1,1.0,456,F456,F,initial_salt,-0.0012936732540292928,0.0030854769633994056,0.001977066826601953,0.0038862001771279193,0.014700618560033627,296,434
B1,1.0,457,F457,F,initial_salt,5.8331080478701836e-05,0.0010666176972321945,-0.00717108003811634,0.007250204461949288,-0.019237683909058504,390,408
B1,1.0,458,F458,F,initial_salt,-0.002671311408289856,0.002457315636060331,-7.522372134971533e-05,0.003630421929134384,0.0009257836103616263,347,440
B1,1.0,459,F459,F,initial_salt,-0.002580780740902844,-0.00802293337244775,-0.004558822738939483,0.009581792833098748,0.00737201477915905,324,373
B1,1.0,460,F460,F,initial_salt,-0.002469944107910349,0.003703118128910887,0.0005162837086554184,0.004481099936476815,-0.006303178371006018,368,427
B1,1.0,461,P461,P,initial_salt,0.0007779158367151595,0.008106582222734193,-9.314258869785874e-05,0.008144354113420637,0.01222860891392578,302,396
B1,1.0,462,F462,F,initial_salt,-0.0012736955017384755,-0.0003471266968682607,-0.0034973126900015306,0.0037381804700245863,0.011051332136373552,309,436
B1,1.0,463,F463,F,initial_salt,-0.005246655678200929,-0.002221555137962128,-0.0020793270446175516,0.0060651713904128005,-0.005366645736532604,365,416
B1,1.0,464,F464,F,initial_salt,-0.00590001634349524,-0.00554580839536245,0.00014387604612292604,0.00809857295628258,0.017868217328055835,283,398
B1,1.0,465,F465,F,initial_salt,0.0027840819783642168,0.0012326431607051491,-0.0011362161043173558,0.0032498474825129408,0.001753197546346543,341,447
B1,1.0,466,F466,F,initial_salt,-0.002980050560366432,-0.004401108320440716,-3.6342108674980445e-05,0.005315240026513924,0.014810348579171077,295,424
B1,1.0,467,F467,F,initial_salt,-0.00436639489239965,0.0031790840118608443,-0.0010506196546695434,0.005502343243530063,-0.009601739841687617,376,421
B1,1.0,468,P468,P,initial_salt,0.010350795271556246,-0.003521252147815679,0.0018535558413792508,0.011089357452047383,-0.004777419219531066,364,352
B1,1.0,469,F469,F,initial_salt,-0.007980550296070588,-0.0027197138605006277,-0.00251189784751249,0.008797480168062298,-0.008539121536706282,373,384
B1,1.0,470,F470,F,initial_salt,-0.0018258625167006381,-0.0021617161272081686,-0.002375247301724316,0.0036943998550336855,0.010729786523184626,310,438
B1,1.0,471,F471,F,initial_salt,-0.00038416460121337703,0.001635441296967688,-0.0017046615913851593,0.002393349497628077,-0.0036643818018142708,363,461
B1,1.0,472,F472,F,initial_salt,0.0007327506098623315,-0.0019548728312393793,-0.0002647350851242569,0.00210440868366086,-0.0016692224771617402,355,463
B1,1.0,473,F473,F,initial_salt,0.001055885576820903,0.006310998783831248,-0.0014749418811802473,0.006566509997991127,0.0216998012119977,271,414
