endpoint,time_fs,atom_index_zero_based,element,initial_molecule,local_x_A,local_y_A,local_z_A,projected_right_A,projected_up_A,projected_depth_A,drawing_x_mm,drawing_y_mm
A2,0.5,106,O,EC,6.12108583104778,5.098168187944631,15.722526506123993,0.21606997477260495,-11.329908731313912,13.499753044611387,163.12339453293396,40.134713053789824
A2,0.5,107,C,EC,5.784488304784797,3.929558072390516,16.04406148215118,-1.0282071900533447,-11.311034358527376,13.316040408096702,154.7867375286001,40.26117135145962
A2,0.5,108,O,EC,6.646588461833999,3.198459478516412,16.818058007550928,-1.703707857743376,-12.502571542055662,13.343067141151893,150.26088305507687,32.277872221820104
A2,0.5,109,C,EC,5.834425218263628,1.9394017047122878,17.37527565553513,-3.261680925894597,-12.16360037896037,13.457721354828,139.8224634984637,34.54897901455857
A2,0.5,110,C,EC,4.455688851790129,2.1339124933827427,16.784276658629615,-3.2806595723589007,-10.651383365621108,13.487178867193109,139.69530656715287,44.680833003931625
A2,0.5,111,O,EC,4.669533469233656,3.3846319564086076,16.020820246653816,-1.8311505876800265,-10.366882513373607,13.38288429881152,149.40701676450132,46.58698871398987
A2,0.5,112,H,EC,5.99963985625159,2.1070796379507506,18.46385759016967,-3.4863684757180957,-12.738972437831645,14.384481784031705,138.31705691464626,30.69398622012102
A2,0.5,113,H,EC,6.32239516744442,1.061486423392298,16.91547865650981,-3.701361229088282,-12.528829250881609,12.512442403993909,136.876605467066,32.10194557268626
A2,0.5,114,H,EC,3.613616217186664,2.454240803122587,17.462810466403898,-3.518424267173127,-10.129521068433462,14.458380375087017,138.10228311189755,48.17731039508884
A2,0.5,115,H,EC,4.134495463781175,1.418176113179318,15.947174806035752,-3.677864192628676,-10.110311608017026,12.556774055929203,137.03403561134536,48.30601377987897
