split,policy,seed,H0,n_intervals,n_reference_updates,W,W_over_H0,delta_H,original_final_relative_energy_change,jump_sum,jump_sum_over_H0,boundary_term,boundary_over_H0,telescope_error,work_energy_error,max_interval_work_energy_error,max_stored_relative_energy_error,positive_net_interval_fraction,net_over_sum_absolute_interval_work,unreferenced_work_over_H0,reference_assisted_work_over_H0,updates_with_positive_post_power,updates_with_negative_post_power,max_nonfull_power_contraction_error
calibration,class_horizon,2026090500,0.19800000000000004,2000,85,0.0949851138676999,0.47972279731161555,0.09498511386768285,0.47972279731152945,0.11515870569332627,0.581609624713769,-0.02017359182562637,-0.10188682740215337,-1.3877787807814457e-17,1.7041923427996153e-14,1.594048244096813e-16,0.0,0.936,0.9927500911068062,0.47338386065095583,0.00633893666065981,80,5,3.447762908503904e-17
calibration,class_horizon,2026090501,0.35200000000000015,2000,98,0.1234918572426484,0.35082913989388737,0.12349185724262496,0.35082913989382075,0.14311087149446952,0.406564975836561,-0.01961901425182111,-0.05573583594267358,-2.7755575615628914e-17,2.3439583607398617e-14,2.652026276535324e-16,0.0,0.953,0.9992680857254455,0.3446345967669815,0.006194543126905535,93,5,5.2909066017292616e-17
calibration,class_horizon,2026090502,0.792,2000,139,0.19718368338364897,0.24896929720157698,0.1971836833835967,0.24896929720151098,0.17438438967019934,0.22018231018964562,0.022799293713449652,0.028786987011931376,-2.7755575615628914e-17,5.2263748884229244e-14,5.951727825859177e-16,0.0,0.9705,0.9998323638936266,0.242660042236352,0.006309254965224781,136,3,1.235990476633475e-16
calibration,class_horizon,2026090503,1.4080000000000001,2000,182,0.26543638902032546,0.18852016265648114,0.2654363890202214,0.1885201626564072,0.20470612709760397,0.1453878743590937,0.060730261922721504,0.043132288297387425,-2.7755575615628914e-17,1.0408340855860843e-13,7.793516266368927e-16,0.0,0.977,0.9998860520625148,0.1820691749956261,0.006450987660854815,175,7,1.8127860323957634e-16
calibration,class_horizon,2026090504,0.19800000000000004,2000,80,0.10195091011076708,0.5149035864180155,0.10195091011075372,0.514903586417948,0.11685021538766992,0.5901526029680297,-0.014899305276902846,-0.07524901655001436,1.3877787807814457e-17,1.3364309658925322e-14,1.7233393531657093e-16,0.0,0.9435,0.993191355499888,0.5085356934914492,0.006367892926565189,76,4,2.862293735361732e-17
calibration,class_horizon,2026090505,0.3520000000000001,2000,104,0.12923243805680798,0.36713760811593166,0.1292324380567802,0.3671376081158527,0.16384539459725325,0.4654698710149239,-0.03461295654044525,-0.09833226289899216,-2.7755575615628914e-17,2.7783331191244542e-14,2.4917676429148106e-16,0.0,0.956,0.9926210726331989,0.360864225490043,0.006273382625889078,97,7,5.2258544713801314e-17
calibration,class_horizon,2026090506,0.7920000000000001,2000,137,0.19365655876865437,0.2445158570311292,0.19365655876860022,0.24451585703106082,0.1646911544273922,0.20794337680226285,0.02896540434126216,0.03657248022886636,0.0,5.415112802609201e-14,6.332282788401589e-16,0.0,0.9645,0.9996761396385919,0.23819897404167195,0.006316882989457115,133,4,1.1405806854547507e-16
calibration,class_horizon,2026090507,1.4080000000000006,2000,188,0.25136440097751067,0.17852585296698192,0.25136440097741475,0.1785258529669138,0.26957991332377895,0.19146300662200202,-0.01821551234626831,-0.0129371536550201,0.0,9.592326932761353e-14,9.418057696566895e-16,0.0,0.9765,0.9998598798406996,0.17214906993388532,0.006376783033096809,181,7,1.8648277366750676e-16
heldout,class_horizon,2026090600,0.24927499999999997,2000,95,0.19741924745015768,0.7919737135699838,0.19741924745013478,0.7919737135698919,0.21408637351675405,0.8588361188115698,-0.01666712606659637,-0.0668624052415861,0.0,2.2898349882893854e-14,2.4015078120553923e-16,0.0,0.9475,0.9987021072361214,0.7791387436679758,0.012834969902007543,90,5,4.0332320816460765e-17
heldout,empirical_horizon,2026090600,0.24927499999999997,2000,65,0.3485089901541107,1.3980904228426867,0.3485089901540818,1.398090422842571,0.3970437819188168,1.5927942309450078,-0.04853479176470606,-0.19470380810232102,-5.551115123125783e-17,2.886579864025407e-14,3.9963692077815693e-16,0.0,0.919,0.9955667379809509,1.3841646777396401,0.013925745103046429,60,5,7.025630077706069e-17
heldout,fixed_streak,2026090600,0.24927499999999997,2000,125,0.13887028825897182,0.5570967335632208,0.13887028825895303,0.5570967335631454,0.15769171604333843,0.6326014082572999,-0.0188214277843666,-0.07550467469407925,0.0,1.8790524691780774e-14,2.1850739533729735e-16,0.0,0.962,0.9990571985796705,0.5450063474926072,0.01209038607061323,120,5,4.9439619065339e-17
heldout,class_horizon,2026090601,0.4779000000000001,2000,130,0.2683502289407592,0.561519625320693,0.2683502289407186,0.561519625320608,0.27390917630950173,0.5731516558056113,-0.005558947368742545,-0.011632030484918485,0.0,4.063416270128073e-14,5.316791928597353e-16,0.0,0.963,0.9994390358431664,0.5483393057284711,0.013180319592222092,124,6,8.370040771588094e-17
heldout,empirical_horizon,2026090601,0.4779000000000001,2000,88,0.48169356843589417,1.0079379963086295,0.48169356843583433,1.0079379963085044,0.487676166601161,1.0204565109879908,-0.005982598165266757,-0.01251851467936128,-5.551115123125783e-17,5.984102102729594e-14,7.228375883960858e-16,0.0,0.945,0.9984164289691533,0.9934974428083369,0.014440553500293548,84,4,9.497611030973019e-17
heldout,fixed_streak,2026090601,0.4779000000000001,2000,130,0.27110938094029946,0.5672931176821499,0.27110938094026005,0.5672931176820674,0.27678731383283245,0.5791741239439891,-0.0056779328925329955,-0.011881006261839286,0.0,3.941291737419306e-14,5.576593874179192e-16,0.0,0.9685,0.9996392270235479,0.5542318032665152,0.013061314415634823,123,7,1.1145598333150986e-16
heldout,class_horizon,2026090602,0.9218749999999997,2000,165,0.3757303088299668,0.4075718604257268,0.37573030882989056,0.40757186042564414,0.4405150056464078,0.47784678578593404,-0.06478469681644097,-0.07027492536020719,0.0,7.6216810640517e-14,8.200905232680356e-16,0.0,0.969,0.9997314903336346,0.3948077432395555,0.01276411718617136,162,3,1.5308934675495323e-16
heldout,empirical_horizon,2026090602,0.9218749999999997,2000,101,0.6759411593411235,0.7332243084378292,0.6759411593410555,0.7332243084377553,0.727949329074569,0.7896399501825836,-0.05200816973344549,-0.056415641744754455,0.0,6.80566714095221e-14,8.568449769152942e-16,0.0,0.951,0.9988496897119632,0.719852389855606,0.013371918582221292,96,5,2.2898349882893854e-16
heldout,fixed_streak,2026090602,0.9218749999999997,2000,131,0.5224184871423865,0.5666912402900466,0.522418487142324,0.5666912402899787,0.5648886366377079,0.6127605549968359,-0.04247014949532149,-0.04606931470678943,0.0,6.250555628639631e-14,8.342935717275957e-16,0.0,0.955,0.9986267324439078,0.5538013860751195,0.012889854214925913,126,5,1.5612511283791264e-16
heldout,class_horizon,2026090603,1.417475,2000,205,0.4572839584090164,0.32260460213338255,0.457283958408919,0.3226046021333138,0.6424629592568104,0.45324464929315184,-0.18517900084779396,-0.13064004715976926,0.0,9.742207041085749e-14,1.4984758225922157e-15,0.0,0.9755,0.9970946528560833,0.31040033723816307,0.012204264895219256,198,7,2.6194324487249787e-16
heldout,empirical_horizon,2026090603,1.417475,2000,133,0.8241016740241162,0.5813870960857271,0.8241016740240092,0.5813870960856518,1.064907567405776,0.7512707930692082,-0.24080589338165967,-0.16988369698348096,-2.220446049250313e-16,1.0691447727140257e-13,1.8528473026691028e-15,0.0,0.961,0.9980313798271644,0.568791566830321,0.012595529255405701,126,7,2.6020852139652106e-16
heldout,fixed_streak,2026090603,1.417475,2000,138,0.7751237406806291,0.546834152757988,0.7751237406805269,0.5468341527579159,1.009895041466914,0.7124605664769494,-0.23477130078628475,-0.16562641371896136,0.0,1.021405182655144e-13,1.5935603531191944e-15,0.0,0.9615,0.9847219294055839,0.5345468599878719,0.012287292770115952,129,9,2.5240226575462543e-16
heldout,class_horizon,2026090604,0.24927499999999997,2000,96,0.1921429589124129,0.7708071764613897,0.19214295891239086,0.7708071764613013,0.19229438063442952,0.7714146249500734,-0.0001514217220166408,-0.0006074484886837462,2.7755575615628914e-17,2.2037927038809357e-14,2.3505503099485736e-16,0.0,0.9475,0.9989389623366043,0.7577399439294878,0.013067232531901818,90,6,3.5561831257524545e-17
heldout,empirical_horizon,2026090604,0.24927499999999997,2000,63,0.33127279413690064,1.328945117388028,0.33127279413687877,1.3289451173879403,0.3410272651883138,1.368076482552658,-0.009754471051413142,-0.03913136516463,0.0,2.1871393585115584e-14,3.6136458408941863e-16,0.0,0.914,0.9952140759013727,1.3152841702702383,0.013660947117788936,58,5,4.683753385137379e-17
heldout,fixed_streak,2026090604,0.24927499999999997,2000,121,0.1420175560470753,0.5697224192039929,0.1420175560470569,0.5697224192039191,0.14263550185294008,0.5722013914469566,-0.0006179458058647677,-0.0024789722429636655,0.0,1.840194663316197e-14,2.021494950599223e-16,0.0,0.9615,0.99963580286253,0.5573810976362156,0.012341321567777121,117,4,4.358492733391728e-17
heldout,class_horizon,2026090605,0.47789999999999994,2000,127,0.2609445195923306,0.5460232676131631,0.2609445195922951,0.5460232676130887,0.25104753821782455,0.5253139531655673,0.00989698137450602,0.02070931444759578,5.551115123125783e-17,3.552713678800501e-14,5.895891413976173e-16,0.0,0.9605,0.9993627677189523,0.5332144488573055,0.012808818755857248,120,7,8.933825901280557e-17
heldout,empirical_horizon,2026090605,0.47789999999999994,2000,82,0.4638301031037929,0.9705589100309541,0.4638301031037521,0.9705589100308687,0.4441693534813493,0.9294190280003125,0.019660749622443643,0.04113988203064165,0.0,4.08006961549745e-14,4.968898556501067e-16,0.0,0.9355,0.9978555568893792,0.9571090074483475,0.01344990258260746,77,5,9.194034422677078e-17
heldout,fixed_streak,2026090605,0.47789999999999994,2000,124,0.26753769710985587,0.559819412240753,0.26753769710982894,0.5598194122406968,0.2541201493770124,0.531743355047107,0.01341754773284346,0.02807605719364608,0.0,2.6922908347160046e-14,4.026794631246944e-16,0.0,0.96,0.9995164096503663,0.5472173706841743,0.01260204155657877,117,7,9.063930161978817e-17
heldout,class_horizon,2026090606,0.9218749999999998,2000,162,0.3722209146885457,0.4037650600011344,0.37222091468847407,0.4037650600010567,0.49133085521712366,0.5329690632863716,-0.11910994052857798,-0.12920400328523718,0.0,7.16093850883226e-14,8.023638177478976e-16,0.0,0.967,0.9912837919247497,0.3918513441965588,0.01191371580457578,153,9,1.457167719820518e-16
heldout,empirical_horizon,2026090606,0.9218749999999998,2000,101,0.6741181662975527,0.7312468244583624,0.6741181662974738,0.7312468244582768,0.8133746749912029,0.8823047321938474,-0.1392565086936501,-0.15105790773548491,0.0,7.893685705084863e-14,8.469787371456761e-16,0.0,0.943,0.9935484037917979,0.7186991182365137,0.012547706221847822,94,7,1.4051260155412137e-16
heldout,fixed_streak,2026090606,0.9218749999999998,2000,122,0.5384185231803673,0.5840472115854833,0.5384185231802858,0.584047211585395,0.6720186635341302,0.728969397731938,-0.13360014035376297,-0.14492218614645477,1.1102230246251565e-16,8.149037000748649e-14,7.796701110250603e-16,0.0,0.9525,0.9928765629251779,0.5720470657783785,0.012000145807105084,118,4,1.6479873021779667e-16
heldout,class_horizon,2026090607,1.417475,2000,200,0.45814466549151245,0.32321181360624524,0.4581446654914181,0.3232118136061786,0.5529058493834611,0.3900639160362342,-0.09476118389194857,-0.06685210242998893,-1.1102230246251565e-16,9.43689570931383e-14,1.2203779653496838e-15,0.0,0.976,0.9999064719122059,0.3105736817803602,0.012638131825885567,194,5,2.2724877535296173e-16
heldout,empirical_horizon,2026090607,1.417475,2000,120,0.8361947138041984,0.5899184915460226,0.8361947138040424,0.5899184915459126,0.9737080958158498,0.6869314067732057,-0.13751338201165128,-0.09701291522718304,-1.1102230246251565e-16,1.559863349598345e-13,1.635844237846129e-15,0.0,0.959,0.9993302941566226,0.5769598585390866,0.012958633006936915,115,4,2.7755575615628914e-16
heldout,fixed_streak,2026090607,1.417475,2000,126,0.8098448390024178,0.5713291867598496,0.8098448390022979,0.571329186759765,0.948429328586442,0.6690977467584557,-0.13858448958402417,-0.09776855999860609,-1.1102230246251565e-16,1.199040866595169e-13,1.3839840731777464e-15,0.0,0.9645,0.9995157745069165,0.5585253495207442,0.012803837239105078,120,5,2.3071822230491534e-16
heldout,class_horizon,2026090608,0.24927499999999994,2000,101,0.19228381010944126,0.7713722198754039,0.19228381010942222,0.7713722198753276,0.20581410633698724,0.825650812704793,-0.013530296227545991,-0.05427859282938921,0.0,1.9040324872321435e-14,2.522938455373769e-16,0.0,0.953,0.9990041157072056,0.7587706730583276,0.01260154681707673,94,7,5.898059818321144e-17
heldout,empirical_horizon,2026090608,0.24927499999999994,2000,70,0.35222443380664814,1.4129954219502485,0.35222443380660995,1.4129954219500953,0.37996509605121187,1.5242807985205575,-0.027740662244563757,-0.11128537657030896,0.0,3.8191672047105385e-14,4.3308455779933475e-16,0.0,0.9405,0.9974443928911156,1.3990648896808724,0.013930532269374235,63,7,6.591949208711867e-17
heldout,fixed_streak,2026090608,0.24927499999999994,2000,129,0.14063760223009555,0.5641865499151363,0.14063760223007757,0.5641865499150641,0.14774098298073562,0.5926827117871253,-0.007103380750640063,-0.02849616187198903,0.0,1.7985612998927536e-14,2.27302985461586e-16,0.0,0.969,0.999692922146362,0.5519184828273297,0.012268067087805576,122,7,4.228388472693467e-17
heldout,class_horizon,2026090609,0.4779,2000,127,0.27996685848267505,0.585827282868121,0.27996685848263314,0.5858272828680333,0.3104567193734354,0.6496269499339514,-0.030489860890760362,-0.06379966706583043,5.551115123125783e-17,4.191091917959966e-14,4.1253892663073444e-16,0.0,0.964,0.9996026039509663,0.5726574802340518,0.01316980263407002,121,6,8.326672684688674e-17
heldout,empirical_horizon,2026090609,0.4779,2000,86,0.51037833490807,1.0679605250221178,0.5103783349080271,1.0679605250220279,0.5575100228452848,1.1665830149514225,-0.047131687937214825,-0.09862248992930493,0.0,4.296563105299356e-14,4.566117449422702e-16,0.0,0.944,0.9986454560295692,1.0533113147213258,0.014649210300792604,80,6,1.0234868508263162e-16
heldout,fixed_streak,2026090609,0.4779,2000,130,0.28396370895922773,0.5941906444009787,0.2839637089591859,0.5941906444008912,0.31448170584518614,0.6580491856982342,-0.030517996885958465,-0.06385854129725563,5.551115123125783e-17,4.18554080283684e-14,4.187188790139018e-16,0.0,0.9665,0.9996806793780338,0.5811327881450755,0.013057856255902518,123,7,9.497611030973019e-17
heldout,class_horizon,2026090610,0.921875,2000,162,0.3765663854334426,0.40847879097864964,0.3765663854333745,0.40847879097857576,0.3645697422600779,0.395465483129576,0.01199664317336473,0.013013307849073605,0.0,6.811218256075335e-14,6.832642091003649e-16,0.0,0.971,0.9998249008434831,0.3958669517343583,0.01261183924429137,156,6,1.5439038936193583e-16
heldout,empirical_horizon,2026090610,0.921875,2000,103,0.6817708099408953,0.7395479972240221,0.6817708099408151,0.7395479972239349,0.6651696458072259,0.72153995477394,0.01660116413366934,0.018008042450081998,1.1102230246251565e-16,8.026912468039882e-14,8.673617379884035e-16,0.0,0.957,0.9995062270023974,0.7262926784787044,0.01325531874531845,98,5,2.203098814490545e-16
heldout,fixed_streak,2026090610,0.921875,2000,126,0.5275410342485726,0.5722479015577736,0.5275410342484927,0.572247901557687,0.5085988600657935,0.551700458376454,0.01894217418277909,0.02054744318131969,0.0,7.982503547054876e-14,7.624109676918067e-16,0.0,0.965,0.999636300132737,0.5595734381654691,0.012674463392303421,121,5,1.8908485888147197e-16
heldout,class_horizon,2026090611,1.4174749999999998,2000,193,0.4608239594093961,0.32510200138231443,0.4608239594092942,0.32510200138224254,0.4986412056778902,0.35178130526315476,-0.03781724626849411,-0.026679303880840305,-5.551115123125783e-17,1.0186296250935811e-13,1.182593519638564e-15,0.0,0.9755,0.9997915076032301,0.3129591937237709,0.012142807658543534,188,5,2.463307335887066e-16
heldout,empirical_horizon,2026090611,1.4174749999999998,2000,119,0.8305781457212787,0.5859561161369893,0.8305781457211301,0.5859561161368844,0.9100203661887074,0.6420009990925466,-0.07944222046742869,-0.05604488295555738,0.0,1.4865886299730846e-13,1.4585229725361248e-15,0.0,0.9585,0.9992856243926083,0.5736386720765099,0.012317444060479521,113,6,2.3592239273284576e-16
heldout,fixed_streak,2026090611,1.4174749999999998,2000,127,0.8010962172875236,0.5651572107356557,0.8010962172873988,0.5651572107355677,0.8796793725306224,0.6205960405161449,-0.07858315524309892,-0.055438829780489196,0.0,1.247890679678676e-13,1.3964523981613297e-15,0.0,0.961,0.9995637603673996,0.5529871539641212,0.012170056771534373,122,5,2.0469737016526324e-16
heldout,class_horizon,2026090612,0.249275,2000,102,0.1982509377035685,0.795310150249999,0.19825093770354738,0.7953101502499142,0.24410373727933365,0.979254788002542,-0.04585279957576514,-0.1839446377525429,-2.7755575615628914e-17,2.1121993043493603e-14,2.0925101928970236e-16,0.0,0.95,0.9930680870551402,0.782072653304081,0.01323749694591742,96,6,3.3393426912553537e-17
heldout,empirical_horizon,2026090612,0.249275,2000,70,0.35230110523890096,1.4133029996546023,0.3523011052388675,1.413302999654468,0.41905776704057035,1.6811062763637363,-0.06675666180166939,-0.26780327670913406,0.0,3.347322419244847e-14,5.073253015602797e-16,0.0,0.928,0.9947423718047356,1.3981076090289155,0.015195390625682858,64,6,5.724587470723463e-17
heldout,fixed_streak,2026090612,0.249275,2000,129,0.14137585525228735,0.5671481506460229,0.14137585525226878,0.5671481506459484,0.17872503821780744,0.7169793931112524,-0.03734918296552009,-0.14983124246522952,0.0,1.8568480086855743e-14,2.3901236892442945e-16,0.0,0.9605,0.9912828718378492,0.5545421196791822,0.012606030966839238,121,8,5.0306980803327406e-17
heldout,class_horizon,2026090613,0.47789999999999994,2000,125,0.27398781222679713,0.5733162005164201,0.273987812226753,0.5733162005163278,0.3554499430782187,0.7437747291864799,-0.08146213085142151,-0.17045852867005967,-5.551115123125783e-17,4.413136522884997e-14,4.744468706796567e-16,0.0,0.956,0.9896239047011014,0.5609889888826238,0.012327211633796952,119,6,7.979727989493313e-17
heldout,empirical_horizon,2026090613,0.47789999999999994,2000,82,0.49537836103793753,1.0365732601756383,0.49537836103788896,1.0365732601755369,0.6080750025321212,1.2723896265581112,-0.11269664149418364,-0.2358163663824726,0.0,4.85722573273506e-14,6.546412717467476e-16,0.0,0.926,0.9901957867634794,1.0230037262737965,0.013569533901841471,76,6,1.1796119636642288e-16
heldout,fixed_streak,2026090613,0.47789999999999994,2000,124,0.27693572428934404,0.579484671038594,0.27693572428929786,0.5794846710384973,0.3575472996117089,0.7481634224978216,-0.08061157532236485,-0.1686787514592276,0.0,4.618527782440651e-14,4.0505793164058446e-16,0.0,0.954,0.9865785286576059,0.567324289959185,0.012160381079409003,116,8,8.673617379884035e-17
heldout,class_horizon,2026090614,0.921875,2000,168,0.3641668813478523,0.3950284814620771,0.36416688134777897,0.39502848146199754,0.37753479007026486,0.4095292638050331,-0.013367908722412567,-0.014500782342956004,0.0,7.333023077649159e-14,7.686993402922226e-16,0.0,0.9745,0.9998233461019888,0.3827490035991174,0.012279477862959692,161,7,1.2923689896027213e-16
heldout,empirical_horizon,2026090614,0.921875,2000,105,0.6661757502206499,0.7226313222732473,0.6661757502205836,0.7226313222731755,0.7017711153579603,0.7612432437781265,-0.03559536513731034,-0.038611921504879014,-1.1102230246251565e-16,6.628031457012185e-14,9.024898883769339e-16,0.0,0.9575,0.9991378764569723,0.7099276181196581,0.012703704153589583,96,9,1.6306400674181987e-16
heldout,fixed_streak,2026090614,0.921875,2000,126,0.5179991780783381,0.5618974135087057,0.5179991780782693,0.5618974135086311,0.5496788828541538,0.5962618390282346,-0.03167970477581573,-0.034364425519528924,0.0,6.872280522429719e-14,8.36136715420821e-16,0.0,0.966,0.9996156267080512,0.5497455829398306,0.012151830568874901,120,6,1.6132928326584306e-16
heldout,class_horizon,2026090615,1.417475,2000,195,0.4642805881112477,0.3275405831575497,0.4642805881111405,0.32754058315747403,0.4443602121881019,0.313487160047339,0.01992037592314587,0.01405342311021067,-5.551115123125783e-17,1.0724754417879012e-13,1.3607821466865566e-15,0.0,0.9775,0.9999017960778106,0.31483693801955515,0.012703645137994815,188,7,2.0643209364124004e-16
heldout,empirical_horizon,2026090615,1.417475,2000,119,0.8411646605665836,0.5934246886658202,0.8411646605664966,0.5934246886657589,0.8005913168771256,0.564801013687808,0.040573343689457995,0.02862367497801231,0.0,8.693046282814976e-14,1.440037325495247e-15,0.0,0.9595,0.9994133355041663,0.5804795603431936,0.012945128322627281,111,8,1.942890293094024e-16
heldout,fixed_streak,2026090615,1.417475,2000,123,0.8350289191332385,0.5890960469378568,0.8350289191330931,0.5890960469377542,0.8037860652842826,0.5670548442013317,0.03124285384895583,0.022041202736525038,0.0,1.454392162258955e-13,1.440037325495247e-15,0.0,0.9655,0.9996267557306858,0.5762730544801771,0.012822992457678649,115,8,2.0990154059319366e-16
outside_class,class_horizon,2026090700,0.29575,2000,129,0.4937700881779576,1.6695522846253847,0.4937700881779283,1.6695522846252857,0.47020417471563464,1.5898704132396775,0.02356591346232291,0.07968187138570722,5.551115123125783e-17,2.930988785010413e-14,4.36282954208167e-16,0.0,0.961,0.9985151396585893,1.6297292629264133,0.039823021698971374,120,9,1.0321604682062002e-16
outside_class,empirical_horizon,2026090700,0.29575,2000,94,0.8719681890299895,2.948328618867251,0.8719681890299327,2.948328618867059,0.8215288618839831,2.777781443394702,0.05043932714600644,0.17054717547254925,0.0,5.684341886080802e-14,6.245004513516506e-16,0.0,0.9385,0.9981184752021907,2.899324023594191,0.04900459527305968,89,5,1.457167719820518e-16
outside_class,fixed_streak,2026090700,0.29575,2000,123,0.5366336706989422,1.8144840936566091,0.5366336706989023,1.8144840936564743,0.49079459295655264,1.6594914385682253,0.0458390777423896,0.1549926550883841,-5.551115123125783e-17,3.985700658404312e-14,5.364632349458276e-16,0.0,0.951,0.9925260797872546,1.7764428022519625,0.03804129140464713,117,6,1.3357370765021415e-16
outside_class,class_horizon,2026090701,0.5670000000000001,2000,167,0.6157178585170158,1.0859221490599924,0.6157178585169382,1.0859221490598556,0.4549453652273277,0.8023727781787083,0.16077249328968807,0.283549370881284,0.0,7.760458942129844e-14,7.967801765595972e-16,0.0,0.9665,0.9997519986199299,1.0512031047237715,0.03471904433622132,160,6,1.700029006457271e-16
outside_class,empirical_horizon,2026090701,0.5670000000000001,2000,116,1.097816831746958,1.9361848884426067,1.097816831746901,1.9361848884425061,0.9398425547590107,1.6575706433139517,0.15797427698794744,0.27861424512865507,0.0,5.706546346573305e-14,1.4538066930858129e-15,0.0,0.9535,0.9990310161513619,1.8949637691620616,0.04122111928054603,108,7,2.636779683484747e-16
outside_class,fixed_streak,2026090701,0.5670000000000001,2000,126,1.0017117863221985,1.7666874538310378,1.0017117863221219,1.7666874538309025,0.8460729375709131,1.4921921297546965,0.15563884875128545,0.27449532407634114,0.0,7.66053886991358e-14,9.281854798648403e-16,0.0,0.96,0.9994959811067318,1.7292011779205851,0.037486275910453906,118,7,1.734723475976807e-16
outside_class,class_horizon,2026090702,1.0937499999999998,2000,216,0.7941525372480542,0.7260823197696498,0.7941525372479636,0.7260823197695669,0.5649502850097244,0.5165259748660339,0.2292022522383297,0.20955634490361577,1.1102230246251565e-16,9.059419880941277e-14,1.5228703714731395e-15,0.0,0.976,0.9998814071066237,0.6941126562300256,0.03196966353962268,207,8,1.9255430583342559e-16
outside_class,empirical_horizon,2026090702,1.0937499999999998,2000,144,1.3819336245917466,1.2634821710553115,1.3819336245916,1.2634821710551776,1.1806787551704454,1.079477719012979,0.20125486942130105,0.18400445204233243,2.220446049250313e-16,1.4654943925052066e-13,1.6696713456276768e-15,0.0,0.959,0.9994321738226218,1.2280105288095224,0.03547164224578717,138,5,3.191891195797325e-16
outside_class,fixed_streak,2026090702,1.0937499999999998,2000,128,1.8120205143075687,1.6567044702240632,1.8120205143074382,1.6567044702239437,1.6400289768783618,1.4994550645745026,0.17199153742920698,0.1572494056495607,0.0,1.305622276959184e-13,1.9446250165700008e-15,0.0,0.9585,0.9994786175704852,1.6202984346221574,0.036406035601907256,122,5,3.677613769070831e-16
outside_class,class_horizon,2026090703,1.68175,2000,259,0.9901585068026613,0.5887667648596172,0.9901585068025316,0.58876676485954,0.50670181705508,0.30129437612907983,0.4834566897475814,0.28747238873053743,-1.1102230246251565e-16,1.2967404927621828e-13,1.676610239531584e-15,0.0,0.9815,0.9999311546494641,0.5561342901063879,0.032632474753228065,252,6,4.354155924701786e-16
outside_class,empirical_horizon,2026090703,1.68175,2000,172,1.7172638917212353,1.0211172241541462,1.7172638917210232,1.02111722415402,1.2368115193209765,0.7354312587013387,0.4804523724002589,0.28568596545280744,-2.220446049250313e-16,2.120525977034049e-13,2.449863228948246e-15,0.0,0.9695,0.9996826352107039,0.9859281777181953,0.03518904643594995,166,5,5.412337245047638e-16
outside_class,fixed_streak,2026090703,1.68175,2000,128,2.8399988499561797,1.688716426315552,2.8399988499559807,1.6887164263154337,2.35777797143294,1.4019788740496149,0.4822208785232394,0.2867375522659369,4.440892098500626e-16,1.9895196601282805e-13,2.8449465006019636e-15,0.0,0.9595,0.9994991095936671,1.6530331046489084,0.035683321666646076,120,5,5.967448757360216e-16
outside_class,class_horizon,2026090704,0.29574999999999996,2000,133,0.43744918019614637,1.4791181071720927,0.4374491801961021,1.4791181071719433,0.45487834601072213,1.538050197838452,-0.01742916581457577,-0.058932090666359335,0.0,4.424238753131249e-14,4.1053315261163625e-16,0.0,0.9615,0.9995139675437634,1.4422325755878602,0.03688553158423537,127,6,9.020562075079397e-17
outside_class,empirical_horizon,2026090704,0.29574999999999996,2000,96,0.7472558755034768,2.5266470853879186,0.7472558755034422,2.5266470853878014,0.8011398043890176,2.708841265896932,-0.05388392888554078,-0.18219418050901365,1.1102230246251565e-16,3.4638958368304884e-14,6.934557095217286e-16,0.0,0.9295,0.9975670460570308,2.4822157807371448,0.044431304650776264,91,5,1.6609977282477928e-16
outside_class,fixed_streak,2026090704,0.29574999999999996,2000,130,0.4764558647840691,1.6110088411971908,0.4764558647840381,1.611008841197086,0.5009576236844369,1.6938550251375721,-0.024501758900367793,-0.08284618394038139,0.0,3.097522238704187e-14,5.301748623454117e-16,0.0,0.96,0.9994795576197958,1.5744703502264428,0.03653849097074961,124,6,9.84455572616838e-17
outside_class,class_horizon,2026090705,0.5670000000000001,2000,174,0.6172981943814452,1.088709337533413,0.6172981943813959,1.0887093375333259,0.9478733304444085,1.6717342688613903,-0.33057513606296335,-0.5830249313279776,0.0,4.929390229335695e-14,8.478460988836645e-16,0.0,0.9745,0.9996811566220047,1.0537171360883264,0.03499220144508801,165,9,1.3183898417423734e-16
outside_class,empirical_horizon,2026090705,0.5670000000000001,2000,122,1.1075211813484895,1.9533001434717627,1.1075211813483992,1.9533001434716033,1.5677742149776852,2.7650338888495325,-0.46025303362919556,-0.8117337453777699,-2.220446049250313e-16,9.037215420448774e-14,1.384309333829492e-15,0.0,0.961,0.9994494471529879,1.9115256505021283,0.041774492969636166,113,9,2.185751579730777e-16
outside_class,fixed_streak,2026090705,0.5670000000000001,2000,127,1.0196217892685047,1.7982747606146465,1.0196217892684336,1.798274760614521,1.4546589682432294,2.5655360991944076,-0.4350371789747248,-0.7672613385797615,0.0,7.105427357601002e-14,1.1130419502736189e-15,0.0,0.966,0.9997157945832673,1.760222315245119,0.0380524453695279,119,8,1.3877787807814457e-16
outside_class,class_horizon,2026090706,1.09375,2000,212,0.784935905960236,0.7176556854493586,0.7849359059601362,0.7176556854492674,0.964605983685714,0.8819254707983671,-0.179670077725478,-0.16426978534900846,-1.1102230246251565e-16,9.980904991380157e-14,1.530459786680538e-15,0.0,0.975,0.999857765137559,0.6864998786437941,0.031155806805564852,204,7,2.402592014227878e-16
outside_class,empirical_horizon,2026090706,1.09375,2000,139,1.3517550480472431,1.2358903296431938,1.3517550480471265,1.2358903296430872,1.7379087796001982,1.588945169920181,-0.38615373155295524,-0.35305484027698764,2.220446049250313e-16,1.1657341758564144e-13,1.7114131292683687e-15,0.0,0.9575,0.9993740889326691,1.201813883605929,0.034076446037263786,132,6,2.498001805406602e-16
outside_class,fixed_streak,2026090706,1.09375,2000,123,1.8141485717415395,1.6586501227351218,1.8141485717413994,1.6586501227349937,2.282195192605144,2.0865784618104173,-0.46804662086360443,-0.4279283390752955,0.0,1.4011014570769476e-13,1.659263004771816e-15,0.0,0.9575,0.9994402358432306,1.6230145404506293,0.035635582284492935,115,7,3.95516952522712e-16
outside_class,class_horizon,2026090707,1.68175,2000,259,0.9382815163681036,0.5579197362081781,0.9382815163679399,0.5579197362080808,0.8360411887084965,0.49712572541013617,0.10224032765960708,0.06079401079804197,0.0,1.637578961322106e-13,1.8231943732516243e-15,0.0,0.9775,0.9999064251701903,0.5271537297275649,0.0307660064806128,251,7,4.145989107584569e-16
outside_class,empirical_horizon,2026090707,1.68175,2000,168,1.606064837864729,0.9549961872244561,1.6060648378645581,0.9549961872243544,1.581334810993375,0.9402912507764976,0.024730026871354116,0.014704936447958445,0.0,1.709743457922741e-13,1.837939522797427e-15,0.0,0.963,0.9995143376811955,0.9224177862283268,0.03257840099612968,159,8,4.3368086899420177e-16
outside_class,fixed_streak,2026090707,1.68175,2000,129,2.674752356688081,1.5904577711836367,2.674752356687888,1.5904577711835217,2.790804734491282,1.6594646852928687,-0.11605237780320099,-0.06900691410923204,0.0,1.9317880628477724e-13,3.256645170549022e-15,0.0,0.959,0.9993499073471803,1.556184280561079,0.034273490622557856,117,10,5.273559366969494e-16
