split,seed,amplitude,stiffness,phase,x0,v0,random_check_seed,policy,drift_coefficient,fixed_k,n_steps,physical_duration,n_reference,n_initial_reference,n_forced_reference,n_random_reference,n_unreferenced,n_start_violations,n_interval_violations,n_envelope_counterexamples,n_eligible,n_eligible_start_violations,n_random_start_violations,n_full_corrections,n_measurement_force_calls,reference_fraction,unreferenced_physical_duration,interval_violation_rate,start_violation_rate,maximum_unreferenced_streak,maximum_unreferenced_streak_time,maximum_unreferenced_force_error,maximum_positive_envelope_excess,initial_error_min,initial_error_mean,initial_error_max,margin_min,margin_mean,margin_max,trust_time_min,trust_time_median,trust_time_max,squared_position_error_sum,squared_velocity_error_sum,position_rmse,velocity_rmse,final_relative_energy_change,maximum_absolute_relative_energy_change
calibration,2026090500,0.6,1.1,4.053481846236735,-0.367351878283392,0.4975518639034833,2036090500,class_horizon,0.2,,2000,20.0,85,1,40,44,1915,0,0,0,1959,0,0,0,6006,0.0425,19.150000000000002,0.0,0.0,36,0.36,0.027207079064513418,0.0,4.301663275696477e-05,0.0026739663066906293,0.007347037565667847,0.042652962434332156,0.04732603369330937,0.04995698336724304,0.29341288934394466,0.3287768250905792,0.38836341230509597,5.854532864507579,7.0608207444281685,0.05410421824824558,0.0594172565187428,0.47972279731152945,0.47972279731152945
calibration,2026090501,0.8,1.1,5.04538877841897,0.26150360168383807,0.792954887075563,2036090501,class_horizon,0.2,,2000,20.0,98,1,60,37,1902,0,0,0,1939,0,0,0,6007,0.049,19.02,0.0,0.0,27,0.27,0.027288444429214798,0.0,8.37278899032956e-05,0.0028951332021652358,0.005457688885842915,0.04454231111415709,0.047104866797834766,0.04991627211009671,0.2293607337431287,0.25376292566960784,0.28201855358312544,6.3287326929758025,6.025799639630875,0.05625270079283217,0.054889888138121005,0.35082913989382075,0.35082913989382075
calibration,2026090502,1.2,1.1,2.4727914833765823,-0.9414786707395002,-0.780371516520716,2036090502,class_horizon,0.2,,2000,20.0,139,1,101,37,1861,0,0,0,1898,0,0,0,6007,0.0695,18.61,0.0,0.0,17,0.17,0.027343780023250996,0.0,5.0514078390628825e-05,0.0031230591669459506,0.01882957341479008,0.031170426585209923,0.046876940833054055,0.049949485921609374,0.12159424807110918,0.17149797621426338,0.18860097304589477,6.957468601595236,7.234819712517064,0.05898079603394327,0.060144907151466545,0.24896929720151098,0.24896929720151098
calibration,2026090503,1.6,1.1,2.650936310620865,-1.4112380425459952,-0.7907261890174391,2036090503,class_horizon,0.2,,2000,20.0,182,1,141,40,1818,0,0,0,1858,0,0,0,6007,0.091,18.18,0.0,0.0,13,0.13,0.03269200950114648,0.0,2.6438034513631692e-05,0.0031919708210742755,0.02822476085091985,0.021775239149080153,0.04680802917892573,0.04997356196548637,0.06340907105758206,0.13018987233629115,0.14251086914507008,6.7993783792625075,7.534581479481627,0.058306853710616675,0.06137825950400364,0.1885201626564072,0.1885201626564072
calibration,2026090504,0.6,1.1,4.021462149733099,-0.3823510339012516,0.4849623238583678,2036090504,class_horizon,0.2,,2000,20.0,80,1,45,34,1920,0,0,0,1954,0,0,0,6006,0.04,19.2,0.0,0.0,37,0.37,0.027125021698222493,0.0,4.436987326650321e-05,0.0028439398483351966,0.007647020678025029,0.04235297932197497,0.047156060151664805,0.0499556301267335,0.2890911793533379,0.33193212870836597,0.3806939997496922,6.008993322333593,7.2131564511819075,0.05481328909276286,0.06005479352716945,0.514903586417948,0.514903586417948
calibration,2026090505,0.8,1.1,4.096351912534214,-0.46224420908339336,0.6848089662714377,2036090505,class_horizon,0.2,,2000,20.0,104,1,60,43,1896,0,0,0,1939,0,0,0,6006,0.052,18.96,0.0,0.0,27,0.27,0.02715198772908657,0.0,7.09161056484664e-05,0.0028671485667312647,0.009244884181667856,0.04075511581833215,0.04713285143326874,0.049929083894351536,0.2282996131782832,0.25379468862942045,0.28587215237322733,6.014649028757269,7.013169007123443,0.05483907835092266,0.059216420894560334,0.3671376081158527,0.3671376081158527
calibration,2026090506,1.2,1.1,2.5575656353258953,-1.0010987652973207,-0.6939606533026194,2036090506,class_horizon,0.2,,2000,20.0,137,1,103,33,1863,0,0,0,1896,0,0,0,6007,0.0685,18.63,0.0,0.0,17,0.17,0.02748292608640024,0.0,6.419647640365511e-05,0.0031695873825836576,0.020021975305946516,0.029978024694053487,0.04683041261741634,0.04993580352359635,0.11667000101102058,0.17206639669841142,0.1888389485113148,6.475741608838642,6.880272868833466,0.05690229173257718,0.05865267627667754,0.24451585703106082,0.24451585703106082
calibration,2026090507,1.6,1.1,2.109674254992091,-0.821077211949619,-1.4402831087042385,2036090507,class_horizon,0.2,,2000,20.0,188,1,137,50,1812,0,0,0,1862,0,0,0,6007,0.094,18.12,0.0,0.0,13,0.13,0.029007703044457323,0.0,1.739552924218124e-05,0.0029834898003841116,0.016421544238992447,0.033578455761007556,0.04701651019961589,0.04998260447075782,0.09926351540031333,0.1307425077095302,0.14153041713154596,7.013736188065785,6.831274129491204,0.059218815371745594,0.05844345185515313,0.1785258529669138,0.1785258529669138
heldout,2026090600,0.65,1.18,1.4189990374338657,0.09828974863148432,-0.6979614372373822,2036090600,class_horizon,0.2,,2000,20.0,95,1,57,37,1905,0,0,0,1942,0,0,0,6007,0.0475,19.05,0.0,0.0,32,0.32,0.04539566037986406,0.0,0.0001165978211274954,0.004870343664834862,0.009079132075972815,0.04092086792402719,0.04512965633516514,0.04988340217887251,0.2206789001173467,0.26017755816954474,0.33912449471028394,18.047375995272297,18.75851906646692,0.09499309447342026,0.09684657729230012,0.7919737135698919,0.7919737135698919
heldout,2026090600,0.65,1.18,1.4189990374338657,0.09828974863148432,-0.6979614372373822,2036090600,empirical_horizon,0.10000000000000009,,2000,20.0,65,1,25,39,1935,255,277,1106,1974,261,6,0,6007,0.0325,19.35,0.14315245478036176,0.13178294573643412,59,0.59,0.0819969257624773,0.03255252395739644,9.662647047381512e-06,0.007394030255289033,0.016399385152495477,0.033600614847504526,0.04260596974471097,0.04999033735295262,0.31841821620014793,0.44731891568267035,0.6782489894205673,48.69832945752236,49.80811082105679,0.15604218893863667,0.15781018791741044,1.398090422842571,1.398090422842571
heldout,2026090600,0.65,1.18,1.4189990374338657,0.09828974863148432,-0.6979614372373822,2036090600,fixed_streak,0.2,18,2000,20.0,125,1,85,39,1875,0,0,0,1914,0,0,0,6007,0.0625,18.75,0.0,0.0,18,0.18,0.03622413075955411,0.0,7.593781393100407e-05,0.003549053983401594,0.007244826151910827,0.042755173848089176,0.04645094601659841,0.049924062186069,0.24418364061948983,0.2822485386088155,0.33912449471028394,9.35741920389649,9.726040803189527,0.06840109357275105,0.06973535976529241,0.5570967335631454,0.5570967335631454
heldout,2026090601,0.9,1.18,5.672472927536393,0.7373157397053708,0.5606347206333301,2036090601,class_horizon,0.2,,2000,20.0,130,1,83,46,1870,0,0,0,1916,0,0,0,6007,0.065,18.7,0.0,0.0,22,0.22,0.045594755659182966,0.0,2.2769800771316184e-05,0.005027745593019063,0.026543366629393272,0.02345663337060673,0.04497225440698094,0.04997723019922869,0.11579970207363295,0.19562799057598407,0.23442712524127743,15.016454091268665,20.203998242652567,0.08665002622985368,0.10050870171943463,0.561519625320608,0.561519625320608
heldout,2026090601,0.9,1.18,5.672472927536393,0.7373157397053708,0.5606347206333301,2036090601,empirical_horizon,0.10000000000000009,,2000,20.0,88,1,40,47,1912,261,292,1111,1959,268,7,0,6007,0.044,19.12,0.15271966527196654,0.1365062761506276,44,0.44,0.08493015303990588,0.03559405306840838,0.0004887327932947549,0.007846305494106132,0.026543366629393272,0.02345663337060673,0.04215369450589387,0.04951126720670525,0.2315994041472657,0.3404637459935779,0.45496119863850415,42.733391424467214,57.010828165835626,0.14617351234828288,0.1688354645295763,1.0079379963085044,1.0079379963085044
heldout,2026090601,0.9,1.18,5.672472927536393,0.7373157397053708,0.5606347206333301,2036090601,fixed_streak,0.2,18,2000,20.0,130,1,84,45,1870,0,1,0,1915,0,0,0,6007,0.065,18.7,0.0005347593582887701,0.0,18,0.18,0.05045061338691499,0.0,0.00011770550295864268,0.005026446581160159,0.026543366629393272,0.02345663337060673,0.044973553418839844,0.04988229449704136,0.11579970207363295,0.19747615773541963,0.2344703837583739,14.67069235660345,19.836129815233843,0.08564663553404608,0.09958948191258413,0.5672931176820674,0.5672931176820674
heldout,2026090602,1.25,1.18,6.121452588248849,1.2336871848224145,0.21865222936397355,2036090602,class_horizon,0.2,,2000,20.0,165,1,124,40,1835,0,0,0,1875,0,0,0,6007,0.0825,18.35,0.0,0.0,15,0.15,0.04563782959135787,0.0,3.7169697971739524e-05,0.005480873590599721,0.04441273865360684,0.00558726134639316,0.044519126409400284,0.04996283030202826,0.01956084135687075,0.1443220619687347,0.16910594459553346,16.675588990993713,21.888174719644702,0.09131152443967222,0.1046139921799295,0.40757186042564414,0.40757186042564414
heldout,2026090602,1.25,1.18,6.121452588248849,1.2336871848224145,0.21865222936397355,2036090602,empirical_horizon,0.10000000000000009,,2000,20.0,101,1,55,45,1899,268,313,1124,1944,282,14,0,6007,0.0505,18.990000000000002,0.16482359136387573,0.14112690889942076,30,0.3,0.08189772172522924,0.032117193980659244,0.0005026391384861384,0.009315872258668912,0.04441273865360684,0.00558726134639316,0.04068412774133109,0.049497360861513864,0.03912168271374146,0.24742032323553229,0.328995631038324,48.177665906678946,63.85809930598247,0.15520577615971473,0.17868701590488112,0.7332243084377553,0.7332243084377553
heldout,2026090602,1.25,1.18,6.121452588248849,1.2336871848224145,0.21865222936397355,2036090602,fixed_streak,0.2,18,2000,20.0,131,1,87,43,1869,94,135,0,1912,96,2,0,6007,0.0655,18.69,0.07223113964686999,0.05029427501337614,18,0.18,0.06806786884332,0.0,0.00016731381424706093,0.006985207407606933,0.04441273865360684,0.00558726134639316,0.04301479259239307,0.04983268618575294,0.01956084135687075,0.13780676425621358,0.16842374208175104,29.01317802618005,38.882711962270115,0.12044330206819318,0.13943226305677986,0.5666912402899787,0.5666912402899787
heldout,2026090603,1.55,1.18,3.674855390234998,-1.3347872411440944,0.855917498732878,2036090603,class_horizon,0.2,,2000,20.0,205,1,150,54,1795,0,0,0,1849,0,0,0,6007,0.1025,17.95,0.0,0.0,12,0.12,0.04564203142287082,0.0,3.2424112211826284e-05,0.005329777703028159,0.048052340681187466,0.0019476593188125363,0.044670222296971845,0.049967575887788176,0.005563094121951486,0.11822212651776695,0.13765922084583937,19.49805700149143,21.591211626324046,0.09873716879040899,0.10390190476195335,0.3226046021333138,0.3226046021333138
heldout,2026090603,1.55,1.18,3.674855390234998,-1.3347872411440944,0.855917498732878,2036090603,empirical_horizon,0.10000000000000009,,2000,20.0,133,1,75,57,1867,295,347,1121,1924,303,8,0,6007,0.0665,18.67,0.18585966791644348,0.1580074986609534,25,0.25,0.08385756897873364,0.03455981086750683,0.00011327782256609353,0.008566070333423603,0.048052340681187466,0.0019476593188125363,0.0414339296665764,0.04988672217743391,0.011126188243902962,0.21027310211912856,0.2745828339836775,56.81463381337438,63.402927819998006,0.16854470299207622,0.17804904916903938,0.5813870960856518,0.5813870960856518
heldout,2026090603,1.55,1.18,3.674855390234998,-1.3347872411440944,0.855917498732878,2036090603,fixed_streak,0.2,18,2000,20.0,138,1,83,54,1862,260,309,0,1916,263,3,0,6007,0.069,18.62,0.16595059076262084,0.13963480128893663,18,0.18,0.08714943678222964,0.0,0.0002195931528015116,0.008094874200202388,0.048052340681187466,0.0019476593188125363,0.04190512579979762,0.04978040684719849,0.005563094121951486,0.10794655310276086,0.13811778727137905,48.08863383054704,54.331132055998225,0.15506230010958022,0.1648197986529504,0.5468341527579159,0.5468341527579159
heldout,2026090604,0.65,1.18,4.935282348006976,0.14368401824491536,0.6886136692102284,2036090604,class_horizon,0.2,,2000,20.0,96,1,60,35,1904,0,0,0,1939,0,0,0,6007,0.048,19.04,0.0,0.0,31,0.31,0.04499183355150396,0.0,1.4557567042161601e-05,0.004817819921714051,0.008998366710300791,0.04100163328969921,0.04518218007828595,0.04998544243295784,0.21880888779681434,0.26422439354286853,0.32448792153158956,15.73095339295449,17.52250399452529,0.08868752277788147,0.09360155980144051,0.7708071764613013,0.7708071764613013
heldout,2026090604,0.65,1.18,4.935282348006976,0.14368401824491536,0.6886136692102284,2036090604,empirical_horizon,0.10000000000000009,,2000,20.0,63,1,25,37,1937,222,245,1143,1974,229,7,0,6007,0.0315,19.37,0.12648425400103253,0.11461022199277233,60,0.6,0.08464078933764713,0.03545273007555816,9.009918884894663e-05,0.0074718307841997456,0.016928157867529436,0.033071842132470566,0.04252816921580026,0.049909900811151056,0.33221832150752906,0.47427365567161595,0.6498224324525274,40.567782860889416,43.668251155054556,0.14242152727184437,0.14776374919961688,1.3289451173879403,1.3289451173879403
heldout,2026090604,0.65,1.18,4.935282348006976,0.14368401824491536,0.6886136692102284,2036090604,fixed_streak,0.2,18,2000,20.0,121,1,84,36,1879,0,0,0,1915,0,0,0,6007,0.0605,18.79,0.0,0.0,18,0.18,0.03510929235059934,0.0,7.79389889346005e-05,0.003690145751011149,0.007021858470119879,0.04297814152988012,0.046309854248988855,0.0499220610110654,0.24229054128907432,0.2822324417007396,0.33388844144031093,8.851288336063108,9.917266402947043,0.06652551516547282,0.07041756316057465,0.5697224192039191,0.5697224192039191
heldout,2026090605,0.9,1.18,2.0499280988817423,-0.4149079990545089,-0.8675624448639352,2036090605,class_horizon,0.2,,2000,20.0,127,1,81,45,1873,0,0,0,1918,0,0,0,6007,0.0635,18.73,0.0,0.0,22,0.22,0.04503375528073199,0.0,0.00013906358735482627,0.004972740976048495,0.014936687965962314,0.03506331203403769,0.04502725902395151,0.049860936412645177,0.1692146580524926,0.1969003392318483,0.23724549431255926,15.3851735795788,18.75734452030709,0.08770739301672009,0.09684354526840468,0.5460232676130887,0.5460232676130887
heldout,2026090605,0.9,1.18,2.0499280988817423,-0.4149079990545089,-0.8675624448639352,2036090605,empirical_horizon,0.10000000000000009,,2000,20.0,82,1,35,46,1918,245,273,1135,1964,252,7,0,6007,0.041,19.18,0.14233576642335766,0.12773722627737227,43,0.43,0.08341317784107605,0.033446036629389914,0.0004278704688005508,0.007937745026658422,0.016682635568215254,0.03331736443178475,0.04206225497334158,0.04957212953119945,0.25608063662184694,0.3452841446049091,0.45949663569256166,42.63633567209437,50.75231198217393,0.14600742390730406,0.1592989516321026,0.9705589100308687,0.9705589100308687
heldout,2026090605,0.9,1.18,2.0499280988817423,-0.4149079990545089,-0.8675624448639352,2036090605,fixed_streak,0.2,18,2000,20.0,124,1,82,41,1876,0,1,0,1917,0,0,0,6007,0.062,18.76,0.0005330490405117271,0.0,18,0.18,0.051114060149175196,0.0,0.000147035455143385,0.005057805474932346,0.014936687965962314,0.03506331203403769,0.044942194525067654,0.04985296454485662,0.16333796385914578,0.19814082965152652,0.23149870917272908,15.449414117384046,18.785867991969745,0.08789031265555962,0.09691715016437943,0.5598194122406968,0.5598194122406968
heldout,2026090606,1.25,1.18,0.9656479758444838,0.711105111209617,-1.1167178849457182,2036090606,class_horizon,0.2,,2000,20.0,162,1,130,31,1838,0,0,0,1869,0,0,0,6007,0.081,18.38,0.0,0.0,16,0.16,0.04568965892122662,0.0,0.00016137750452061006,0.005314548925595973,0.025599784003546233,0.02440021599645377,0.04468545107440403,0.04983862249547939,0.08830351718182175,0.1434407772097933,0.1739062847379747,20.06614212216476,20.805403421003426,0.10016521881912094,0.10199363563723823,0.4037650600010567,0.4037650600010567
heldout,2026090606,1.25,1.18,0.9656479758444838,0.711105111209617,-1.1167178849457182,2036090606,empirical_horizon,0.10000000000000009,,2000,20.0,101,1,69,31,1899,293,337,1122,1930,297,4,0,6007,0.0505,18.990000000000002,0.17746182201158506,0.15429173249078462,33,0.33,0.08266114761707405,0.033708936891607096,0.00029160738811961906,0.008928628978877941,0.025599784003546233,0.02440021599645377,0.041071371021122065,0.049708392611880384,0.17660703436364333,0.24604027559714978,0.34760425433177455,58.59886675238609,61.11478828254963,0.17117077255242216,0.17480673368401692,0.7312468244582768,0.7312468244582768
heldout,2026090606,1.25,1.18,0.9656479758444838,0.711105111209617,-1.1167178849457182,2036090606,fixed_streak,0.2,18,2000,20.0,122,1,91,30,1878,121,160,0,1908,125,4,0,6007,0.061,18.78,0.08519701810436635,0.06443024494142705,18,0.18,0.07084649047646674,0.0,2.1700705614691174e-05,0.0071961547026419565,0.025599784003546233,0.02440021599645377,0.04280384529735805,0.04997829929438531,0.08830351718182175,0.1354605667924168,0.17071860821785698,37.23007173368885,38.416387231656444,0.13643692999640686,0.13859362761623717,0.584047211585395,0.584047211585395
heldout,2026090607,1.55,1.18,0.35564408944277504,1.453004743340344,-0.5862653961133509,2036090607,class_horizon,0.2,,2000,20.0,200,1,152,47,1800,0,0,0,1847,0,0,1,6007,0.1,18.0,0.0,0.0,12,0.12,0.04555072292076409,0.0,0.0,0.005213786036008804,0.009110144584152824,0.04088985541584718,0.0447862139639912,0.05,0.10665265566137293,0.11862816315645036,0.13796847050978583,18.834679917063397,21.78045764445791,0.09704297995492357,0.10435625914255912,0.3232118136061786,0.3232131262210969
heldout,2026090607,1.55,1.18,0.35564408944277504,1.453004743340344,-0.5862653961133509,2036090607,empirical_horizon,0.10000000000000009,,2000,20.0,120,1,72,47,1880,283,340,1146,1927,295,12,1,6007,0.06,18.8,0.18085106382978725,0.15053191489361703,26,0.26,0.08360120964640011,0.033762822402868695,0.0,0.009066533864231395,0.01672024192928001,0.03327975807071999,0.040933466135768606,0.05,0.15901622967155724,0.20462812104901867,0.2759369410195715,56.18143242666948,65.71701917672691,0.16760285264080305,0.18126916336863105,0.5899184915459126,0.5899401281673838
heldout,2026090607,1.55,1.18,0.35564408944277504,1.453004743340344,-0.5862653961133509,2036090607,fixed_streak,0.2,18,2000,20.0,126,1,79,46,1874,260,311,0,1920,269,9,1,6007,0.063,18.740000000000002,0.16595517609391675,0.13874066168623267,18,0.18,0.08545541677011988,0.0,0.0,0.008605953833966612,0.01709108335402397,0.03290891664597603,0.04139404616603339,0.05,0.07893370862319966,0.10578127096486917,0.13796847050978583,51.051762477717695,59.939036119941704,0.15976821097721175,0.17311706461227575,0.571329186759765,0.5713424566703218
heldout,2026090608,0.65,1.18,4.756616304383829,0.028738389476840584,0.7053902776937936,2036090608,class_horizon,0.2,,2000,20.0,101,1,57,43,1899,0,0,0,1942,0,0,0,6007,0.0505,18.990000000000002,0.0,0.0,34,0.34,0.04554485537847429,0.0,7.812832216602672e-05,0.004474031237781179,0.00910897107569486,0.04089102892430514,0.04552596876221882,0.049921871677833976,0.2215219198501532,0.26809945749032943,0.3507137710687826,16.53933035138094,17.65060416345802,0.0909376994193853,0.09394307894533269,0.7713722198753276,0.7713722198753276
heldout,2026090608,0.65,1.18,4.756616304383829,0.028738389476840584,0.7053902776937936,2036090608,empirical_horizon,0.10000000000000009,,2000,20.0,70,1,25,44,1930,256,278,1189,1974,263,7,0,6007,0.035,19.3,0.14404145077720207,0.13264248704663212,63,0.63,0.0842258086326933,0.035253436796702786,5.835901407302835e-05,0.006919311416352477,0.01684516172653866,0.03315483827346134,0.043080688583647525,0.049941640985926974,0.311670005436695,0.47064154561099436,0.7014275421375645,48.76683900058155,50.853938206747166,0.15615191161266895,0.15945836166025784,1.4129954219500953,1.4129954219500953
heldout,2026090608,0.65,1.18,4.756616304383829,0.028738389476840584,0.7053902776937936,2036090608,fixed_streak,0.2,18,2000,20.0,129,1,85,43,1871,0,0,0,1914,0,0,0,6007,0.0645,18.71,0.0,0.0,18,0.18,0.03510896285429102,0.0,4.0636458704224054e-05,0.0034376595620671134,0.007021792570858221,0.04297820742914178,0.04656234043793289,0.04995936354129578,0.2431100297025119,0.2827325964361835,0.3507137710687826,8.958493727424381,9.618530916517598,0.06692717582351873,0.06934886775037354,0.5641865499150641,0.5641865499150641
heldout,2026090609,0.9,1.18,5.965930582774276,0.8550858707345576,0.30498724781660264,2036090609,class_horizon,0.2,,2000,20.0,127,1,84,42,1873,0,0,0,1915,0,0,0,6007,0.0635,18.73,0.0,0.0,22,0.22,0.04565236067336991,0.0,0.0001280068219067232,0.005247754193380809,0.03078309134644408,0.019216908653555922,0.04475224580661919,0.04987199317809328,0.09377212168503121,0.19377367154359157,0.23568476809644331,16.19376269799999,21.904292045435337,0.08998267249309722,0.10465250127310703,0.5858272828680333,0.5858272828680333
heldout,2026090609,0.9,1.18,5.965930582774276,0.8550858707345576,0.30498724781660264,2036090609,empirical_horizon,0.10000000000000009,,2000,20.0,86,1,44,41,1914,296,331,1154,1955,304,8,0,6007,0.043,19.14,0.1729362591431557,0.15464994775339602,45,0.45,0.07946641711233017,0.030032438492074612,4.490977865212464e-05,0.008230414476041744,0.03078309134644408,0.019216908653555922,0.04176958552395826,0.04995509022134788,0.18754424337006226,0.3324432626799089,0.46632759148806757,46.53192346766777,63.152508353501666,0.15253183842671628,0.17769708544810417,1.0679605250220279,1.0679605250220279
heldout,2026090609,0.9,1.18,5.965930582774276,0.8550858707345576,0.30498724781660264,2036090609,fixed_streak,0.2,18,2000,20.0,130,1,87,42,1870,0,2,0,1912,0,0,0,6007,0.065,18.7,0.0010695187165775401,0.0,18,0.18,0.05147625065660058,0.0,0.0001487082115732008,0.005116452895278436,0.03078309134644408,0.019216908653555922,0.04488354710472157,0.0498512917884268,0.09377212168503121,0.1976084817179235,0.23623513365461962,15.584767295032544,21.34115640122792,0.08827447902715864,0.10329849079543205,0.5941906444008912,0.5941906444008912
heldout,2026090610,1.25,1.18,1.9718305222314776,-0.4879633637031206,-1.2501129035837413,2036090610,class_horizon,0.2,,2000,20.0,162,1,125,36,1838,0,0,0,1874,0,0,0,6007,0.081,18.38,0.0,0.0,16,0.16,0.04578855688852937,0.0,2.7307144184751664e-05,0.005309074796823781,0.017566681093312275,0.03243331890668773,0.044690925203176225,0.04997269285581525,0.11844859113128921,0.14395839243960845,0.172430816116637,17.87590814032114,21.53608032389528,0.09454075348843254,0.1037691676845663,0.40847879097857576,0.40847879097857576
heldout,2026090610,1.25,1.18,1.9718305222314776,-0.4879633637031206,-1.2501129035837413,2036090610,empirical_horizon,0.10000000000000009,,2000,20.0,103,1,66,36,1897,299,343,1106,1933,302,3,0,6007,0.0515,18.97,0.18081180811808117,0.15761729045861886,31,0.31,0.08365298115378096,0.034330432369897565,9.896344436777227e-05,0.008721903415301034,0.017566681093312275,0.03243331890668773,0.04127809658469897,0.04990103655563223,0.18911698016299727,0.24974671430715398,0.330205093957512,52.75556876754867,62.70973052013394,0.16241238987150683,0.17707305063184225,0.7395479972239349,0.7395479972239349
heldout,2026090610,1.25,1.18,1.9718305222314776,-0.4879633637031206,-1.2501129035837413,2036090610,fixed_streak,0.2,18,2000,20.0,126,1,87,38,1874,102,141,0,1912,102,0,0,6007,0.063,18.740000000000002,0.07524012806830309,0.054429028815368194,18,0.18,0.06959062794843154,0.0,7.687500494801824e-05,0.00691678751222329,0.017566681093312275,0.03243331890668773,0.04308321248777671,0.049923124995051985,0.10622996166342213,0.13601620711149848,0.16635859987009716,32.32986856812438,38.62942597098345,0.12714139484865736,0.138977382999867,0.572247901557687,0.572247901557687
heldout,2026090611,1.55,1.18,1.518689029110935,0.08072976732102047,-1.6814456849712947,2036090611,class_horizon,0.2,,2000,20.0,193,1,157,35,1807,0,0,0,1842,0,0,0,6007,0.0965,18.07,0.0,0.0,12,0.12,0.04564701866370943,0.0,9.445391513374091e-07,0.005316409470280618,0.009129403732741875,0.04087059626725813,0.04468359052971938,0.049999055460848665,0.1073144166036829,0.11761782614196525,0.13982863603804058,19.911335853561695,21.451028450349533,0.09977809342125579,0.10356405855882032,0.32510200138224254,0.32510200138224254
heldout,2026090611,1.55,1.18,1.518689029110935,0.08072976732102047,-1.6814456849712947,2036090611,empirical_horizon,0.10000000000000009,,2000,20.0,119,1,83,35,1881,284,338,1107,1916,288,4,0,6007,0.0595,18.81,0.1796916533758639,0.15098351940457203,26,0.26,0.08211791278333995,0.03241749443544236,5.626777454215137e-05,0.008892119640266354,0.01642358255666799,0.033576417443332014,0.041107880359733645,0.04994373222545785,0.1686923787836752,0.20203361815819634,0.27965727207608093,59.05009597410791,63.15865436681882,0.17182854241089854,0.1777057319936794,0.5859561161368844,0.5859561161368844
heldout,2026090611,1.55,1.18,1.518689029110935,0.08072976732102047,-1.6814456849712947,2036090611,fixed_streak,0.2,18,2000,20.0,127,1,85,41,1873,260,312,0,1914,264,4,0,6007,0.0635,18.73,0.16657768286171917,0.1388147357180993,18,0.18,0.08683733333186444,0.0,3.060222257111889e-05,0.008280163588002175,0.01736746666637287,0.03263253333362713,0.04171983641199783,0.049969397777428884,0.0787115382528545,0.10594053644268134,0.13982863603804058,52.78844581267401,55.919176661279046,0.1624629893432255,0.16721120874702008,0.5651572107355677,0.5651572107355677
heldout,2026090612,0.65,1.18,0.28491992638218255,0.6237947058688195,-0.19846560058972176,2036090612,class_horizon,0.2,,2000,20.0,102,1,55,46,1898,0,0,0,1944,0,0,0,6006,0.051,18.98,0.0,0.0,31,0.31,0.045238332289982953,0.0,9.396209420742263e-05,0.004859928568434348,0.022456609411277473,0.02754339058872253,0.045140071431565655,0.04990603790579258,0.18592688556155876,0.25932709675498195,0.3295160955163589,16.33290053175554,19.781878291857947,0.09036841409407255,0.09945320078272481,0.7953101502499142,0.7953101502499142
heldout,2026090612,0.65,1.18,0.28491992638218255,0.6237947058688195,-0.19846560058972176,2036090612,empirical_horizon,0.10000000000000009,,2000,20.0,70,1,21,48,1930,238,260,1140,1978,245,7,0,6006,0.035,19.3,0.13471502590673576,0.12331606217616581,57,0.5700000000000001,0.08118705610157217,0.0314395294081549,1.0407750343999211e-05,0.007604890595727799,0.022456609411277473,0.02754339058872253,0.042395109404272206,0.049989592249656004,0.3213287003616766,0.4463320909259656,0.6177792159517596,43.69678009039905,53.6915445889059,0.1478120091372806,0.16384679519127907,1.413302999654468,1.413302999654468
heldout,2026090612,0.65,1.18,0.28491992638218255,0.6237947058688195,-0.19846560058972176,2036090612,fixed_streak,0.2,18,2000,20.0,129,1,81,47,1871,0,0,0,1918,0,0,0,6006,0.0645,18.71,0.0,0.0,18,0.18,0.036870504655268754,0.0,1.0845209161503e-05,0.003716939753160402,0.022456609411277473,0.02754339058872253,0.0462830602468396,0.0499891547908385,0.18592688556155876,0.27958325124559624,0.3230440984956208,8.732322927896488,10.504124836691563,0.06607693594551918,0.07247111437218129,0.5671481506459484,0.5671481506459484
heldout,2026090613,0.9,1.18,0.6464017673892678,0.7184306175814931,-0.5888563392809317,2036090613,class_horizon,0.2,,2000,20.0,125,1,88,36,1875,0,0,0,1911,0,0,0,6007,0.0625,18.75,0.0,0.0,22,0.22,0.04552250433599525,0.0,8.634495000925391e-05,0.005201836049100319,0.025863502232933766,0.024136497767066237,0.04479816395089969,0.04991365504999075,0.11936211925270541,0.1948349579743261,0.23224833838964984,18.757085290220854,20.494690728709575,0.09684287606794022,0.10122917249664144,0.5733162005163278,0.5733162005163278
heldout,2026090613,0.9,1.18,0.6464017673892678,0.7184306175814931,-0.5888563392809317,2036090613,empirical_horizon,0.10000000000000009,,2000,20.0,82,1,44,37,1918,301,332,1085,1955,304,3,0,6007,0.041,19.18,0.17309697601668406,0.15693430656934307,43,0.43,0.08490638154566937,0.035704081400743916,0.0001487740263139692,0.0083210710135282,0.025863502232933766,0.024136497767066237,0.041678928986471804,0.049851225973686034,0.23872423850541064,0.33910648121771364,0.4907459401075015,51.87652232415448,57.279294810915516,0.16105359717211298,0.16923252466785974,1.0365732601755369,1.0365732601755369
heldout,2026090613,0.9,1.18,0.6464017673892678,0.7184306175814931,-0.5888563392809317,2036090613,fixed_streak,0.2,18,2000,20.0,124,1,85,38,1876,0,2,0,1914,0,0,0,6007,0.062,18.76,0.0010660980810234541,0.0,18,0.18,0.051039443345344604,0.0,0.0001131054064404946,0.0051947229549475634,0.025863502232933766,0.024136497767066237,0.04480527704505244,0.04988689459355951,0.11936211925270541,0.19667316686379202,0.24369345699717088,17.90655060262374,19.510373884266166,0.09462174856401603,0.0987683499008315,0.5794846710384973,0.5794846710384973
heldout,2026090614,1.25,1.18,4.783184771521733,0.0884208341895868,1.3544461865189907,2036090614,class_horizon,0.2,,2000,20.0,168,1,123,44,1832,0,0,0,1876,0,0,0,6007,0.084,18.32,0.0,0.0,16,0.16,0.04579636483566411,0.0,6.414581226321658e-05,0.004992278670234903,0.009159272967132814,0.04084072703286719,0.0450077213297651,0.049935854187736786,0.12889355255668578,0.1453281828610323,0.17596958889303374,18.142186075583208,19.94585515731233,0.09524228597525158,0.0998645461545596,0.39502848146199754,0.39502848146199754
heldout,2026090614,1.25,1.18,4.783184771521733,0.0884208341895868,1.3544461865189907,2036090614,empirical_horizon,0.10000000000000009,,2000,20.0,105,1,61,43,1895,278,321,1108,1938,283,5,0,6007,0.0525,18.95,0.16939313984168866,0.1467018469656992,33,0.33,0.08512349960590737,0.03583113853810525,2.6065465883240435e-05,0.00829037993524261,0.017024699921181385,0.03297530007881862,0.04170962006475739,0.04997393453411676,0.19140066548022105,0.25044283400125805,0.3450098970095468,55.055073184154494,59.70721746321607,0.1659142446930861,0.17278196876875793,0.7226313222731755,0.7226313222731755
heldout,2026090614,1.25,1.18,4.783184771521733,0.0884208341895868,1.3544461865189907,2036090614,fixed_streak,0.2,18,2000,20.0,126,1,83,42,1874,95,131,0,1916,99,4,0,6007,0.063,18.740000000000002,0.06990394877267876,0.05069370330843116,18,0.18,0.06977785755115937,0.0,3.5588569255784464e-05,0.0067193215531826025,0.013955571510231884,0.03604442848976812,0.0432806784468174,0.04996441143074422,0.10887648693270525,0.13740799850913685,0.172346580144569,32.94039968627401,35.63029996877992,0.12833627641137563,0.13347340553230055,0.5618974135086311,0.5618974135086311
heldout,2026090615,1.55,1.18,2.195334547590031,-0.9063202232325958,-1.3658984993374688,2036090615,class_horizon,0.2,,2000,20.0,195,1,160,34,1805,0,0,0,1839,0,0,0,6007,0.0975,18.05,0.0,0.0,12,0.12,0.04581823033564575,0.0,6.095722040022622e-05,0.005469727449416119,0.03262752803637348,0.017372471963626526,0.04453027255058389,0.04993904277959978,0.05065316292653043,0.11793704062256036,0.13477253189918031,17.177271562450287,22.011695332462313,0.09267489293883831,0.10490875876794634,0.32754058315747403,0.32754058315747403
heldout,2026090615,1.55,1.18,2.195334547590031,-0.9063202232325958,-1.3658984993374688,2036090615,empirical_horizon,0.10000000000000009,,2000,20.0,119,1,84,34,1881,289,347,1123,1915,294,5,0,6007,0.0595,18.81,0.1844763423710792,0.15364167995746944,25,0.25,0.08513307483296384,0.03514347150241124,2.0761072862640617e-05,0.009253728130616787,0.03262752803637348,0.017372471963626526,0.04074627186938321,0.04997923892713736,0.10130632585306079,0.20450758099249217,0.2656936550011893,51.48837707179663,65.34236000977374,0.16044995648456348,0.18075170816588945,0.5934246886657589,0.5934246886657589
heldout,2026090615,1.55,1.18,2.195334547590031,-0.9063202232325958,-1.3658984993374688,2036090615,fixed_streak,0.2,18,2000,20.0,123,1,88,34,1877,288,344,0,1911,296,8,0,6007,0.0615,18.77,0.18327117741076185,0.15343633457645178,18,0.18,0.08860762064102101,0.0,4.474772852702813e-06,0.008970273090746106,0.03262752803637348,0.017372471963626526,0.0410297269092539,0.0499955252271473,0.05065316292653043,0.10368790189266981,0.1345590211599948,48.40905782405272,61.26422306042994,0.1555780476546301,0.1750203174783287,0.5890960469377542,0.5890960469377542
outside_class,2026090700,0.65,1.4,0.3753591385675447,0.6047444125547771,-0.28195367292746637,2036090700,class_horizon,0.2,,2000,20.0,129,1,96,32,1871,373,442,1181,1903,381,8,0,6007,0.0645,18.71,0.23623730625334047,0.1993586317477285,26,0.26,0.09308343618996556,0.04354062035194485,0.0006840992529519863,0.010428185839298264,0.048379553004382125,0.0016204469956178774,0.03957181416070174,0.049315900747048017,0.009570392332968374,0.17697390729361212,0.2757403549480956,53.01159155673644,80.74652602292531,0.16280600657951236,0.2009309906695895,1.6695522846252857,1.6695522846252857
outside_class,2026090700,0.65,1.4,0.3753591385675447,0.6047444125547771,-0.28195367292746637,2036090700,empirical_horizon,0.10000000000000009,,2000,20.0,94,1,55,38,1906,820,885,1539,1944,839,19,0,6007,0.047,19.06,0.46432318992654775,0.4302203567681007,48,0.48,0.16524040112439853,0.11583568324847258,0.0005539036213644266,0.01572510882750092,0.048379553004382125,0.0016204469956178774,0.034274891172499086,0.049446096378635576,0.019140784665936734,0.26696129166520366,0.5514807098961908,130.92715359973593,196.45222473085215,0.2558585093364455,0.31341045350374974,2.948328618867059,2.948328618867059
outside_class,2026090700,0.65,1.4,0.3753591385675447,0.6047444125547771,-0.28195367292746637,2036090700,fixed_streak,0.2,18,2000,20.0,123,1,87,35,1877,431,491,1195,1912,439,8,0,6007,0.0615,18.77,0.2615876398508258,0.229621736814065,18,0.18,0.11629791536582929,0.04755961604597726,4.032646897522696e-05,0.0106749530196703,0.048379553004382125,0.0016204469956178774,0.0393250469803297,0.049959673531024776,0.009570392332968374,0.18217541483546237,0.2756263849135717,52.83553524502957,80.79128350179934,0.16253543497500716,0.20098667058016478,1.8144840936564743,1.8144840936564743
outside_class,2026090701,0.9,1.4,3.0579982324553643,-0.8968572185330184,-0.08891558576146723,2036090701,class_horizon,0.2,,2000,20.0,167,1,128,38,1833,333,417,1119,1871,340,7,1,6008,0.0835,18.330000000000002,0.22749590834697217,0.18166939443535188,18,0.18,0.09224490998699814,0.04319108355116001,0.0,0.009749034734186163,0.01844898199739964,0.031551018002600364,0.040250965265813836,0.05,0.10923805088048744,0.13901386277136632,0.1986106065102077,53.5058482651408,73.66682958063932,0.16356321142778532,0.19192033448886978,1.0859221490598556,1.0859221490598556
outside_class,2026090701,0.9,1.4,3.0579982324553643,-0.8968572185330184,-0.08891558576146723,2036090701,empirical_horizon,0.10000000000000009,,2000,20.0,116,1,77,38,1884,822,902,1491,1922,833,11,1,6008,0.058,18.84,0.47876857749469215,0.43630573248407645,38,0.38,0.17025081825317162,0.12088927162012364,0.0,0.015453962068190023,0.03405016365063429,0.015949836349365712,0.03454603793180998,0.05,0.09746427671467356,0.2084395823691792,0.3972212130204151,139.92400501792082,190.14907735894332,0.2645033128506341,0.308341594144338,1.9361848884425061,1.9361848884425061
outside_class,2026090701,0.9,1.4,3.0579982324553643,-0.8968572185330184,-0.08891558576146723,2036090701,fixed_streak,0.2,18,2000,20.0,126,1,89,36,1874,732,808,1162,1910,741,9,1,6008,0.063,18.740000000000002,0.4311632870864461,0.39060832443970117,18,0.18,0.15599005531916038,0.06257981512413602,0.0,0.013680313157557328,0.031198011063832076,0.018801988936167927,0.036319686842442675,0.05,0.05589014826808459,0.12189789876765895,0.1986106065102077,107.68295308325335,143.8614445041964,0.23203766190346486,0.268199034771004,1.7666874538309025,1.7666874538309025
outside_class,2026090702,1.25,1.4,2.8198091015751867,-1.1858410784637743,-0.4677534727599803,2036090702,class_horizon,0.2,,2000,20.0,216,1,174,41,1784,315,431,1078,1825,323,8,1,6008,0.108,17.84,0.24159192825112108,0.1765695067264574,13,0.13,0.08945563041851423,0.042325071813386864,0.0,0.009824021738984575,0.017891126083702857,0.032108873916297145,0.040175978261015426,0.05,0.08574415787254752,0.10630434348755821,0.14494318094226782,53.50414693053748,70.1597259232961,0.16356061098341723,0.1872961904621876,0.7260823197695669,0.7260823197695669
outside_class,2026090702,1.25,1.4,2.8198091015751867,-1.1858410784637743,-0.4677534727599803,2036090702,empirical_horizon,0.10000000000000009,,2000,20.0,144,1,102,41,1856,808,914,1481,1897,828,20,1,6008,0.072,18.56,0.49245689655172414,0.4353448275862069,27,0.27,0.17249255859169976,0.12329613997585523,0.0,0.01583844137191188,0.03449851171833995,0.01550148828166005,0.034161558628088125,0.05,0.08752092794036172,0.16268915247312576,0.2898863618845354,140.45883422917333,182.6973849019776,0.2650083340474157,0.30223946210081304,1.2634821710551776,1.2634821710551776
outside_class,2026090702,1.25,1.4,2.8198091015751867,-1.1858410784637743,-0.4677534727599803,2036090702,fixed_streak,0.2,18,2000,20.0,128,1,85,42,1872,992,1079,1142,1914,1012,20,1,6008,0.064,18.72,0.5763888888888888,0.5299145299145299,18,0.18,0.20801824640656535,0.08352121913660795,0.0,0.018319691420952217,0.041603649281313056,0.008396350718686947,0.031680308579047786,0.05,0.01836964750689702,0.07473144288651551,0.14494318094226782,197.08637432933938,250.6353354561508,0.31391589186383934,0.35400235554029214,1.6567044702239437,1.6567044702239437
outside_class,2026090703,1.55,1.4,3.208443530305668,-1.5465377839054035,0.12251218769636504,2036090703,class_horizon,0.2,,2000,20.0,259,1,220,38,1741,304,452,1066,1779,315,11,1,6007,0.1295,17.41,0.25962090752441125,0.1746122917863297,10,0.1,0.08806034455764217,0.039552118811509315,0.0,0.010151717055053697,0.017612068911528445,0.03238793108847156,0.03984828294494631,0.05,0.07086468813945539,0.08768891447048151,0.1158143168117816,52.8127006363495,76.4473239372464,0.16250030867101375,0.19550872606772107,0.58876676485954,0.58876676485954
outside_class,2026090703,1.55,1.4,3.208443530305668,-1.5465377839054035,0.12251218769636504,2036090703,empirical_horizon,0.10000000000000009,,2000,20.0,172,1,132,39,1828,824,953,1471,1867,841,17,1,6007,0.086,18.28,0.5213347921225383,0.45076586433260396,22,0.22,0.167018568854141,0.118665906872859,0.0,0.016334995706181004,0.03340371377082818,0.016596286229171822,0.033665004293819,0.05,0.07511612472554845,0.13734302886120875,0.23056177280551288,140.0098744647663,201.492370374929,0.2645844614341197,0.317405395649577,1.02111722415402,1.02111722415402
outside_class,2026090703,1.55,1.4,3.208443530305668,-1.5465377839054035,0.12251218769636504,2036090703,fixed_streak,0.2,18,2000,20.0,128,1,88,39,1872,1168,1252,1143,1911,1192,24,3,6007,0.064,18.72,0.6688034188034188,0.6239316239316239,18,0.18,0.2754467845118041,0.11178848547180928,0.0,0.02226747000270812,0.04949466338061259,0.0005053366193874115,0.027732529997291883,0.05,0.0008410204977185091,0.056703419268822344,0.11528088640275654,289.60826076628035,406.4142825078278,0.38053137897306205,0.4507850277614751,1.6887164263154337,1.6887164263154337
outside_class,2026090704,0.65,1.4,5.760566931021964,0.5632348716941742,0.383892004384965,2036090704,class_horizon,0.2,,2000,20.0,133,1,84,48,1867,305,367,1114,1915,318,13,0,6008,0.0665,18.67,0.19657204070701662,0.16336368505623997,25,0.25,0.09231447589735971,0.04235357750968587,0.0002631959790062588,0.00951755282819741,0.0450587897355339,0.004941210264466103,0.04048244717180259,0.049736804020993744,0.02952683262678492,0.18165567896309107,0.2699217463251278,49.807797957898515,61.943528979461334,0.1578096922845655,0.17598796688901963,1.4791181071719433,1.4791181071719433
outside_class,2026090704,0.65,1.4,5.760566931021964,0.5632348716941742,0.383892004384965,2036090704,empirical_horizon,0.10000000000000009,,2000,20.0,96,1,45,50,1904,722,786,1490,1954,750,28,0,6008,0.048,19.04,0.41281512605042014,0.3792016806722689,49,0.49,0.15801053398109943,0.10870191273601781,0.00017252063500894366,0.0143603208333168,0.0450587897355339,0.004941210264466103,0.0356396791666832,0.04982747936499106,0.05905366525356979,0.2877734437752828,0.5098820581460015,116.96481022716249,144.26120446970413,0.2418313567624787,0.26857140993570416,2.5266470853878014,2.5266470853878014
outside_class,2026090704,0.65,1.4,5.760566931021964,0.5632348716941742,0.383892004384965,2036090704,fixed_streak,0.2,18,2000,20.0,130,1,79,50,1870,379,437,1104,1920,395,16,0,6008,0.065,18.7,0.23368983957219253,0.20267379679144384,18,0.18,0.10977921143317328,0.04476063991133984,0.00010721867332130763,0.009745981367994799,0.0450587897355339,0.004941210264466103,0.0402540186320052,0.049892781326678695,0.02952683262678492,0.18564806889884272,0.28835142123232427,53.59362498597855,65.69592231080057,0.16369731974894786,0.18124006498398826,1.611008841197086,1.611008841197086
outside_class,2026090705,0.9,1.4,1.4968355168238254,0.0665040584912639,-1.061983095103621,2036090705,class_horizon,0.2,,2000,20.0,174,1,128,45,1826,339,429,1137,1871,345,6,0,6007,0.087,18.26,0.23493975903614459,0.18565169769989048,18,0.18,0.0925811373003507,0.04269816989895354,0.00020533669054279002,0.009511825395389304,0.018516227460070124,0.03148377253992988,0.0404881746046107,0.04979466330945721,0.10670122928820219,0.14030116205166368,0.21165128335029906,53.35872410690316,76.55239400321686,0.16333818308482428,0.19564303463606475,1.0887093375333259,1.0887093375333259
outside_class,2026090705,0.9,1.4,1.4968355168238254,0.0665040584912639,-1.061983095103621,2036090705,empirical_horizon,0.10000000000000009,,2000,20.0,122,1,75,46,1878,816,897,1517,1924,830,14,0,6007,0.061,18.78,0.4776357827476038,0.43450479233226835,36,0.36,0.18040484759031647,0.13053115829662326,0.00033904135541518166,0.01501587681794847,0.03608096951806328,0.013919030481936726,0.03498412318205153,0.04966095864458482,0.09086569133081634,0.21484982537493427,0.42330256670059785,139.20226581087783,202.449465357437,0.26382026629021305,0.3181583452916464,1.9533001434716033,1.9533001434716033
outside_class,2026090705,0.9,1.4,1.4968355168238254,0.0665040584912639,-1.061983095103621,2036090705,fixed_streak,0.2,18,2000,20.0,127,1,84,42,1873,746,824,1168,1915,761,15,0,6007,0.0635,18.73,0.4399359316604378,0.39829151094500803,18,0.18,0.15646724575678983,0.06488733192209366,7.852194624313746e-05,0.013890642023775771,0.0312934491513579,0.018706550848642103,0.036109357976224235,0.049921478053756865,0.052621390913468784,0.12321211307824327,0.21165128335029906,105.78054689892505,154.37761029880087,0.22997885435287854,0.27782873348413845,1.798274760614521,1.798274760614521
outside_class,2026090706,1.25,1.4,2.2462602771293354,-0.7815743233890461,-1.1542522288592458,2036090706,class_horizon,0.2,,2000,20.0,212,1,180,31,1788,308,422,1061,1819,315,7,1,6008,0.106,17.88,0.2360178970917226,0.17225950782997762,12,0.12,0.08374908112441898,0.03411754519296255,0.0,0.009923656316013225,0.016749816224883807,0.033250183775116196,0.04007634368398678,0.05,0.0865651605244015,0.10582348956094363,0.15718667875155665,54.64958342432816,67.34599031730416,0.16530212252770404,0.18350203039381358,0.7176556854492674,0.7176556854492674
outside_class,2026090706,1.25,1.4,2.2462602771293354,-0.7815743233890461,-1.1542522288592458,2036090706,empirical_horizon,0.10000000000000009,,2000,20.0,139,1,106,32,1861,786,887,1458,1893,802,16,1,6008,0.0695,18.61,0.47662547017732404,0.42235357334766255,26,0.26,0.15510310972804564,0.10520477655472613,0.0,0.01608556199980703,0.031020621945609173,0.01897937805439083,0.033914438000192976,0.05,0.10359744144965817,0.16104314663864108,0.314373357503113,139.21008808208876,172.07522629708217,0.2638276786863812,0.2933216888478264,1.2358903296430872,1.2358903296430872
outside_class,2026090706,1.25,1.4,2.2462602771293354,-0.7815743233890461,-1.1542522288592458,2036090706,fixed_streak,0.2,18,2000,20.0,123,1,88,34,1877,966,1050,1136,1911,983,17,1,6008,0.0615,18.77,0.5594033031433138,0.5146510388918487,18,0.18,0.2169270535376564,0.0868635514751894,0.0,0.01886900228388609,0.043385410707531324,0.006614589292468678,0.031130997716113912,0.05,0.01404901779293328,0.07441845664907006,0.15718667875155665,206.83653645711456,251.22339871837457,0.3215871083059103,0.35441740837490937,1.6586501227349937,1.6586501227349937
outside_class,2026090707,1.55,1.4,5.694507603663318,1.289097221344047,1.0183416398695873,2036090707,class_horizon,0.2,,2000,20.0,259,1,221,37,1741,286,424,1030,1778,289,3,1,6008,0.1295,17.41,0.24353819643882826,0.16427340608845492,11,0.11,0.08859942564435774,0.041356618335222084,0.0,0.009797826231930328,0.01771988512887157,0.03228011487112843,0.04020217376806967,0.05,0.07424154396388621,0.08809341820667295,0.12064361167595909,53.15090930812919,66.50603567565872,0.1630197983499691,0.18235410013989092,0.5579197362080808,0.5579197362080808
outside_class,2026090707,1.55,1.4,5.694507603663318,1.289097221344047,1.0183416398695873,2036090707,empirical_horizon,0.10000000000000009,,2000,20.0,168,1,126,41,1832,789,914,1456,1873,809,20,1,6008,0.084,18.32,0.49890829694323147,0.4306768558951965,23,0.23,0.17104155670856713,0.12141937070410004,0.0,0.016018607255087053,0.03420831134171343,0.015791688658286576,0.03398139274491295,0.05,0.06812268003523773,0.13342620213479472,0.241287223351918,137.63425649434078,171.65887735086469,0.2623301893552673,0.2929666169983064,0.9549961872243544,0.9549961872243544
outside_class,2026090707,1.55,1.4,5.694507603663318,1.289097221344047,1.0183416398695873,2036090707,fixed_streak,0.2,18,2000,20.0,129,1,86,42,1871,1100,1189,1111,1913,1128,28,2,6008,0.0645,18.71,0.635489043292357,0.5879208979155531,18,0.18,0.26210865812002737,0.10676296757851722,0.0,0.021721485077706163,0.04948208348769578,0.0005179165123042201,0.02827851492229384,0.05,0.00095422610784591,0.05499408530213379,0.12064361167595909,300.3304913921455,365.2782815781643,0.38751160717593064,0.4273630082132544,1.5904577711835217,1.5904577711835217
