atom,element,group,residual_eV_A,Q_meV
0,Li,slab_Li,0.0030294785587798665,0.009548425417880988
1,Li,slab_Li,0.003242830570828508,0.01336601643896064
2,Li,slab_Li,0.0076250692840001974,-0.0030239062787750554
3,Li,slab_Li,0.0094160053724562,0.01587282693904672
4,Li,slab_Li,0.004417527282811086,0.0046634405474483475
5,Li,slab_Li,0.0035177398173396354,0.01536761038374789
6,Li,slab_Li,0.003692996983910936,0.0026199496830954165
7,Li,slab_Li,0.005962353073031703,0.003471813852195423
8,Li,slab_Li,0.0029106299444902244,0.01594093922377352
9,Li,slab_Li,0.004344177690249887,0.039846184762928956
10,Li,slab_Li,0.000962964659448629,0.005778497291787511
11,Li,slab_Li,0.004219605564834898,-0.005447801801165269
12,Li,slab_Li,0.0005419520356739993,0.0010857228029437498
13,Li,slab_Li,0.0038678493257005603,0.009914690080999499
14,Li,slab_Li,0.002098070911503177,-0.006601696202823884
15,Li,slab_Li,0.002975366310532573,0.023216414013174848
16,Li,slab_Li,0.0018222425907565652,0.004850652770220763
17,Li,slab_Li,0.002103693061363074,0.006759677621355808
18,Li,slab_Li,0.006618517715820564,0.05841311790109538
19,Li,slab_Li,0.0006368567443892268,-0.0003011354576256055
20,Li,slab_Li,0.0023036555449698834,0.012072145276655347
21,Li,slab_Li,0.001502520187259353,0.0077304197851154575
22,Li,slab_Li,0.0020083526423955327,0.009336120795370762
23,Li,slab_Li,0.0028992766705668604,0.004483671565332809
24,Li,slab_Li,0.0027992723486081695,0.01173411309510414
25,Li,slab_Li,0.005364360278179425,0.03498639658117695
26,Li,slab_Li,0.004244059581516134,0.031358057461131114
27,Li,slab_Li,0.0010148649998852504,0.0049910351242139755
28,Li,slab_Li,0.005530379488609749,0.013752330284125909
29,Li,slab_Li,0.0030376785605446986,0.018759156196128612
30,Li,slab_Li,0.0037377788601058496,0.01119606360432297
31,Li,slab_Li,0.007927271119198038,0.011756147866560542
32,Li,slab_Li,0.009423907184969252,-0.04777862048640698
33,Li,slab_Li,0.008868835424528067,0.05351723039118752
34,Li,slab_Li,0.0030016265275338945,0.013046650289190675
35,Li,slab_Li,0.0030989587674819653,0.025956870441904752
36,O,initial_EC,0.02838222184685586,0.05378504117993958
37,C,initial_EC,0.08877014812225559,0.7892764867306146
38,O,initial_EC,0.014628123852432878,0.08884906562596452
39,C,initial_EC,0.02770484573302396,0.016075040487507082
40,C,initial_EC,0.06285637764668581,0.055278464206766326
41,O,initial_EC,0.06919767609192243,0.4359722443978047
42,H,initial_EC,0.03212869023198896,0.6225399274715872
43,H,initial_EC,0.03050803284337098,0.11952361723180716
44,H,initial_EC,0.010840287400103288,-0.08548348207097962
45,H,initial_EC,0.020566910311725937,0.5363768340452436
46,O,initial_EC,0.011759799351983995,0.0010260491130568835
47,C,initial_EC,0.047082348983162,0.09615110315625036
48,O,initial_EC,0.03527390034689421,0.12534173448519337
49,C,initial_EC,0.024963100195939704,0.03146365161168658
50,C,initial_EC,0.03871297841217145,0.04431149827337669
51,O,initial_EC,0.023332445184366005,0.020116211428772166
52,H,initial_EC,0.021420679847645112,0.3667074299794588
53,H,initial_EC,0.020584109190404747,-0.10027450593408013
54,H,initial_EC,0.023148534040952042,0.16914409880674824
55,H,initial_EC,0.02049028982142941,-0.1293623295155985
56,O,initial_EC,0.04239627268659325,-0.0636326059351313
57,C,initial_EC,0.029703207868440572,0.02581830148135523
58,O,initial_EC,0.027301083990005116,0.06756167554002918
59,C,initial_EC,0.034575640771751626,-0.05170442997846107
60,C,initial_EC,0.04820885638946091,-0.022523726287390182
61,O,initial_EC,0.03250362079315127,0.15598808245711993
62,H,initial_EC,0.01564508063610425,-0.1271628251829873
63,H,initial_EC,0.03063301783096807,0.3429251236697024
64,H,initial_EC,0.03911111764592197,0.7599917846500056
65,H,initial_EC,0.030639401463401057,0.42357428835712563
66,O,initial_EC,0.014310128583297221,0.08519945083729193
67,C,initial_EC,0.0376562656828513,-0.0014629522288488466
68,O,initial_EC,0.03766348575750148,0.03887962090310122
69,C,initial_EC,0.04588736983114074,0.25930448807432155
70,C,initial_EC,0.036818742339627085,0.08070663099256911
71,O,initial_EC,0.0268745953610616,-0.12592738146649948
72,H,initial_EC,0.01970744445741107,0.12110058928205966
73,H,initial_EC,0.015663584469568847,0.025193159401810588
74,H,initial_EC,0.012045585166176044,0.1084563084800685
75,H,initial_EC,0.0034854882768284644,0.002907199930140032
76,O,initial_EC,0.008167777851774903,0.008392839950578072
77,C,initial_EC,0.024049986009179593,-0.0009083086232971109
78,O,initial_EC,0.029285890404713185,0.027345329992039702
79,C,initial_EC,0.04221401455232313,-0.0794011042370398
80,C,initial_EC,0.05739662228777723,0.07792443749971488
81,O,initial_EC,0.029643805432309826,0.01932129987906444
82,H,initial_EC,0.018233966043828865,0.050518733753718584
83,H,initial_EC,0.024790875174074627,0.08105816238094375
84,H,initial_EC,0.015269933594260102,-0.35669539677034323
85,H,initial_EC,0.009497117399611827,0.11904989574530866
86,O,initial_EC,0.011157174083514961,-0.023519957060892424
87,C,initial_EC,0.042369889380142224,0.17068820489560027
88,O,initial_EC,0.028275065058562338,-0.13693205238798875
89,C,initial_EC,0.06155895992133941,0.19750412139399265
90,C,initial_EC,0.042629713610346724,0.1773115525953728
91,O,initial_EC,0.017729057627467033,-0.020352696092486654
92,H,initial_EC,0.018963771206965588,0.2857618387810381
93,H,initial_EC,0.042513755242452364,1.4126192081345155
94,H,initial_EC,0.013768689953812275,0.15103736233857662
95,H,initial_EC,0.022746180672203162,0.33363385781645055
96,O,initial_EC,0.013180813568120786,-0.014047320134649413
97,C,initial_EC,0.03029931544643894,0.10995507819141627
98,O,initial_EC,0.05897544577444978,-0.017685157873473654
99,C,initial_EC,0.021592851120627626,0.03060646933890652
100,C,initial_EC,0.018826266003906585,0.05034835132927879
101,O,initial_EC,0.023148391560667298,-0.018716925505147638
102,H,initial_EC,0.024608069511682453,0.28557197867195555
103,H,initial_EC,0.02460478725310166,0.4086124449495503
104,H,initial_EC,0.02177202191889664,0.10070199105415455
105,H,initial_EC,0.02606109522133813,0.35336437175010704
106,O,initial_EC,0.004119560700919055,-0.014478550707840493
107,C,initial_EC,0.008119166774048527,0.018003993568255227
108,O,initial_EC,0.015704771509882035,-0.05336634286997058
109,C,initial_EC,0.06524291628671838,0.029005878449656033
110,C,initial_EC,0.040934861773066156,0.11142237651248223
111,O,initial_EC,0.029403513141526668,-0.10007489267957914
112,H,initial_EC,0.038362543914672406,0.6190975859902922
113,H,initial_EC,0.03235526187657277,0.2142037159296545
114,H,initial_EC,0.017508937482634535,-0.12885998192134945
115,H,initial_EC,0.02674194739649516,0.5555960354582583
116,O,initial_EC,0.056411950139098666,0.3464735602289101
117,C,initial_EC,0.1040624209531344,0.32515159376306624
118,O,initial_EC,0.03333059036378534,0.1509756021309165
119,C,initial_EC,0.06199757165757235,0.33815304675341323
120,C,initial_EC,0.06214648740050097,0.1256320436985876
121,O,initial_EC,0.05452607774626376,-0.08657056396613921
122,H,initial_EC,0.027582709445656804,0.42895819362708976
123,H,initial_EC,0.044685489835406086,0.9554722784941171
124,H,initial_EC,0.026166251248501523,0.7434995009846643
125,H,initial_EC,0.02954123483665518,0.5525081364713232
126,O,initial_EC,0.010555506305105327,0.06015690730592666
127,C,initial_EC,0.042252706691609236,0.002646507051350353
128,O,initial_EC,0.014729333683691496,0.008685742493702924
129,C,initial_EC,0.07241343837432482,0.6014506318861652
130,C,initial_EC,0.04668721293944462,0.15549491902658127
131,O,initial_EC,0.014948443594079465,0.052406211618271775
132,H,initial_EC,0.028857382032639947,0.6334306559499239
133,H,initial_EC,0.011836540218503595,-0.007978457383956628
134,H,initial_EC,0.01433323800444777,-0.17960405823034636
135,H,initial_EC,0.033738357614991034,0.3572280386914266
136,O,initial_EC,0.013834313523021662,-0.012049858043739863
137,C,initial_EC,0.04958557677858419,0.1855126825365588
138,O,initial_EC,0.007627763819133075,-0.01781160480214773
139,C,initial_EC,0.049664059610635684,0.057593412065014206
140,C,initial_EC,0.05682695167704266,0.31385415631773633
141,O,initial_EC,0.014017212318674033,-0.006713903477271577
142,H,initial_EC,0.015952350183261875,0.15973256057681004
143,H,initial_EC,0.04164743975422934,1.8301124729187261
144,H,initial_EC,0.009509547136785415,0.0710472056465872
145,H,initial_EC,0.016366364547672936,0.07063478905999589
146,O,initial_EC,0.0027081006302926603,-0.006521299818742603
147,C,initial_EC,0.03644910754728574,0.055576234408271356
148,O,initial_EC,0.01135455660240146,0.0019903234749871763
149,C,initial_EC,0.04270076181553618,-0.18031955554958
150,C,initial_EC,0.07625568510747799,0.4812704802585215
151,O,initial_EC,0.09783309527817065,0.686936137494287
152,H,initial_EC,0.0312595322142546,-0.4632665103573786
153,H,initial_EC,0.010015251701442232,0.13241204797805622
154,H,initial_EC,0.03033323497024558,0.17692862547197366
155,H,initial_EC,0.06162831130519462,0.4396560350329755
156,O,initial_EC,0.04597721203216486,0.1485673044384081
157,C,initial_EC,0.12230184406118094,0.6441686530815945
158,O,initial_EC,0.06170004743550922,0.1667508801276321
159,C,initial_EC,0.059785865406934015,0.01016341398091098
160,C,initial_EC,0.013067198242967622,-0.02764433131922505
161,O,initial_EC,0.038124012139766676,0.026344693250875587
162,H,initial_EC,0.010884441842086298,0.0914156647494845
163,H,initial_EC,0.025457404802617756,0.3732666230337807
164,H,initial_EC,0.014005320658335318,0.10094749067862234
165,H,initial_EC,0.01767277398503777,0.2862425984648002
166,O,initial_EC,0.034834842045208814,-0.1344325618422442
167,C,initial_EC,0.053312839938509916,0.11717787846736817
168,O,initial_EC,0.02410017789660452,0.05718979941348223
169,C,initial_EC,0.0749562275609587,0.2717748057226786
170,C,initial_EC,0.10897442794441255,0.5762259020538757
171,O,initial_EC,0.03828525650873916,-0.0413039840859162
172,H,initial_EC,0.009743696221955084,-0.008924448256122992
173,H,initial_EC,0.011014964897913699,0.018272499842998512
174,H,initial_EC,0.021315402701387313,0.41152939946474654
175,H,initial_EC,0.02695738090781474,0.32778304059701385
176,O,initial_EC,0.02210302510257639,0.1474749462239213
177,C,initial_EC,0.02314737457881164,0.07611637232620687
178,O,initial_EC,0.03443749079195419,0.040569016070360044
179,C,initial_EC,0.04627727607171741,0.06259621408700441
180,C,initial_EC,0.02823974135907028,-0.03701300189387966
181,O,initial_EC,0.043444857960654434,0.1226265911202432
182,H,initial_EC,0.013143748446651985,-0.22998396680458444
183,H,initial_EC,0.030223451706215133,-0.5320026106311335
184,H,initial_EC,0.012870167892553505,0.025658350329840304
185,H,initial_EC,0.023154794187285395,0.08055634448820116
186,O,initial_EC,0.032050453362831514,0.1827374614999521
187,C,initial_EC,0.07872593048088901,0.5382654336706133
188,O,initial_EC,0.03109583801159553,0.14034983482248925
189,C,initial_EC,0.036422315201449854,-0.2372705423588046
190,C,initial_EC,0.047082918578521794,0.06684641728897944
191,O,initial_EC,0.030654409353750543,0.1167397720419056
192,H,initial_EC,0.01285090298931275,0.18379813065772269
193,H,initial_EC,0.009086386332379086,0.0001681407126569451
194,H,initial_EC,0.012467011273125793,0.02305269134707107
195,H,initial_EC,0.014201283701816642,0.113499985492526
196,O,initial_EC,0.025676505158512337,-0.016188574343836436
197,C,initial_EC,0.0606018584546044,0.16916386018714338
198,O,initial_EC,0.05849573451823379,0.14569508023354838
199,C,initial_EC,0.019088625920381325,0.016032762163061133
200,C,initial_EC,0.01847962673521163,0.09369677192929837
201,O,initial_EC,0.016622409269656135,-6.187732136628848e-05
202,H,initial_EC,0.023438249233963423,0.31683618881010794
203,H,initial_EC,0.03434270302226075,0.5805446709499492
204,H,initial_EC,0.01776358283540691,0.1875900983841806
205,H,initial_EC,0.022713269448755662,0.5079694855382029
206,O,initial_EC,0.03031491045052405,-0.07099991773846993
207,C,initial_EC,0.059445626281703114,0.11418403047020123
208,O,initial_EC,0.07796408162754327,0.16667596239178561
209,C,initial_EC,0.06055468193711013,0.06833808521366619
210,C,initial_EC,0.08038185082122276,0.008332188472312804
211,O,initial_EC,0.025174612766325016,0.09490806542383794
212,H,initial_EC,0.02688414867566299,0.35592916363541216
213,H,initial_EC,0.015540265064605551,0.01791373399649714
214,H,initial_EC,0.024653520109083255,0.42595849066351754
215,H,initial_EC,0.0077442041582745395,0.022997097044966316
216,O,initial_EC,0.020795704202125974,0.15879079771464535
217,C,initial_EC,0.09337476908330422,0.3484599983692196
218,O,initial_EC,0.03341507036930561,-0.08467081830244318
219,C,initial_EC,0.04477832936010663,-0.029102177032677416
220,C,initial_EC,0.04156927960337796,0.012465972436348657
221,O,initial_EC,0.02781203696203947,0.08241331207506797
222,H,initial_EC,0.010206592195791966,0.23271842454382788
223,H,initial_EC,0.00557787356429721,0.11471546263436205
224,H,initial_EC,0.0144685939283137,0.24487247881877178
225,H,initial_EC,0.008283426510854086,0.06860066463857119
226,O,initial_EC,0.013539825062054547,0.02606623712415548
227,C,initial_EC,0.07291554633087999,0.288642853364324
228,O,initial_EC,0.033261043475952067,0.13988308609967529
229,C,initial_EC,0.043066511732875304,0.12393520762737535
230,C,initial_EC,0.05920316459749903,0.20415791258234287
231,O,initial_EC,0.015692213687283102,0.01700176257165447
232,H,initial_EC,0.01575278466180432,0.09522263418925096
233,H,initial_EC,0.016630586226431942,0.28634770253370273
234,H,initial_EC,0.011633903733190221,0.12455860812530932
235,H,initial_EC,0.02170762098281498,0.4222627369565948
236,O,initial_EC,0.02151624892532086,-0.034323293446273336
237,C,initial_EC,0.06852333975402781,0.053578706713355594
238,O,initial_EC,0.015597196742196449,0.0016686454215648204
239,C,initial_EC,0.07546059087170463,0.3416084155295703
240,C,initial_EC,0.05923935273982093,-0.18840326368094254
241,O,initial_EC,0.021066024682019638,0.09265911791032692
242,H,initial_EC,0.03559373145403309,0.14974905080797352
243,H,initial_EC,0.03685747296292202,0.8439099310780154
244,H,initial_EC,0.015068234633722245,-0.010206012658314997
245,H,initial_EC,0.008557638754672397,0.08953368871164268
246,O,initial_DMC,0.011247096496417098,-0.00230122985072896
247,C,initial_DMC,0.030264428134349545,0.020007253738690847
248,O,initial_DMC,0.04640515228794131,0.08265275266472139
249,C,initial_DMC,0.05640190164099259,0.0161572377451894
250,O,initial_DMC,0.013624555774203255,-0.028310051659443947
251,C,initial_DMC,0.055590619258787534,0.27812977598498245
252,H,initial_DMC,0.008631874835267098,-0.15313204092872693
253,H,initial_DMC,0.018185398663796166,0.3194389961787609
254,H,initial_DMC,0.006617549974209581,-0.00922639812703524
255,H,initial_DMC,0.009669476560369459,0.2782593666024054
256,H,initial_DMC,0.03683039812426728,1.0040803966203862
257,H,initial_DMC,0.014389880221940403,0.09967298041245809
258,O,initial_DMC,0.020722402736873948,0.04596026698529613
259,C,initial_DMC,0.03997277656446059,0.18176488006967936
260,O,initial_DMC,0.015731386659897862,0.04194992246309109
261,C,initial_DMC,0.018419460686086523,0.011560379179283403
262,O,initial_DMC,0.03314679753159272,-0.05889313200519219
263,C,initial_DMC,0.03305912205158097,0.1387401763928101
264,H,initial_DMC,0.00815472387007353,-0.05088332028951515
265,H,initial_DMC,0.01190081492002789,-0.07257231401789342
266,H,initial_DMC,0.021692326469732178,0.26716880281538685
267,H,initial_DMC,0.011348581596403172,-0.0028532942980876363
268,H,initial_DMC,0.01196643607383933,0.23679063616069704
269,H,initial_DMC,0.006702848949302387,0.06824533769163277
270,O,initial_DMC,0.01913772278989645,0.15217897752165083
271,C,initial_DMC,0.05939786885336105,0.20374005347993043
272,O,initial_DMC,0.012261428217075496,0.01819303763214575
273,C,initial_DMC,0.027171670560495204,0.08129884762594351
274,O,initial_DMC,0.0498791797995034,0.1271098621020402
275,C,initial_DMC,0.0818390959880851,0.5436793084717422
276,H,initial_DMC,0.010126454763730837,0.030092050169578072
277,H,initial_DMC,0.011456393120860563,0.11271262924687751
278,H,initial_DMC,0.0034659710286354325,0.02996735522620969
279,H,initial_DMC,0.03073742645980415,0.7040503905919256
280,H,initial_DMC,0.04164558661248857,0.640584153099754
281,H,initial_DMC,0.04729658852350283,1.9260865522026838
282,O,initial_DMC,0.009851303794354794,-0.03911309373197915
283,C,initial_DMC,0.037455615365027145,0.09130867463592393
284,O,initial_DMC,0.02100891202117364,0.0426421331575742
285,C,initial_DMC,0.016549923878969655,0.011324031412562436
286,O,initial_DMC,0.008710509248572681,0.012575244680125093
287,C,initial_DMC,0.026626204724072254,-0.12009048991367695
288,H,initial_DMC,0.002718848331905021,0.007852099234220514
289,H,initial_DMC,0.010161527857609478,0.03871959315050548
290,H,initial_DMC,0.011494109285147963,0.10214543593539797
291,H,initial_DMC,0.0019988409331054566,0.016825260120026657
292,H,initial_DMC,0.0033569966424194532,0.008379340242226035
293,H,initial_DMC,0.019594348839882127,-0.2795184868957915
294,O,initial_DMC,0.02868048669831629,-0.07034016031493015
295,C,initial_DMC,0.027849379400291786,0.1852248845828524
296,O,initial_DMC,0.013637912398077257,-0.08063278302844887
297,C,initial_DMC,0.04453837594059926,-0.16182029908247964
298,O,initial_DMC,0.022336813694610186,0.0016459573450142248
299,C,initial_DMC,0.058728406586671694,-0.26582852443471594
300,H,initial_DMC,0.037527276559547636,-0.3655093337613895
301,H,initial_DMC,0.009074483044461967,0.11707274574095672
302,H,initial_DMC,0.01211998899382325,0.17844638240640695
303,H,initial_DMC,0.01930492544518202,0.4010504340516324
304,H,initial_DMC,0.022795863204907955,0.4814358386262959
305,H,initial_DMC,0.05272352610966231,-0.3475419846868287
306,O,initial_DMC,0.02050124261715949,0.07008052038011221
307,C,initial_DMC,0.07788375060556434,0.42325042788585193
308,O,initial_DMC,0.03378118719763836,-0.11713893999144559
309,C,initial_DMC,0.02580525476017368,0.14959745934413515
310,O,initial_DMC,0.02923727466573001,0.040947010465527685
311,C,initial_DMC,0.0666013254149089,0.23147255032731126
312,H,initial_DMC,0.024067191674229032,0.318755322654095
313,H,initial_DMC,0.011840322451366882,0.03269674043838335
314,H,initial_DMC,0.008517487234619267,0.12676383338284433
315,H,initial_DMC,0.011091789824338729,0.23018411244419815
316,H,initial_DMC,0.02033546423103864,0.4303027382215185
317,H,initial_DMC,0.011110316870348741,-0.039299715556550985
318,O,initial_DMC,0.042453805026069866,-0.2764118758262566
319,C,initial_DMC,0.021505547545286982,-0.029254541795495408
320,O,initial_DMC,0.030977287256070976,0.06033253531897616
321,C,initial_DMC,0.06258669068317858,-0.5181401708537757
322,O,initial_DMC,0.016801772707080404,-0.05801270741064455
323,C,initial_DMC,0.01626404182527985,0.008629631497744995
324,H,initial_DMC,0.021319090734088098,0.2115760547383509
325,H,initial_DMC,0.01012703712537883,-0.023178862895170734
326,H,initial_DMC,0.014177404649119492,-0.025046561746377028
327,H,initial_DMC,0.0031669725769974304,0.05111344263547635
328,H,initial_DMC,0.0064770354355225815,0.03242004078511346
329,H,initial_DMC,0.010590452934695566,-0.030028021788665978
330,O,initial_DMC,0.01193573641554568,0.03466051346691546
331,C,initial_DMC,0.011197011744294218,-0.015599756504559026
332,O,initial_DMC,0.018966519992000542,0.09451090631680503
333,C,initial_DMC,0.02552208306636652,-0.045689909707554016
334,O,initial_DMC,0.010091011290323708,0.01712568844301145
335,C,initial_DMC,0.01886113892940938,0.09402514290604852
336,H,initial_DMC,0.007707456337286617,0.13187890515215492
337,H,initial_DMC,0.013830920967632436,0.1918870670969641
338,H,initial_DMC,0.007219289507428745,-0.015617181444880212
339,H,initial_DMC,0.013744082567148269,0.09506645969476575
340,H,initial_DMC,0.010975191860596005,0.045139773087656945
341,H,initial_DMC,0.009284801314314984,0.04869821593060786
342,O,initial_DMC,0.00957094527191873,0.0009203825037772255
343,C,initial_DMC,0.00941603211432614,0.030140858789308108
344,O,initial_DMC,0.033430674258571685,-0.032198164481894775
345,C,initial_DMC,0.0458446682090586,-0.11090244045401675
346,O,initial_DMC,0.03252176031029335,-0.11500878862958022
347,C,initial_DMC,0.02010572269228908,0.014980081224853892
348,H,initial_DMC,0.03644960004650096,0.7809132953059456
349,H,initial_DMC,0.0026688780056733025,-0.016736282056584506
350,H,initial_DMC,0.007322347245066112,0.0943448647360018
351,H,initial_DMC,0.008750276549347564,0.16100516253974956
352,H,initial_DMC,0.03462661412800503,0.661788179297356
353,H,initial_DMC,0.006028688120874878,-0.04738899568337902
354,O,initial_DMC,0.009779557978664895,0.020085592888800356
355,C,initial_DMC,0.037048220470700624,0.02788362446848309
356,O,initial_DMC,0.009675632089576853,0.0016235329637021778
357,C,initial_DMC,0.027263725638558216,0.027428014218053298
358,O,initial_DMC,0.043665716500462956,-0.07380812995172625
359,C,initial_DMC,0.017598909242902132,-0.020454564648898443
360,H,initial_DMC,0.014308796890357224,-0.06578677786797553
361,H,initial_DMC,0.02355602733757155,0.45465791295104196
362,H,initial_DMC,0.007714744166021515,0.0028343452200811194
363,H,initial_DMC,0.030687113691708415,0.3365985094410902
364,H,initial_DMC,0.005186398817037244,0.04048797149095667
365,H,initial_DMC,0.00686359970231285,0.0425587559071207
366,O,initial_DMC,0.011599514936373297,0.003137109332767563
367,C,initial_DMC,0.034542978905680984,0.18339337467344008
368,O,initial_DMC,0.02478526170078082,0.06581423742092898
369,C,initial_DMC,0.04719094757002721,0.24391778822514404
370,O,initial_DMC,0.030247698158117033,-0.023137037838430515
371,C,initial_DMC,0.05518647069149626,0.18824528533430201
372,H,initial_DMC,0.008655616465136268,0.17738592695948954
373,H,initial_DMC,0.05290186765159096,1.1274063595430976
374,H,initial_DMC,0.0034797349053604185,0.0024524377811091223
375,H,initial_DMC,0.01841877497843635,0.1986548166450001
376,H,initial_DMC,0.03391271673056632,0.29647167413248715
377,H,initial_DMC,0.02648004448533163,0.08823392135000356
378,O,initial_DMC,0.04325340042738926,-0.1513490722784535
379,C,initial_DMC,0.07200700843263187,-0.33879800125136555
380,O,initial_DMC,0.01865252880356724,0.058378825416778295
381,C,initial_DMC,0.01218210949672473,0.019611955354015286
382,O,initial_DMC,0.024926372711743992,0.03143403817076223
383,C,initial_DMC,0.06074423229620858,0.31100659800214386
384,H,initial_DMC,0.03241793764177183,0.015295130268301807
385,H,initial_DMC,0.012764856553139704,0.0761936140210012
386,H,initial_DMC,0.007473514351754037,0.032017363815226185
387,H,initial_DMC,0.007810160516848917,-0.06758754805086226
388,H,initial_DMC,0.037572044864308596,0.6263333104354093
389,H,initial_DMC,0.02188526653301273,0.2318269820683934
390,O,initial_DMC,0.017810541995365962,0.0929837496886926
391,C,initial_DMC,0.03188715869454195,-0.07908003840143056
392,O,initial_DMC,0.02204573346038884,-0.07058626371842236
393,C,initial_DMC,0.038686060423058756,-0.1752135848925822
394,O,initial_DMC,0.0034892144148251556,-0.0014457465601660283
395,C,initial_DMC,0.03072345884182665,0.050745678580788094
396,H,initial_DMC,0.005341265333941548,0.12058712191950163
397,H,initial_DMC,0.014264836771781766,0.03176501003146385
398,H,initial_DMC,0.020090323446349333,0.11503891833850736
399,H,initial_DMC,0.029617262095914167,0.5051620473843432
400,H,initial_DMC,0.00849972356101108,0.09236142489148248
401,H,initial_DMC,0.012661290798180232,0.0932047013159876
402,O,initial_DMC,0.014731352500010361,-0.010892833843410802
403,C,initial_DMC,0.04728852668021748,0.23342703225352687
404,O,initial_DMC,0.04474302494893465,0.10979896346799785
405,C,initial_DMC,0.05141265120361838,-0.043076488700435976
406,O,initial_DMC,0.03310135250946859,-0.04244649933786054
407,C,initial_DMC,0.02834802855549852,0.03519701993744814
408,H,initial_DMC,0.01971401293266743,0.03270128653201078
409,H,initial_DMC,0.019191983536235788,0.12804032337563487
410,H,initial_DMC,0.03687496441587429,0.902564150901561
411,H,initial_DMC,0.00871515275253009,0.17881812458205817
412,H,initial_DMC,0.017954279468195496,0.21450008515114014
413,H,initial_DMC,0.017134499934881548,-0.07541257075241088
414,O,initial_DMC,0.0044730569250565995,-0.0020523085658521764
415,C,initial_DMC,0.04070762686865961,-0.037339361552098986
416,O,initial_DMC,0.04267568653076849,0.06773039004868459
417,C,initial_DMC,0.05081213243166667,-0.11696626815617041
418,O,initial_DMC,0.040115201323583816,0.1341016870406853
419,C,initial_DMC,0.04923483515353521,0.11605542328085722
420,H,initial_DMC,0.029248379730290836,0.009758412937876505
421,H,initial_DMC,0.029939761326553155,0.2792509822395764
422,H,initial_DMC,0.0140805683290501,-0.17387051609809762
423,H,initial_DMC,0.024705755977553586,1.0795009336999195
424,H,initial_DMC,0.012874562198236775,0.019267165855910914
425,H,initial_DMC,0.00976308796989665,0.12573184665092682
426,O,initial_DMC,0.01958896040371792,0.005959916556504576
427,C,initial_DMC,0.03793331025580189,-0.08441562766660095
428,O,initial_DMC,0.04758271981536691,0.041027662149025486
429,C,initial_DMC,0.014183503086050738,-0.002353937658460768
430,O,initial_DMC,0.023067410222087928,0.023516563075179835
431,C,initial_DMC,0.05334048286727927,-0.027980468194925553
432,H,initial_DMC,0.021873130799026398,0.3542544085607072
433,H,initial_DMC,0.01666232429052973,0.0987995469223415
434,H,initial_DMC,0.025854595943849038,0.45131604837441947
435,H,initial_DMC,0.014722891591527442,-0.15294535259934544
436,H,initial_DMC,0.014576712495239787,0.09767290262677758
437,H,initial_DMC,0.015387885661968278,-0.3295430151031137
438,O,initial_DMC,0.04204325138618658,-0.02948633857834249
439,C,initial_DMC,0.03419812125855334,0.031004729553132975
440,O,initial_DMC,0.01769153063435009,0.0440058111810941
441,C,initial_DMC,0.01793084106417897,0.06474816015595024
442,O,initial_DMC,0.017866096424522134,-0.006213806555852237
443,C,initial_DMC,0.028835651574854765,0.028740067805858995
444,H,initial_DMC,0.026263239317350067,-0.10657275192468146
445,H,initial_DMC,0.02352718143626067,0.3090475543011819
446,H,initial_DMC,0.01679865926252886,0.2577198376594815
447,H,initial_DMC,0.012134355578408012,-0.01489598963438541
448,H,initial_DMC,0.023905547308603583,0.4627009692729692
449,H,initial_DMC,0.013621485465723008,0.30887539652043605
450,Li,initial_salt,0.013929476357659829,0.046295181778490575
451,Li,initial_salt,0.010623043339136017,-0.002601532456865591
452,Li,initial_salt,0.0049978526090831464,-0.0032713406320137753
453,F,initial_salt,0.0019614969232479703,0.0029826812147318253
454,P,initial_salt,0.009887409095382688,0.007535685758548209
455,F,initial_salt,0.011305092707400754,-0.035888755161861935
456,F,initial_salt,0.0038862001771279193,0.014700618560033627
457,F,initial_salt,0.007250204461949288,-0.019237683909058504
458,F,initial_salt,0.003630421929134384,0.0009257836103616263
459,F,initial_salt,0.009581792833098748,0.00737201477915905
460,F,initial_salt,0.004481099936476815,-0.006303178371006018
461,P,initial_salt,0.008144354113420637,0.01222860891392578
462,F,initial_salt,0.0037381804700245863,0.011051332136373552
463,F,initial_salt,0.0060651713904128005,-0.005366645736532604
464,F,initial_salt,0.00809857295628258,0.017868217328055835
465,F,initial_salt,0.0032498474825129408,0.001753197546346543
466,F,initial_salt,0.005315240026513924,0.014810348579171077
467,F,initial_salt,0.005502343243530063,-0.009601739841687617
468,P,initial_salt,0.011089357452047383,-0.004777419219531066
469,F,initial_salt,0.008797480168062298,-0.008539121536706282
470,F,initial_salt,0.0036943998550336855,0.010729786523184626
471,F,initial_salt,0.002393349497628077,-0.0036643818018142708
472,F,initial_salt,0.00210440868366086,-0.0016692224771617402
473,F,initial_salt,0.006566509997991127,0.0216998012119977
