anchor,kind,budget,rank,normalized_work_A2_eV,F
A,predicted,0,1,-3.640468636141453,0.015625
A,predicted,0,2,-2.9663545172403,0.03125
A,predicted,0,3,-2.5769514666649864,0.046875
A,predicted,0,4,-2.4626968325884566,0.0625
A,predicted,0,5,-2.3197605121706717,0.078125
A,predicted,0,6,-2.3106827586993264,0.09375
A,predicted,0,7,-2.2295036907763652,0.109375
A,predicted,0,8,-2.2104293643145065,0.125
A,predicted,0,9,-2.079597884132786,0.140625
A,predicted,0,10,-2.032080225692928,0.15625
A,predicted,0,11,-2.019486344055979,0.171875
A,predicted,0,12,-1.9791163538730423,0.1875
A,predicted,0,13,-1.8408790625450313,0.203125
A,predicted,0,14,-1.8400448672861107,0.21875
A,predicted,0,15,-1.8141623308858557,0.234375
A,predicted,0,16,-1.7836198026116121,0.25
A,predicted,0,17,-1.752520053037794,0.265625
A,predicted,0,18,-1.6790209851803917,0.28125
A,predicted,0,19,-1.6201793610904622,0.296875
A,predicted,0,20,-1.610260259921356,0.3125
A,predicted,0,21,-1.5976180721955222,0.328125
A,predicted,0,22,-1.5902300417490272,0.34375
A,predicted,0,23,-1.5243020555077298,0.359375
A,predicted,0,24,-1.5071367372382238,0.375
A,predicted,0,25,-1.4711579849160665,0.390625
A,predicted,0,26,-1.4199220889624002,0.40625
A,predicted,0,27,-1.3766503180709038,0.421875
A,predicted,0,28,-1.350426469607891,0.4375
A,predicted,0,29,-1.3340049678257178,0.453125
A,predicted,0,30,-1.3328430150520825,0.46875
A,predicted,0,31,-1.292684371588503,0.484375
A,predicted,0,32,-1.2780008541224053,0.5
A,predicted,0,33,-1.263568950067991,0.515625
A,predicted,0,34,-1.2258349118053695,0.53125
A,predicted,0,35,-1.1832248015218676,0.546875
A,predicted,0,36,-1.113031975688137,0.5625
A,predicted,0,37,-1.1095051101110718,0.578125
A,predicted,0,38,-1.0471388159642259,0.59375
A,predicted,0,39,-1.0388779266701784,0.609375
A,predicted,0,40,-1.0319701083041726,0.625
A,predicted,0,41,-1.0101093837775694,0.640625
A,predicted,0,42,-0.9766267385627283,0.65625
A,predicted,0,43,-0.9752239061758861,0.671875
A,predicted,0,44,-0.9671372482783519,0.6875
A,predicted,0,45,-0.9440422747606912,0.703125
A,predicted,0,46,-0.8707698110678991,0.71875
A,predicted,0,47,-0.8604774717196748,0.734375
A,predicted,0,48,-0.8374441740369941,0.75
A,predicted,0,49,-0.8227354935083013,0.765625
A,predicted,0,50,-0.739780761260397,0.78125
A,predicted,0,51,-0.623288539623126,0.796875
A,predicted,0,52,-0.5927629431767649,0.8125
A,predicted,0,53,-0.5893242340103183,0.828125
A,predicted,0,54,-0.5779177208369243,0.84375
A,predicted,0,55,-0.5105323701010671,0.859375
A,predicted,0,56,-0.44500869852097735,0.875
A,predicted,0,57,-0.42506309586510654,0.890625
A,predicted,0,58,-0.3462722563768353,0.90625
A,predicted,0,59,-0.28919988520175166,0.921875
A,predicted,0,60,-0.27251688988827955,0.9375
A,predicted,0,61,-0.15593158461484907,0.953125
A,predicted,0,62,-0.14478554648922873,0.96875
A,predicted,0,63,-0.06925811012199651,0.984375
A,predicted,0,64,0.425294862749082,1.0
A,measured,0,1,-3.4586538056036864,0.015625
A,measured,0,2,-3.376029712381201,0.03125
A,measured,0,3,-2.647982473008128,0.046875
A,measured,0,4,-2.342556326149072,0.0625
A,measured,0,5,-2.3257751689204507,0.078125
A,measured,0,6,-2.2405660403421974,0.09375
A,measured,0,7,-2.215030277416276,0.109375
A,measured,0,8,-2.1820210298239964,0.125
A,measured,0,9,-2.054129800536861,0.140625
A,measured,0,10,-2.051844012241335,0.15625
A,measured,0,11,-2.0197641216060322,0.171875
A,measured,0,12,-1.9286618188892806,0.1875
A,measured,0,13,-1.880717551902912,0.203125
A,measured,0,14,-1.7466910662456014,0.21875
A,measured,0,15,-1.7219355627674133,0.234375
A,measured,0,16,-1.697349390060905,0.25
A,measured,0,17,-1.6911691306841066,0.265625
A,measured,0,18,-1.657195588653721,0.28125
A,measured,0,19,-1.6530138403720955,0.296875
A,measured,0,20,-1.6392656555047835,0.3125
A,measured,0,21,-1.635921337054152,0.328125
A,measured,0,22,-1.6185284200129997,0.34375
A,measured,0,23,-1.5044006531291974,0.359375
A,measured,0,24,-1.4727726677440671,0.375
A,measured,0,25,-1.4607217347621462,0.390625
A,measured,0,26,-1.4276775558876826,0.40625
A,measured,0,27,-1.3925124533155957,0.421875
A,measured,0,28,-1.3651350220303884,0.4375
A,measured,0,29,-1.3604747803882804,0.453125
A,measured,0,30,-1.3522998090497704,0.46875
A,measured,0,31,-1.3468619029292752,0.484375
A,measured,0,32,-1.3165183364582624,0.5
A,measured,0,33,-1.2657825879140692,0.515625
A,measured,0,34,-1.2226666403614808,0.53125
A,measured,0,35,-1.1776876207523812,0.546875
A,measured,0,36,-1.1235545431151048,0.5625
A,measured,0,37,-1.1065396607653069,0.578125
A,measured,0,38,-1.099389992520828,0.59375
A,measured,0,39,-1.077965033977735,0.609375
A,measured,0,40,-1.0555781074574586,0.625
A,measured,0,41,-1.028709347858578,0.640625
A,measured,0,42,-0.9950152437662563,0.65625
A,measured,0,43,-0.9908482265232808,0.671875
A,measured,0,44,-0.9324592396846244,0.6875
A,measured,0,45,-0.9311368073414268,0.703125
A,measured,0,46,-0.8781653418637219,0.71875
A,measured,0,47,-0.8577787289109192,0.734375
A,measured,0,48,-0.8379177806103241,0.75
A,measured,0,49,-0.7802739888538789,0.765625
A,measured,0,50,-0.7716168348305253,0.78125
A,measured,0,51,-0.6271214842386407,0.796875
A,measured,0,52,-0.6016784584017171,0.8125
A,measured,0,53,-0.598554828034656,0.828125
A,measured,0,54,-0.5167639600671989,0.84375
A,measured,0,55,-0.5047628072429452,0.859375
A,measured,0,56,-0.4208062158294648,0.875
A,measured,0,57,-0.38670778894303254,0.890625
A,measured,0,58,-0.3176703614122945,0.90625
A,measured,0,59,-0.3007498868173764,0.921875
A,measured,0,60,-0.2998131759221947,0.9375
A,measured,0,61,-0.14651700062865355,0.953125
A,measured,0,62,-0.0909568763380951,0.96875
A,measured,0,63,-0.06758096163435204,0.984375
A,measured,0,64,0.43404386164955594,1.0
A,measured,1,1,-3.543629779894199,0.015625
A,measured,1,2,-3.298383651560167,0.03125
A,measured,1,3,-2.701810468347508,0.046875
A,measured,1,4,-2.5681189234960926,0.0625
A,measured,1,5,-2.311739894611556,0.078125
A,measured,1,6,-2.2194264735119233,0.09375
A,measured,1,7,-2.1656495282051695,0.109375
A,measured,1,8,-2.1252537975881634,0.125
A,measured,1,9,-2.0326578172630976,0.140625
A,measured,1,10,-1.999840357631034,0.15625
A,measured,1,11,-1.9166282770473693,0.171875
A,measured,1,12,-1.8955436648390127,0.1875
A,measured,1,13,-1.8195358537604591,0.203125
A,measured,1,14,-1.7950941072699793,0.21875
A,measured,1,15,-1.6745225599082767,0.234375
A,measured,1,16,-1.6452030240538902,0.25
A,measured,1,17,-1.6264526039724339,0.265625
A,measured,1,18,-1.623987960040105,0.28125
A,measured,1,19,-1.6178834470259655,0.296875
A,measured,1,20,-1.613032808081619,0.3125
A,measured,1,21,-1.6079205986821512,0.328125
A,measured,1,22,-1.5902446487528086,0.34375
A,measured,1,23,-1.5545508476720773,0.359375
A,measured,1,24,-1.458054801979428,0.375
A,measured,1,25,-1.4529596605814261,0.390625
A,measured,1,26,-1.4280022514825332,0.40625
A,measured,1,27,-1.415211842142725,0.421875
A,measured,1,28,-1.3675074409225736,0.4375
A,measured,1,29,-1.3634253782790948,0.453125
A,measured,1,30,-1.3546502198981316,0.46875
A,measured,1,31,-1.3512631666431247,0.484375
A,measured,1,32,-1.294685604300279,0.5
A,measured,1,33,-1.2546520227154396,0.515625
A,measured,1,34,-1.2156631300178062,0.53125
A,measured,1,35,-1.214783291614048,0.546875
A,measured,1,36,-1.183738155021973,0.5625
A,measured,1,37,-1.1687930069732504,0.578125
A,measured,1,38,-1.0940636008740223,0.59375
A,measured,1,39,-1.0620089965068529,0.609375
A,measured,1,40,-1.0527162596587756,0.625
A,measured,1,41,-1.0389156692419408,0.640625
A,measured,1,42,-1.0309922599416896,0.65625
A,measured,1,43,-1.0145099555916999,0.671875
A,measured,1,44,-1.0114372631932045,0.6875
A,measured,1,45,-0.8927166351086228,0.703125
A,measured,1,46,-0.8806549886916276,0.71875
A,measured,1,47,-0.8257839061885206,0.734375
A,measured,1,48,-0.8055879776891537,0.75
A,measured,1,49,-0.7857167472695487,0.765625
A,measured,1,50,-0.7344758674972766,0.78125
A,measured,1,51,-0.6294119061289583,0.796875
A,measured,1,52,-0.6103390096935338,0.8125
A,measured,1,53,-0.6088288010134881,0.828125
A,measured,1,54,-0.5207019928130316,0.84375
A,measured,1,55,-0.40698265240414977,0.859375
A,measured,1,56,-0.39805996076843314,0.875
A,measured,1,57,-0.34896040754002056,0.890625
A,measured,1,58,-0.3462137988509238,0.90625
A,measured,1,59,-0.30764973216905495,0.921875
A,measured,1,60,-0.2535234966423248,0.9375
A,measured,1,61,-0.14352251316991027,0.953125
A,measured,1,62,-0.06445650634121,0.96875
A,measured,1,63,-0.016512296403686233,0.984375
A,measured,1,64,0.42106443006047617,1.0
B,predicted,0,1,-2.953718436169108,0.015625
B,predicted,0,2,-2.712131198260124,0.03125
B,predicted,0,3,-2.544619291396071,0.046875
B,predicted,0,4,-2.4849320002249957,0.0625
B,predicted,0,5,-2.3393604624767903,0.078125
B,predicted,0,6,-2.2944963300551064,0.09375
B,predicted,0,7,-2.2890345053387113,0.109375
B,predicted,0,8,-2.270577872890438,0.125
B,predicted,0,9,-2.1555519635821,0.140625
B,predicted,0,10,-2.0890345067903926,0.15625
B,predicted,0,11,-2.081032520454229,0.171875
B,predicted,0,12,-1.969673042775776,0.1875
B,predicted,0,13,-1.9400580230388316,0.203125
B,predicted,0,14,-1.9109148070883841,0.21875
B,predicted,0,15,-1.8046210872854922,0.234375
B,predicted,0,16,-1.773195903442553,0.25
B,predicted,0,17,-1.7684423676264387,0.265625
B,predicted,0,18,-1.6733523060780071,0.28125
B,predicted,0,19,-1.6522135126537951,0.296875
B,predicted,0,20,-1.6244627009781298,0.3125
B,predicted,0,21,-1.6186076116651726,0.328125
B,predicted,0,22,-1.6142044917954235,0.34375
B,predicted,0,23,-1.6094427218078604,0.359375
B,predicted,0,24,-1.590639474281698,0.375
B,predicted,0,25,-1.5297904082195775,0.390625
B,predicted,0,26,-1.399093194286015,0.40625
B,predicted,0,27,-1.3569221703459704,0.421875
B,predicted,0,28,-1.354448035127556,0.4375
B,predicted,0,29,-1.3461192901421062,0.453125
B,predicted,0,30,-1.1581870005825041,0.46875
B,predicted,0,31,-1.137827003912491,0.484375
B,predicted,0,32,-1.1128688315205844,0.5
B,predicted,0,33,-1.055116778022337,0.515625
B,predicted,0,34,-1.0270643583830579,0.53125
B,predicted,0,35,-0.994930216706387,0.546875
B,predicted,0,36,-0.9864585809753464,0.5625
B,predicted,0,37,-0.9509944037434009,0.578125
B,predicted,0,38,-0.9495812689369647,0.59375
B,predicted,0,39,-0.9409612382277397,0.609375
B,predicted,0,40,-0.9262260124606371,0.625
B,predicted,0,41,-0.8834623647838639,0.640625
B,predicted,0,42,-0.8703828254571447,0.65625
B,predicted,0,43,-0.8510897089819786,0.671875
B,predicted,0,44,-0.8087443609440594,0.6875
B,predicted,0,45,-0.806788954205701,0.703125
B,predicted,0,46,-0.7709070791871767,0.71875
B,predicted,0,47,-0.7212576855758577,0.734375
B,predicted,0,48,-0.6890008977705978,0.75
B,predicted,0,49,-0.6799378465294033,0.765625
B,predicted,0,50,-0.5765782620728718,0.78125
B,predicted,0,51,-0.565417461259763,0.796875
B,predicted,0,52,-0.5645464847679083,0.8125
B,predicted,0,53,-0.5627066662613869,0.828125
B,predicted,0,54,-0.5175651557060887,0.84375
B,predicted,0,55,-0.5023288804077808,0.859375
B,predicted,0,56,-0.47753945809430787,0.875
B,predicted,0,57,-0.46964633779737774,0.890625
B,predicted,0,58,-0.4579782953243873,0.90625
B,predicted,0,59,-0.3840570000562142,0.921875
B,predicted,0,60,-0.3622406167765661,0.9375
B,predicted,0,61,-0.3424926156687035,0.953125
B,predicted,0,62,-0.2607464058082948,0.96875
B,predicted,0,63,-0.12159422327686972,0.984375
B,predicted,0,64,-0.10709540202718758,1.0
B,measured,0,1,-3.1048346548897032,0.015625
B,measured,0,2,-2.7913372017387936,0.03125
B,measured,0,3,-2.430079830005563,0.046875
B,measured,0,4,-2.367830754886078,0.0625
B,measured,0,5,-2.2763154616835046,0.078125
B,measured,0,6,-2.265093759076622,0.09375
B,measured,0,7,-2.2635510678579656,0.109375
B,measured,0,8,-2.156973006007314,0.125
B,measured,0,9,-2.1265963507441112,0.140625
B,measured,0,10,-2.084524846746691,0.15625
B,measured,0,11,-2.0079121501907724,0.171875
B,measured,0,12,-2.0000734434180214,0.1875
B,measured,0,13,-1.9452671644668926,0.203125
B,measured,0,14,-1.894831379398463,0.21875
B,measured,0,15,-1.821578785895945,0.234375
B,measured,0,16,-1.7779364534785158,0.25
B,measured,0,17,-1.704712290606373,0.265625
B,measured,0,18,-1.6743333918401515,0.28125
B,measured,0,19,-1.6590111900959463,0.296875
B,measured,0,20,-1.6502246982580724,0.3125
B,measured,0,21,-1.6314370717741742,0.328125
B,measured,0,22,-1.6041803240875345,0.34375
B,measured,0,23,-1.5103600358890945,0.359375
B,measured,0,24,-1.502322184545734,0.375
B,measured,0,25,-1.501461544286551,0.390625
B,measured,0,26,-1.4919215413971518,0.40625
B,measured,0,27,-1.3762708513915611,0.421875
B,measured,0,28,-1.372441100019893,0.4375
B,measured,0,29,-1.2654315186122527,0.453125
B,measured,0,30,-1.1701937832991005,0.46875
B,measured,0,31,-1.154118957453205,0.484375
B,measured,0,32,-1.1210512718231582,0.5
B,measured,0,33,-1.1171695803134047,0.515625
B,measured,0,34,-0.9906844473841886,0.53125
B,measured,0,35,-0.9890158054828996,0.546875
B,measured,0,36,-0.957906759186457,0.5625
B,measured,0,37,-0.9476708305907725,0.578125
B,measured,0,38,-0.9289257485068494,0.59375
B,measured,0,39,-0.9155858896324021,0.609375
B,measured,0,40,-0.9013154310742261,0.625
B,measured,0,41,-0.8813256386255066,0.640625
B,measured,0,42,-0.8669650719305313,0.65625
B,measured,0,43,-0.8296273620437571,0.671875
B,measured,0,44,-0.8182259864895353,0.6875
B,measured,0,45,-0.8077749193256492,0.703125
B,measured,0,46,-0.7778671387202691,0.71875
B,measured,0,47,-0.7424958497747295,0.734375
B,measured,0,48,-0.684940191694919,0.75
B,measured,0,49,-0.6615396378059649,0.765625
B,measured,0,50,-0.6463801463855965,0.78125
B,measured,0,51,-0.570568272151857,0.796875
B,measured,0,52,-0.5586746266046267,0.8125
B,measured,0,53,-0.5522287618677713,0.828125
B,measured,0,54,-0.5472967684256332,0.84375
B,measured,0,55,-0.5076724138964162,0.859375
B,measured,0,56,-0.49218003938222676,0.875
B,measured,0,57,-0.4428777422628126,0.890625
B,measured,0,58,-0.4120373228819851,0.90625
B,measured,0,59,-0.39575431497571517,0.921875
B,measured,0,60,-0.38286526594721404,0.9375
B,measured,0,61,-0.353347263095355,0.953125
B,measured,0,62,-0.25704784322031965,0.96875
B,measured,0,63,-0.11414326989509677,0.984375
B,measured,0,64,-0.10491175318288758,1.0
B,measured,1,1,-3.2979745587600804,0.015625
B,measured,1,2,-2.879708179457142,0.03125
B,measured,1,3,-2.384773227666474,0.046875
B,measured,1,4,-2.2575491543854542,0.0625
B,measured,1,5,-2.235759731702838,0.078125
B,measured,1,6,-2.2118626765888503,0.09375
B,measured,1,7,-2.2112784632671816,0.109375
B,measured,1,8,-2.208204782770835,0.125
B,measured,1,9,-2.148398641911652,0.140625
B,measured,1,10,-2.0491321616990295,0.15625
B,measured,1,11,-1.9883761699901719,0.171875
B,measured,1,12,-1.9079583201865353,0.1875
B,measured,1,13,-1.8743510313333518,0.203125
B,measured,1,14,-1.8357082465935022,0.21875
B,measured,1,15,-1.824005209871441,0.234375
B,measured,1,16,-1.7766181828766292,0.25
B,measured,1,17,-1.7692741818423878,0.265625
B,measured,1,18,-1.7334654450296212,0.28125
B,measured,1,19,-1.6774096558911256,0.296875
B,measured,1,20,-1.665481359919524,0.3125
B,measured,1,21,-1.655158139455132,0.328125
B,measured,1,22,-1.5964326012046617,0.34375
B,measured,1,23,-1.5570094753169157,0.359375
B,measured,1,24,-1.4594143589872062,0.375
B,measured,1,25,-1.4183480745658874,0.390625
B,measured,1,26,-1.4082334559430796,0.40625
B,measured,1,27,-1.3298576902731905,0.421875
B,measured,1,28,-1.2657227866489178,0.4375
B,measured,1,29,-1.1980486169045343,0.453125
B,measured,1,30,-1.1796982983706474,0.46875
B,measured,1,31,-1.1750413949163805,0.484375
B,measured,1,32,-1.1696066226683715,0.5
B,measured,1,33,-1.122676993816995,0.515625
B,measured,1,34,-0.9829018909946882,0.53125
B,measured,1,35,-0.9604630520901414,0.546875
B,measured,1,36,-0.9558305434906973,0.5625
B,measured,1,37,-0.9550114574162023,0.578125
B,measured,1,38,-0.9194269582317065,0.59375
B,measured,1,39,-0.9113677019386572,0.609375
B,measured,1,40,-0.8835450147407843,0.625
B,measured,1,41,-0.8530215390861855,0.640625
B,measured,1,42,-0.8418537872576839,0.65625
B,measured,1,43,-0.8319540472346069,0.671875
B,measured,1,44,-0.8068031705451547,0.6875
B,measured,1,45,-0.7912614652592413,0.703125
B,measured,1,46,-0.785124975860444,0.71875
B,measured,1,47,-0.7694274881727795,0.734375
B,measured,1,48,-0.7326612380401312,0.75
B,measured,1,49,-0.6802203145950518,0.765625
B,measured,1,50,-0.643985492044005,0.78125
B,measured,1,51,-0.5770009407647702,0.796875
B,measured,1,52,-0.576709404913259,0.8125
B,measured,1,53,-0.5632264279514838,0.828125
B,measured,1,54,-0.5415335342994411,0.84375
B,measured,1,55,-0.5259685408560822,0.859375
B,measured,1,56,-0.47984496317234526,0.875
B,measured,1,57,-0.4299304591174305,0.890625
B,measured,1,58,-0.42975423682958913,0.90625
B,measured,1,59,-0.3815781327650646,0.921875
B,measured,1,60,-0.364127388642412,0.9375
B,measured,1,61,-0.3541209640912922,0.953125
B,measured,1,62,-0.25324530098053144,0.96875
B,measured,1,63,-0.10651904080177212,0.984375
B,measured,1,64,-0.10218307109228991,1.0
