system,anchor,direction,kappa_eV_A2,chi_A2_eV,n_infty,C_A2_eV
interface,A,0,-0.05414024136753201,-0.023333764741348403,19.071448754791096,-0.44500869852097735
interface,A,1,-0.07959442087853608,-0.04470784535377336,35.569373320622596,-1.5902300417490272
interface,A,2,-0.10967259900736945,-0.05407955990151348,24.971106866757204,-1.350426469607891
interface,A,3,-0.10974823048696467,-0.046524563357376855,38.3371637238333,-1.7836198026116121
interface,A,4,-0.10453799733363874,-0.049391819682698596,25.874747323190338,-1.2780008541224053
interface,A,5,-0.004737873215358965,-0.002540293449747259,27.263822661467398,-0.06925811012199651
interface,A,6,-0.1321116416739226,-0.06372460593364625,36.260447983081185,-2.3106827586993264
interface,A,7,-0.06670703043103637,-0.03407282765929703,46.888332490937245,-1.5976180721955222
interface,A,8,-0.024579170551764867,-0.012094270829478698,48.72755392362254,-0.5893242340103183
interface,A,9,-0.038672198067914255,-0.021252767041921,45.50641553500669,-0.9671372482783519
interface,A,10,-0.0498230270264208,-0.023146024831213523,22.057021619219455,-0.5105323701010671
interface,A,11,-0.13135166476690696,-0.05654242581533864,19.68489960659236,-1.113031975688137
interface,A,12,-0.07455851968085556,-0.033393052941472885,30.903736478149483,-1.0319701083041726
interface,A,13,-0.09878563906666545,-0.044213723347809354,39.63746819627725,-1.752520053037794
interface,A,14,-0.1169121930069694,-0.05404717756244894,33.56627325801939,-1.8141623308858557
interface,A,15,-0.0921528088823112,-0.041057941422323246,25.302728063841492,-1.0388779266701784
interface,A,16,-0.05906362054109573,-0.030751672730873494,47.83993370998257,-1.4711579849160665
interface,A,17,-0.1207128524293819,-0.05025367781861112,40.43644791586499,-2.032080225692928
interface,A,18,-0.03136550392107723,-0.015594508523889087,27.257229377505308,-0.42506309586510654
interface,A,19,-0.15748934195450418,-0.06542400299245707,24.61268320905108,-1.610260259921356
interface,A,20,-0.12751837972428373,-0.05788531921202979,23.782374128893235,-1.3766503180709038
interface,A,21,-0.0910042080826857,-0.04505068027476553,40.843886397799515,-1.8400448672861107
interface,A,22,-0.154221514823973,-0.06445969637571491,34.58756116040793,-2.2295036907763652
interface,A,23,-0.06906835153266509,-0.032355811409818774,29.176900025885605,-0.9440422747606912
interface,A,24,-0.1187057230545714,-0.05506089689345096,24.22781035345588,-1.3340049678257178
interface,A,25,-0.08687347385384012,-0.041898619884971365,55.36603636442801,-2.3197605121706717
interface,A,26,-0.13554142096625715,-0.06415482538545891,28.694319585230726,-1.8408790625450313
interface,A,27,-0.07039009525810845,-0.030370812440483584,20.522616602521207,-0.623288539623126
interface,A,28,-0.1206935491395164,-0.06077423190761404,40.52205606369696,-2.4626968325884566
interface,A,29,-0.04354695057177113,-0.02014190764523398,41.57720255634038,-0.8374441740369941
interface,A,30,-0.08924673207844866,-0.04415335054066456,29.27715237370175,-1.292684371588503
interface,A,31,-0.10301683194311419,-0.05700961865002834,52.03252692234637,-2.9663545172403
interface,A,32,-0.022013316843169144,-0.01080421206829553,32.04974635706712,-0.3462722563768353
interface,A,33,-0.02393671855115465,-0.010047187258241594,28.784163942453077,-0.28919988520175166
interface,A,34,-0.09301982687432095,-0.04096013431559325,40.991588851826585,-1.6790209851803917
interface,A,35,-0.062328468100989215,-0.028433142646130387,30.625169433615408,-0.8707698110678991
interface,A,36,-0.07790428741040635,-0.0409777315463646,49.28253145909294,-2.019486344055979
interface,A,37,-0.11697426677355831,-0.054109657671517465,40.85092124835313,-2.2104293643145065
interface,A,38,-0.09637099765079553,-0.04484244399623293,26.38626925912572,-1.1832248015218676
interface,A,39,-0.15468898594902886,-0.06936944863412244,28.530086267681913,-1.9791163538730423
interface,A,40,-0.12464813457090905,-0.06204866459573386,41.531135012407084,-2.5769514666649864
interface,A,41,-0.11597019270743897,-0.05230174641229231,29.14438159467421,-1.5243020555077298
interface,A,42,-0.145599056395614,-0.06935270054145273,52.492096309436604,-3.640468636141453
interface,A,43,-0.10263497994730914,-0.05541990209865953,15.526506528067063,-0.8604774717196748
interface,A,44,-0.06283402651522606,-0.029792370861690908,32.78110168192564,-0.9766267385627283
interface,A,45,-0.11080804816726032,-0.04778396146968402,25.653689524739097,-1.2258349118053695
interface,A,46,-0.12841993349106817,-0.058341441413990835,17.948456373124714,-1.0471388159642259
interface,A,47,-0.06841705159671578,-0.03622310013521778,30.629766805419266,-1.1095051101110718
interface,A,48,-0.09416724273583836,-0.04030619417781232,24.195385500145424,-0.9752239061758861
interface,A,49,-0.043120156177149815,-0.02098839714389328,27.535105080907687,-0.5779177208369243
interface,A,50,-0.08024842256242998,-0.037056515623113524,40.671301980107565,-1.5071367372382238
interface,A,51,-0.06510345387403946,-0.03205909567891915,18.489696313129112,-0.5927629431767649
interface,A,52,-0.062384300697263625,-0.027867237349319497,58.13921705913292,-1.6201793610904622
interface,A,53,-0.1032427735637263,-0.04317208367725977,29.26819468603866,-1.263568950067991
interface,A,54,-0.10160046835705522,-0.049803072626292036,14.85411887759415,-0.739780761260397
interface,A,55,-0.06702047197888615,-0.029923073875968025,47.4524139748482,-1.4199220889624002
interface,A,56,-0.007595822181887046,-0.003404497009975197,45.8016512154273,-0.15593158461484907
interface,A,57,-0.07249275639759005,-0.03622761011259801,36.790807091870285,-1.3328430150520825
interface,A,58,0.024798490055294234,0.012812501338321096,33.193741918064156,0.425294862749082
interface,A,59,-0.008963110216892504,-0.004185857085246708,34.58922355460573,-0.14478554648922873
interface,A,60,-0.017017120542990878,-0.007032588277390675,38.75058216679683,-0.27251688988827955
interface,A,61,-0.04615190711281248,-0.023644480661810734,42.72072616968249,-1.0101093837775694
interface,A,62,-0.15972441701343065,-0.06655558030332483,31.246033385256172,-2.079597884132786
interface,A,63,-0.0480700199936661,-0.02506719378480589,32.82120450223632,-0.8227354935083013
interface,B,0,-0.04645234498940542,-0.022262384496083136,42.654068305398056,-0.9495812689369647
interface,B,1,-0.10080894392855912,-0.04794720009384711,37.63767401961544,-1.8046210872854922
interface,B,2,-0.1017542670434988,-0.05024695558662302,41.57534486221778,-2.0890345067903926
interface,B,3,-0.04764312064854225,-0.0251831423552587,28.640495907979723,-0.7212576855758577
interface,B,4,-0.12091644563398651,-0.049703286903183264,22.892389513974347,-1.137827003912491
interface,B,5,-0.11483462383170467,-0.05560759243179467,31.802174672379792,-1.7684423676264387
interface,B,6,-0.07864112711460547,-0.04054642331355976,23.454458520028425,-0.9509944037434009
interface,B,7,-0.13871821730082254,-0.06721325673653551,24.16878425257306,-1.6244627009781298
interface,B,8,-0.1261395309293507,-0.05876399381384739,39.80941918085788,-2.3393604624767903
interface,B,9,-0.1040630630255239,-0.051488433498057984,37.679492096258976,-1.9400580230388316
interface,B,10,-0.14739052659322416,-0.06439165233437032,42.119298075730086,-2.712131198260124
interface,B,11,-0.03292267784993666,-0.014657651017396748,24.71341529052868,-0.3622406167765661
interface,B,12,-0.04385916636805452,-0.018153138173107635,25.228601851488357,-0.4579782953243873
interface,B,13,-0.026852278338380782,-0.01409185300591169,39.93134657488445,-0.5627066662613869
interface,B,14,-0.08102225565175805,-0.035431562158672866,47.227731551441266,-1.6733523060780071
interface,B,15,-0.11820726213962517,-0.05150952100385862,17.98164677926733,-0.9262260124606371
interface,B,16,-0.10172297970527804,-0.039759646216920845,19.389183570227427,-0.7709070791871767
interface,B,17,-0.1034769054323802,-0.05343331793984329,42.493671747030895,-2.270577872890438
interface,B,18,-0.06922022554619923,-0.03200072974256546,50.29393813063819,-1.6094427218078604
interface,B,19,-0.11445591368040586,-0.05604327028851382,40.844056629005344,-2.2890345053387113
interface,B,20,-0.08501441883350648,-0.04691637121748593,45.94455853351924,-2.1555519635821
interface,B,21,-0.06721296635973985,-0.030191973966619004,22.52048333378796,-0.6799378465294033
interface,B,22,-0.04796090240356965,-0.024866767302560502,56.263573678994135,-1.399093194286015
interface,B,23,-0.09586545202725341,-0.05115390134798651,21.755307067393183,-1.1128688315205844
interface,B,24,-0.056999338048324744,-0.024775509910976608,23.272104757667293,-0.5765782620728718
interface,B,25,-0.047961153004174195,-0.02166383530021839,15.809417442591567,-0.3424926156687035
interface,B,26,-0.14834408608940336,-0.07099588208456666,41.604081102208006,-2.953718436169108
interface,B,27,-0.07567077908929933,-0.033916655461833936,29.084783494805322,-0.9864585809753464
interface,B,28,-0.11009458147811614,-0.046701187979444635,14.753391242934958,-0.6890008977705978
interface,B,29,-0.07089734646548981,-0.03813195126570079,35.58491305338745,-1.3569221703459704
interface,B,30,-0.1470703245318519,-0.0696408489255403,32.947564044033584,-2.2944963300551064
interface,B,31,-0.12563514813921042,-0.06305528497075216,25.22610872378909,-1.590639474281698
interface,B,32,-0.1343144318116677,-0.05275173924756426,16.133870107823533,-0.8510897089819786
interface,B,33,-0.01661380349121431,-0.007545297444489491,14.1936620544233,-0.10709540202718758
interface,B,34,-0.08541063244053312,-0.04472997104981238,39.64223230701132,-1.773195903442553
interface,B,35,-0.05780106211342352,-0.027309473464849812,17.486219890286492,-0.47753945809430787
interface,B,36,-0.06937392259152479,-0.027643380822957173,13.893271684672662,-0.3840570000562142
interface,B,37,-0.024383527903830304,-0.012206937734001123,38.47372273303468,-0.46964633779737774
interface,B,38,-0.10224471146148523,-0.05182585703419488,26.134599843353993,-1.354448035127556
interface,B,39,-0.11917463745635605,-0.05858413101173224,17.53144308272448,-1.0270643583830579
interface,B,40,-0.10876232362145397,-0.04935019705918536,16.34824179603831,-0.806788954205701
interface,B,41,-0.03665327209876767,-0.01691291081425516,29.700912274922512,-0.5023288804077808
interface,B,42,-0.10750418455132774,-0.05487071009151858,37.92610879252857,-2.081032520454229
interface,B,43,-0.06134500289417987,-0.031937250498623795,42.1488784765649,-1.3461192901421062
interface,B,44,-0.09657970913349473,-0.05023389332314861,32.13377233995063,-1.6142044917954235
interface,B,45,-0.14603369044210954,-0.06278274950278752,8.992063731500682,-0.5645464847679083
interface,B,46,-0.18905068361033822,-0.08215997511189911,20.10971291560807,-1.6522135126537951
interface,B,47,-0.1480054943007649,-0.07173440883120907,35.47278541576268,-2.544619291396071
interface,B,48,-0.08695346346721214,-0.0386201767539654,20.94098030923745,-0.8087443609440594
interface,B,49,-0.11509883297025544,-0.05447528388466082,45.61576963024701,-2.4849320002249957
interface,B,50,-0.021124067883161426,-0.010000998242393309,12.158208643757481,-0.12159422327686972
interface,B,51,-0.10505135372210146,-0.04442014821978384,36.438590966796404,-1.6186076116651726
interface,B,52,-0.0965083678003559,-0.05140939889261862,38.31348129337071,-1.969673042775776
interface,B,53,-0.05384701814884596,-0.02716112664417062,9.59998490579023,-0.2607464058082948
interface,B,54,-0.11986665754033571,-0.06056146941245852,16.428435874472246,-0.994930216706387
interface,B,55,-0.0911282137642178,-0.04713920761743988,24.569505070637096,-1.1581870005825041
interface,B,56,-0.1275738006769022,-0.06414415585308138,23.849256224113034,-1.5297904082195775
interface,B,57,-0.05715637434957303,-0.024899965947805993,20.785777650900478,-0.5175651557060887
interface,B,58,-0.11085109190222045,-0.05217459710237652,18.034853942070583,-0.9409612382277397
interface,B,59,-0.03417830424493855,-0.01665629868750341,33.94616486338435,-0.565417461259763
interface,B,60,-0.10308616482879879,-0.05011179138195046,17.629830034415296,-0.8834623647838639
interface,B,61,-0.09284514203321127,-0.04210966352581366,45.37948411572972,-1.9109148070883841
interface,B,62,-0.09476390676944688,-0.0464430102457451,22.718526909418024,-1.055116778022337
interface,B,63,-0.06339046123037692,-0.027787946313770993,31.322315641073676,-0.8703828254571447
silicon1000,ideal,0,-1.0639841533907761,-0.38598623731285003,167.5515949999777,-64.67260970980794
silicon1000,ideal,1,-1.0879535606761714,-0.3832967771541783,211.93972973994482,-81.23581536024841
silicon1000,ideal,2,-1.1317304621629436,-0.3669556196791793,169.47214802686705,-62.1887570975606
silicon1000,ideal,3,-1.0978331319926475,-0.36711058421071435,177.89215191197783,-65.30609181490733
silicon1000,ideal,4,-1.1073163196678433,-0.36745557952342117,180.30019871722294,-66.25231400782515
silicon1000,ideal,5,-1.107934383322812,-0.37802763387906246,157.3988411721419,-59.50111150361116
silicon1000,ideal,6,-1.0996637474131954,-0.3739736217851459,120.05631954008155,-44.89789663659908
silicon1000,ideal,7,-1.1381378965654392,-0.3842178616106892,159.35943701855112,-61.228742118751015
silicon1000,ideal,8,-1.1353473440276156,-0.3676674243111111,173.01446134661626,-63.61178137188469
silicon1000,ideal,9,-1.1431733846603167,-0.3759549576922498,193.9774994698028,-72.92680260641814
silicon1000,ideal,10,-1.0770805253692397,-0.3658465849231348,120.41529067571093,-44.05352286623545
silicon1000,ideal,11,-1.0226177764798305,-0.38117862367088473,178.5313029975893,-68.05231635879079
silicon1000,ideal,12,-1.1319992518314188,-0.36867078143584314,182.88734085732276,-67.42521886859258
silicon1000,ideal,13,-1.1041172547307685,-0.3764589273049901,163.2662395905955,-61.463033421395075
silicon1000,ideal,14,-1.0226988209761485,-0.37383689461528075,129.8387177366379,-48.538503039494685
silicon1000,ideal,15,-1.1163680860619736,-0.36611337100415997,165.19584376726817,-60.4804072375111
silicon1000,ideal,16,-1.0447046918449516,-0.37262111271883064,199.7733414015018,-74.43976476458643
silicon1000,ideal,17,-1.1265570655694424,-0.37357371293627684,152.63271158126548,-57.01956878094521
silicon1000,ideal,18,-1.098581966792854,-0.36382173147740937,161.83315680711024,-58.87841932001795
silicon1000,ideal,19,-1.0750618365014133,-0.38006227803698034,147.42795641418647,-56.03180496111235
silicon1000,ideal,20,-1.100518905153408,-0.3832095837452832,183.75656064039578,-70.41727511347095
silicon1000,ideal,21,-1.1643572284099073,-0.3670578686564525,161.811151313986,-59.39405632615843
silicon1000,ideal,22,-1.108574030368437,-0.36772684039047043,147.63182502218987,-54.28818455648867
silicon1000,ideal,23,-1.1348807097601266,-0.3695443472962937,190.66678178565385,-70.45983142606431
silicon1000,ideal,24,-1.1214307506440941,-0.383037554954044,185.97330086325726,-71.23475844939486
silicon1000,ideal,25,-1.1230143325418598,-0.38115165228771897,182.79243569497726,-69.6716388908372
silicon1000,ideal,26,-1.1701567042004806,-0.36748957285841544,158.54310213436796,-58.262936883007015
silicon1000,ideal,27,-1.1468044888441993,-0.3707808726019861,161.69610659751933,-59.953823500571986
silicon1000,ideal,28,-1.170659167156177,-0.3706031635599025,170.84195803366072,-63.31457011604276
silicon1000,ideal,29,-1.1005895656070297,-0.3702358398772542,198.5435309781027,-73.50793094387349
silicon1000,ideal,30,-1.1324411285563452,-0.38036130268090357,168.12409425185197,-63.947899501681434
silicon1000,ideal,31,-1.1161376706836812,-0.38138993197100074,172.4151253530661,-65.75739292917744
