reference,configuration,predictor,n_segments,Eseg_percent,Ecum_percent,end_bias_percent,max_segment_error_percent,extra_reference_calls_per_segment
MACE,1,probe,499,1.0200950045270627,0.15338827661509186,0.13515398558911018,5.594357730102359,2
MACE,1,persistence,499,2.190309676113139,0.09567096608054064,0.02122049665944443,10.22647423778542,0
MACE,1,persistence_v2,499,2.2587416557556934,0.11181463037887823,0.07474235064794181,8.96704483982006,0
MACE,1,constant_rate,499,12.567898785438846,5.803886132352476,-5.417822661023674,64.90463475959464,0
MACE,2,probe,499,1.5749553980035245,0.18593892268569442,0.08737418581805842,7.057300969634691,2
MACE,2,persistence,499,3.0724563074463096,0.13340640679535298,-0.061348689558151606,14.578751953814598,0
MACE,2,persistence_v2,499,2.6978806326645675,0.12440752519249634,-3.5704393040144365e-05,13.33850368630906,0
MACE,2,constant_rate,499,18.178526556445462,6.489966822908353,-5.49880170540064,124.96903747641699,0
PBE,1,probe,79,0.4901148199921756,0.13368520338494502,0.09922466774578277,1.383243341080362,2
PBE,1,persistence,79,1.04711726194398,0.2711490708592133,0.13329578092496402,2.928792282010732,0
PBE,1,persistence_v2,79,0.8276367360526647,0.19622484251670552,0.1950486056532119,2.186093831259299,0
PBE,1,constant_rate,79,4.958235436231328,1.595021589608364,-1.5544009155395802,13.380519871920281,0
PBE,2,probe,79,0.42193446725886685,0.09766051393228159,0.040723344185864256,0.9222135652384189,2
PBE,2,persistence,79,0.965930287959397,0.20742818557182402,0.0013884366279328004,2.3609175693155406,0
PBE,2,persistence_v2,79,0.6435444085783483,0.1778342519992784,0.01574162911557685,1.6336516234258445,0
PBE,2,constant_rate,79,6.324504866374863,3.665568685014316,-3.6282898372142967,17.595366563011673,0
