anchor,direction,budget,epsilon_eV_A,C_pred_A2_eV,C_measured_A2_eV,n_infty,kappa_eV_A2,g_eV_A2,observed_W_meV
A,0,0,0.019538298638721113,-0.44500869852097735,-0.4208062158294648,19.071448754791096,-0.05414024136753201,0.3487994919850784,-0.08032035835286999
A,0,1,0.03907659727744223,-0.44500869852097735,-0.39805996076843314,19.071448754791096,-0.05414024136753201,0.3487994919850784,-0.3039148899626233
A,1,0,0.019538298638721113,-1.5902300417490272,-1.6185284200129997,35.569373320622596,-0.07959442087853608,0.22372336185355593,-0.30893265785891455
A,1,1,0.03907659727744223,-1.5902300417490272,-1.6079205986821512,35.569373320622596,-0.07959442087853608,0.22372336185355593,-1.2276316635156381
A,2,0,0.019538298638721113,-1.350426469607891,-1.3604747803882804,24.971106866757204,-0.10967259900736945,0.2849794846421466,-0.25967729985983123
A,2,1,0.03907659727744223,-1.350426469607891,-1.3634253782790948,24.971106866757204,-0.10967259900736945,0.2849794846421466,-1.0409619520939244
A,3,0,0.019538298638721113,-1.7836198026116121,-1.657195588653721,38.3371637238333,-0.10974823048696467,0.2480547916120279,-0.316313159203439
A,3,1,0.03907659727744223,-1.7836198026116121,-1.5545508476720773,38.3371637238333,-0.10974823048696467,0.2480547916120279,-1.1868843801811184
A,4,0,0.019538298638721113,-1.2780008541224053,-1.2657825879140692,25.874747323190338,-0.10453799733363874,0.28600361066162344,-0.24160315896874263
A,4,1,0.03907659727744223,-1.2780008541224053,-1.2546520227154396,25.874747323190338,-0.10453799733363874,0.28600361066162344,-0.9579145581204707
A,5,0,0.019538298638721113,-0.06925811012199651,-0.06758096163435204,27.263822661467398,-0.004737873215358965,0.2615510086327791,-0.012899350941390341
A,5,1,0.03907659727744223,-0.06925811012199651,-0.06445650634121,27.263822661467398,-0.004737873215358965,0.2615510086327791,-0.04921191268332514
A,6,0,0.019538298638721113,-2.3106827586993264,-2.215030277416276,36.260447983081185,-0.1321116416739226,0.23911145532058328,-0.4227884925460147
A,6,1,0.03907659727744223,-2.3106827586993264,-2.1252537975881634,36.260447983081185,-0.1321116416739226,0.23911145532058328,-1.6226105051856663
A,7,0,0.019538298638721113,-1.5976180721955222,-1.697349390060905,46.888332490937245,-0.06670703043103637,0.20433808622595293,-0.32397741794519197
A,7,1,0.03907659727744223,-1.5976180721955222,-1.7950941072699793,46.888332490937245,-0.06670703043103637,0.20433808622595293,-1.3705368081490619
A,8,0,0.019538298638721113,-0.5893242340103183,-0.5047628072429452,48.72755392362254,-0.024579170551764867,0.20422385101823098,-0.09634536762019759
A,8,1,0.03907659727744223,-0.5893242340103183,-0.40698265240414977,48.72755392362254,-0.024579170551764867,0.20422385101823098,-0.31072727782852255
A,9,0,0.019538298638721113,-0.9671372482783519,-0.9950152437662563,45.50641553500669,-0.038672198067914255,0.19996563826600036,-0.18992110368032736
A,9,1,0.03907659727744223,-0.9671372482783519,-1.0309922599416896,45.50641553500669,-0.038672198067914255,0.19996563826600036,-0.787152514981966
A,10,0,0.019538298638721113,-0.5105323701010671,-0.5167639600671989,22.057021619219455,-0.0498230270264208,0.31239452446755567,-0.0986360583448856
A,10,1,0.03907659727744223,-0.5105323701010671,-0.5207019928130316,22.057021619219455,-0.0498230270264208,0.31239452446755567,-0.3975508828961342
A,11,0,0.019538298638721113,-1.113031975688137,-1.077965033977735,19.68489960659236,-0.13135166476690696,0.3435294469116689,-0.20575394222799132
A,11,1,0.03907659727744223,-1.113031975688137,-1.0527162596587756,19.68489960659236,-0.13135166476690696,0.3435294469116689,-0.8037385764658213
A,12,0,0.019538298638721113,-1.0319701083041726,-1.099389992520828,30.903736478149483,-0.07455851968085556,0.2687912205951251,-0.20984337884547227
A,12,1,0.03907659727744223,-1.0319701083041726,-1.183738155021973,30.903736478149483,-0.07455851968085556,0.2687912205951251,-0.9037725131499607
A,13,0,0.019538298638721113,-1.752520053037794,-1.6911691306841066,39.63746819627725,-0.09878563906666545,0.2374189657948754,-0.3227977760359591
A,13,1,0.03907659727744223,-1.752520053037794,-1.6264526039724339,39.63746819627725,-0.09878563906666545,0.2374189657948754,-1.2417806684487405
A,14,0,0.019538298638721113,-1.8141623308858557,-1.7219355627674133,33.56627325801939,-0.1169121930069694,0.2538585709607314,-0.32867024359278796
A,14,1,0.03907659727744223,-1.8141623308858557,-1.6452030240538902,33.56627325801939,-0.1169121930069694,0.2538585709607314,-1.2560964309404212
A,15,0,0.019538298638721113,-1.0388779266701784,-1.1235545431151048,25.302728063841492,-0.0921528088823112,0.2978324604389307,-0.21445572840248298
A,15,1,0.03907659727744223,-1.0388779266701784,-1.214783291614048,25.302728063841492,-0.0921528088823112,0.2978324604389307,-0.9274751715460504
A,16,0,0.019538298638721113,-1.4711579849160665,-1.4607217347621462,47.83993370998257,-0.05906362054109573,0.20036892860902664,-0.27881169235738834
A,16,1,0.03907659727744223,-1.4711579849160665,-1.4529596605814261,47.83993370998257,-0.05906362054109573,0.20036892860902664,-1.109320501648284
A,17,0,0.019538298638721113,-2.032080225692928,-2.0197641216060322,40.43644791586499,-0.1207128524293819,0.2437285087795359,-0.385517542120648
A,17,1,0.03907659727744223,-2.032080225692928,-1.999840357631034,40.43644791586499,-0.1207128524293819,0.2437285087795359,-1.526858569394822
A,18,0,0.019538298638721113,-0.42506309586510654,-0.38670778894303254,27.257229377505308,-0.03136550392107723,0.2716435729694447,-0.07381190442856461
A,18,1,0.03907659727744223,-0.42506309586510654,-0.3462137988509238,27.257229377505308,-0.03136550392107723,0.2716435729694447,-0.264330852010837
A,19,0,0.019538298638721113,-1.610260259921356,-1.6392656555047835,24.61268320905108,-0.15748934195450418,0.3127357620796071,-0.3128908270191889
A,19,1,0.03907659727744223,-1.610260259921356,-1.6745225599082767,24.61268320905108,-0.15748934195450418,0.3127357620796071,-1.278481610036906
A,20,0,0.019538298638721113,-1.3766503180709038,-1.4727726677440671,23.782374128893235,-0.12751837972428373,0.30435088798361387,-0.28111188474805054
A,20,1,0.03907659727744223,-1.3766503180709038,-1.5902446487528086,23.782374128893235,-0.12751837972428373,0.30435088798361387,-1.21413624848472
A,21,0,0.019538298638721113,-1.8400448672861107,-1.7466910662456014,40.843886397799515,-0.0910042080826857,0.2223906534611728,-0.33339538983772743
A,21,1,0.03907659727744223,-1.8400448672861107,-1.613032808081619,40.843886397799515,-0.0910042080826857,0.2223906534611728,-1.2315347854325118
A,22,0,0.019538298638721113,-2.2295036907763652,-2.051844012241335,34.58756116040793,-0.154221514823973,0.26300765222236483,-0.3916407128696101
A,22,1,0.03907659727744223,-2.2295036907763652,-1.8955436648390127,34.58756116040793,-0.154221514823973,0.26300765222236483,-1.4472290636988392
A,23,0,0.019538298638721113,-0.9440422747606912,-0.8577787289109192,29.176900025885605,-0.06906835153266509,0.27048539743280636,-0.16372641919699082
A,23,1,0.03907659727744223,-0.9440422747606912,-0.7857167472695487,29.176900025885605,-0.06906835153266509,0.27048539743280636,-0.5998870580382967
A,24,0,0.019538298638721113,-1.3340049678257178,-1.3468619029292752,24.22781035345588,-0.1187057230545714,0.2983026458350212,-0.2570789751331734
A,24,1,0.03907659727744223,-1.3340049678257178,-1.3675074409225736,24.22781035345588,-0.1187057230545714,0.2983026458350212,-1.044078567029821
A,25,0,0.019538298638721113,-2.3197605121706717,-2.3257751689204507,55.36603636442801,-0.08687347385384012,0.19351829027015285,-0.4439266531452626
A,25,1,0.03907659727744223,-2.3197605121706717,-2.311739894611556,55.36603636442801,-0.08687347385384012,0.19351829027015285,-1.7649908178074478
A,26,0,0.019538298638721113,-1.8408790625450313,-1.880717551902912,28.694319585230726,-0.13554142096625715,0.27134597759712836,-0.3589773678404802
A,26,1,0.03907659727744223,-1.8408790625450313,-1.9166282770473693,28.694319585230726,-0.13554142096625715,0.27134597759712836,-1.4633269590682632
A,27,0,0.019538298638721113,-0.623288539623126,-0.6271214842386407,20.522616602521207,-0.07039009525810845,0.3360556532504619,-0.11970028115089545
A,27,1,0.03907659727744223,-0.623288539623126,-0.6294119061289583,20.522616602521207,-0.07039009525810845,0.3360556532504619,-0.4805498393334433
A,28,0,0.019538298638721113,-2.4626968325884566,-2.342556326149072,40.52205606369696,-0.1206935491395164,0.22137906726728387,-0.4471297155323566
A,28,1,0.03907659727744223,-2.4626968325884566,-2.2194264735119233,40.52205606369696,-0.1206935491395164,0.22137906726728387,-1.6945104229407828
A,29,0,0.019538298638721113,-0.8374441740369941,-0.8379177806103241,41.57720255634038,-0.04354695057177113,0.22803470150188582,-0.15993550921343178
A,29,1,0.03907659727744223,-0.8374441740369941,-0.8257839061885206,41.57720255634038,-0.04354695057177113,0.22803470150188582,-0.6304779423122819
A,30,0,0.019538298638721113,-1.292684371588503,-1.3522998090497704,29.27715237370175,-0.08924673207844866,0.26275434849577006,-0.2581169221782913
A,30,1,0.03907659727744223,-1.292684371588503,-1.4280022514825332,29.27715237370175,-0.08924673207844866,0.26275434849577006,-1.0902657637002626
A,31,0,0.019538298638721113,-2.9663545172403,-3.376029712381201,52.03252692234637,-0.10301683194311419,0.18635565164395435,-0.6443914231967669
A,31,1,0.03907659727744223,-2.9663545172403,-3.543629779894199,52.03252692234637,-0.10301683194311419,0.18635565164395435,-2.705526706443431
A,32,0,0.019538298638721113,-0.3462722563768353,-0.3007498868173764,32.04974635706712,-0.022013316843169144,0.252135439819827,-0.05740489986855689
A,32,1,0.03907659727744223,-0.3462722563768353,-0.2535234966423248,32.04974635706712,-0.022013316843169144,0.252135439819827,-0.19356271210058812
A,33,0,0.019538298638721113,-0.28919988520175166,-0.2998131759221947,28.784163942453077,-0.02393671855115465,0.2876956190156114,-0.057226107464966244
A,33,1,0.03907659727744223,-0.28919988520175166,-0.30764973216905495,28.784163942453077,-0.02393671855115465,0.2876956190156114,-0.23488756397074817
A,34,0,0.019538298638721113,-1.6790209851803917,-1.6530138403720955,40.991588851826585,-0.09301982687432095,0.23537465764963902,-0.3155149782168307
A,34,1,0.03907659727744223,-1.6790209851803917,-1.6178834470259655,40.991588851826585,-0.09301982687432095,0.23537465764963902,-1.2352382008631262
A,35,0,0.019538298638721113,-0.8707698110678991,-0.8781653418637219,30.625169433615408,-0.062328468100989215,0.2675417383197397,-0.16761766413676132
A,35,1,0.03907659727744223,-0.8707698110678991,-0.8806549886916276,30.625169433615408,-0.062328468100989215,0.2675417383197397,-0.6723714775698081
A,36,0,0.019538298638721113,-2.019486344055979,-1.9286618188892806,49.28253145909294,-0.07790428741040635,0.19640847306613643,-0.36812861266636787
A,36,1,0.03907659727744223,-2.019486344055979,-1.8195358537604591,49.28253145909294,-0.07790428741040635,0.19640847306613643,-1.3891978427349287
A,37,0,0.019538298638721113,-2.2104293643145065,-2.1820210298239964,40.85092124835313,-0.11697426677355831,0.23004184661177338,-0.41648793305845005
A,37,1,0.03907659727744223,-2.2104293643145065,-2.1656495282051695,40.85092124835313,-0.11697426677355831,0.23004184661177338,-1.6534522507400986
A,38,0,0.019538298638721113,-1.1832248015218676,-1.1776876207523812,26.38626925912572,-0.09637099765079553,0.2853905216542886,-0.22478824734115718
A,38,1,0.03907659727744223,-1.1832248015218676,-1.1687930069732504,26.38626925912572,-0.09637099765079553,0.2853905216542886,-0.8923620386678387
A,39,0,0.019538298638721113,-1.9791163538730423,-2.2405660403421974,28.530086267681913,-0.15468898594902886,0.279572231219927,-0.42766256890674775
A,39,1,0.03907659727744223,-1.9791163538730423,-2.5681189234960926,28.530086267681913,-0.15468898594902886,0.279572231219927,-1.9607337008689663
A,40,0,0.019538298638721113,-2.5769514666649864,-2.647982473008128,41.531135012407084,-0.12464813457090905,0.21993268288451265,-0.5054271851115547
A,40,1,0.03907659727744223,-2.5769514666649864,-2.701810468347508,41.531135012407084,-0.12464813457090905,0.21993268288451265,-2.0628058888479215
A,41,0,0.019538298638721113,-1.5243020555077298,-1.5044006531291974,29.14438159467421,-0.11597019270743897,0.2758275689880562,-0.2871487991864592
A,41,1,0.03907659727744223,-1.5243020555077298,-1.458054801979428,29.14438159467421,-0.11597019270743897,0.2758275689880562,-1.1132105923128373
A,42,0,0.019538298638721113,-3.640468636141453,-3.4586538056036864,52.492096309436604,-0.145599056395614,0.1999864785844941,-0.660162095127384
A,42,1,0.03907659727744223,-3.640468636141453,-3.298383651560167,52.492096309436604,-0.145599056395614,0.1999864785844941,-2.5182836841547465
A,43,0,0.019538298638721113,-0.8604774717196748,-0.9311368073414268,15.526506528067063,-0.10263497994730914,0.3453647021783451,-0.17772846319247249
A,43,1,0.03907659727744223,-0.8604774717196748,-1.0114372631932045,15.526506528067063,-0.10263497994730914,0.3453647021783451,-0.772222466067821
A,44,0,0.019538298638721113,-0.9766267385627283,-0.9324592396846244,32.78110168192564,-0.06283402651522606,0.2536489917027862,-0.177980879235077
A,44,1,0.03907659727744223,-0.9766267385627283,-0.8927166351086228,32.78110168192564,-0.06283402651522606,0.2536489917027862,-0.681580426735438
A,45,0,0.019538298638721113,-1.2258349118053695,-1.2226666403614808,25.653689524739097,-0.11080804816726032,0.3006558507176099,-0.23337350781845898
A,45,1,0.03907659727744223,-1.2258349118053695,-1.2156631300178062,25.653689524739097,-0.11080804816726032,0.3006558507176099,-0.9281469195690037
A,46,0,0.019538298638721113,-1.0471388159642259,-1.0555781074574586,17.948456373124714,-0.12841993349106817,0.3501983463857397,-0.20148089232309951
A,46,1,0.03907659727744223,-1.0471388159642259,-1.0620089965068529,17.948456373124714,-0.12841993349106817,0.3501983463857397,-0.8108334902350509
A,47,0,0.019538298638721113,-1.1095051101110718,-1.1065396607653069,30.629766805419266,-0.06841705159671578,0.248323330210085,-0.21120805430391038
A,47,1,0.03907659727744223,-1.1095051101110718,-1.0940636008740223,30.629766805419266,-0.06841705159671578,0.248323330210085,-0.8353068674122922
A,48,0,0.019538298638721113,-0.9752239061758861,-0.9908482265232808,24.195385500145424,-0.09416724273583836,0.31074042666063056,-0.1891257344447312
A,48,1,0.03907659727744223,-0.9752239061758861,-1.0145099555916999,24.195385500145424,-0.09416724273583836,0.31074042666063056,-0.7745684366858531
A,49,0,0.019538298638721113,-0.5779177208369243,-0.598554828034656,27.535105080907687,-0.043120156177149815,0.2731537435119621,-0.11424769044064524
A,49,1,0.03907659727744223,-0.5779177208369243,-0.6103390096935338,27.535105080907687,-0.043120156177149815,0.2731537435119621,-0.46598786929694275
A,50,0,0.019538298638721113,-1.5071367372382238,-1.4276775558876826,40.671301980107565,-0.08024842256242998,0.23075011390191214,-0.2725044654466793
A,50,1,0.03907659727744223,-1.5071367372382238,-1.3546502198981316,40.671301980107565,-0.08024842256242998,0.23075011390191214,-1.0342622044262444
A,51,0,0.019538298638721113,-0.5927629431767649,-0.6016784584017171,18.489696313129112,-0.06510345387403946,0.33140685842205375,-0.11484390575545403
A,51,1,0.03907659727744223,-0.5927629431767649,-0.6088288010134881,18.489696313129112,-0.06510345387403946,0.33140685842205375,-0.46483483972840567
A,52,0,0.019538298638721113,-1.6201793610904622,-1.635921337054152,58.13921705913292,-0.062384300697263625,0.19622579976068735,-0.31225248840560316
A,52,1,0.03907659727744223,-1.6201793610904622,-1.623987960040105,58.13921705913292,-0.062384300697263625,0.19622579976068735,-1.2398989368924072
A,53,0,0.019538298638721113,-1.263568950067991,-1.3651350220303884,29.26819468603866,-0.1032427735637263,0.2858448413413621,-0.26056681209758953
A,53,1,0.03907659727744223,-1.263568950067991,-1.415211842142725,29.26819468603866,-0.1032427735637263,0.2858448413413621,-1.0805004111649796
A,54,0,0.019538298638721113,-0.739780761260397,-0.7716168348305253,14.85411887759415,-0.10160046835705522,0.37059225481407887,-0.1472804781710059
A,54,1,0.03907659727744223,-0.739780761260397,-0.8055879776891537,14.85411887759415,-0.10160046835705522,0.37059225481407887,-0.6150585482699138
A,55,0,0.019538298638721113,-1.4199220889624002,-1.3925124533155957,47.4524139748482,-0.06702047197888615,0.21725585194156974,-0.2657924124069254
A,55,1,0.03907659727744223,-1.4199220889624002,-1.3512631666431247,47.4524139748482,-0.06702047197888615,0.21725585194156974,-1.0316762223663913
A,56,0,0.019538298638721113,-0.15593158461484907,-0.0909568763380951,45.8016512154273,-0.007595822181887046,0.22070915524316054,-0.0173611715495528
A,56,1,0.03907659727744223,-0.15593158461484907,-0.016512296403686233,45.8016512154273,-0.007595822181887046,0.22070915524316054,-0.012606976936009595
A,57,0,0.019538298638721113,-1.3328430150520825,-1.3165183364582624,36.790807091870285,-0.07249275639759005,0.23321571226652393,-0.2512872210169662
A,57,1,0.03907659727744223,-1.3328430150520825,-1.294685604300279,36.790807091870285,-0.07249275639759005,0.23321571226652393,-0.9884798064279838
A,58,0,0.019538298638721113,0.425294862749082,0.43404386164955594,33.193741918064156,0.024798490055294234,0.24147242893517637,0.08284706165719805
A,58,1,0.03907659727744223,0.425294862749082,0.42106443006047617,33.193741918064156,0.024798490055294234,0.24147242893517637,0.3214785774534306
A,59,0,0.019538298638721113,-0.14478554648922873,-0.14651700062865355,34.58922355460573,-0.008963110216892504,0.24880938833447944,-0.027966074531680235
A,59,1,0.03907659727744223,-0.14478554648922873,-0.14352251316991027,34.58922355460573,-0.008963110216892504,0.24880938833447944,-0.10957803621592342
A,60,0,0.019538298638721113,-0.27251688988827955,-0.3176703614122945,38.75058216679683,-0.017017120542990878,0.24988853196520305,-0.06063455411756927
A,60,1,0.03907659727744223,-0.27251688988827955,-0.34896040754002056,38.75058216679683,-0.017017120542990878,0.24988853196520305,-0.2664278609034315
A,61,0,0.019538298638721113,-1.0101093837775694,-1.028709347858578,42.72072616968249,-0.04615190711281248,0.2137522146651545,-0.19635238347912898
A,61,1,0.03907659727744223,-1.0101093837775694,-1.0389156692419408,42.72072616968249,-0.04615190711281248,0.2137522146651545,-0.7932019605503323
A,62,0,0.019538298638721113,-2.079597884132786,-2.054129800536861,31.246033385256172,-0.15972441701343065,0.277137932279471,-0.39207700712599014
A,62,1,0.03907659727744223,-2.079597884132786,-2.0326578172630976,31.246033385256172,-0.15972441701343065,0.277137932279471,-1.5519143791117245
A,63,0,0.019538298638721113,-0.8227354935083013,-0.7802739888538789,32.82120450223632,-0.0480700199936661,0.24171691045819366,-0.1489328912944697
A,63,1,0.03907659727744223,-0.8227354935083013,-0.7344758674972766,32.82120450223632,-0.0480700199936661,0.24171691045819366,-0.5607651470892137
B,0,0,0.019538298638721113,-0.9495812689369647,-0.9289257485068494,42.654068305398056,-0.04645234498940542,0.22117587380748285,-0.1773064327393755
B,0,1,0.03907659727744223,-0.9495812689369647,-0.9113677019386572,42.654068305398056,-0.04645234498940542,0.22117587380748285,-0.6958203339905988
B,1,0,0.019538298638721113,-1.8046210872854922,-1.821578785895945,37.63767401961544,-0.10080894392855912,0.23635049631761842,-0.3476894003638991
B,1,1,0.03907659727744223,-1.8046210872854922,-1.8357082465935022,37.63767401961544,-0.10080894392855912,0.23635049631761842,-1.4015453066164967
B,2,0,0.019538298638721113,-2.0890345067903926,-2.0000734434180214,41.57534486221778,-0.1017542670434988,0.22070059717948137,-0.3817591320288327
B,2,1,0.03907659727744223,-2.0890345067903926,-1.9079583201865353,41.57534486221778,-0.1017542670434988,0.22070059717948137,-1.4567075317331086
B,3,0,0.019538298638721113,-0.7212576855758577,-0.7424958497747295,28.640495907979723,-0.04764312064854225,0.25701287109255433,-0.14172208129547592
B,3,1,0.03907659727744223,-0.7212576855758577,-0.7694274881727795,28.640495907979723,-0.04764312064854225,0.25701287109255433,-0.587450367906462
B,4,0,0.019538298638721113,-1.137827003912491,-1.154118957453205,22.892389513974347,-0.12091644563398651,0.325990217680785,-0.22028963631575554
B,4,1,0.03907659727744223,-1.137827003912491,-1.1696066226683715,22.892389513974347,-0.12091644563398651,0.325990217680785,-0.8929832262999162
B,5,0,0.019538298638721113,-1.7684423676264387,-1.6502246982580724,31.802174672379792,-0.11483462383170467,0.2548243766676486,-0.31498260753011487
B,5,1,0.03907659727744223,-1.7684423676264387,-1.5570094753169157,31.802174672379792,-0.11483462383170467,0.2548243766676486,-1.1887615183607476
B,6,0,0.019538298638721113,-0.9509944037434009,-0.957906759186457,23.454458520028425,-0.07864112711460547,0.2875649058340949,-0.18283811234782923
B,6,1,0.03907659727744223,-0.9509944037434009,-0.9604630520901414,23.454458520028425,-0.07864112711460547,0.2875649058340949,-0.7333041540416307
B,7,0,0.019538298638721113,-1.6244627009781298,-1.6041803240875345,24.16878425257306,-0.13871821730082254,0.29222130605514507,-0.3061940001037218
B,7,1,0.03907659727744223,-1.6244627009781298,-1.5964326012046617,24.16878425257306,-0.13871821730082254,0.29222130605514507,-1.2188606897092744
B,8,0,0.019538298638721113,-2.3393604624767903,-2.2763154616835046,39.80941918085788,-0.1261395309293507,0.2322079225264751,-0.43448615236399685
B,8,1,0.03907659727744223,-2.3393604624767903,-2.2112784632671816,39.80941918085788,-0.1261395309293507,0.2322079225264751,-1.6882894967462352
B,9,0,0.019538298638721113,-1.9400580230388316,-2.0079121501907724,37.679492096258976,-0.1040630630255239,0.2316012734316888,-0.38325532603292883
B,9,1,0.03907659727744223,-1.9400580230388316,-2.0491321616990295,37.679492096258976,-0.1040630630255239,0.2316012734316888,-1.564492380091243
B,10,0,0.019538298638721113,-2.712131198260124,-2.7913372017387936,42.119298075730086,-0.14739052659322416,0.23311994823233428,-0.5327896687206176
B,10,1,0.03907659727744223,-2.712131198260124,-2.879708179457142,42.119298075730086,-0.14739052659322416,0.23311994823233428,-2.1986290527554795
B,11,0,0.019538298638721113,-0.3622406167765661,-0.39575431497571517,24.71341529052868,-0.03292267784993666,0.30147340345355417,-0.07553863798301406
B,11,1,0.03907659727744223,-0.3622406167765661,-0.4299304591174305,24.71341529052868,-0.03292267784993666,0.30147340345355417,-0.3282477039941861
B,12,0,0.019538298638721113,-0.4579782953243873,-0.4428777422628126,25.228601851488357,-0.04385916636805452,0.30946229235266065,-0.08453320703673967
B,12,1,0.03907659727744223,-0.4579782953243873,-0.42975423682958913,25.228601851488357,-0.04385916636805452,0.30946229235266065,-0.3281131599995706
B,13,0,0.019538298638721113,-0.5627066662613869,-0.6463801463855965,39.93134657488445,-0.026852278338380782,0.2184487379690645,-0.12337623123635527
B,13,1,0.03907659727744223,-0.5627066662613869,-0.7326612380401312,39.93134657488445,-0.026852278338380782,0.2184487379690645,-0.5593796952323461
B,14,0,0.019538298638721113,-1.6733523060780071,-1.704712290606373,47.227731551441266,-0.08102225565175805,0.22004346321129648,-0.3253827935981225
B,14,1,0.03907659727744223,-1.6733523060780071,-1.7334654450296212,47.227731551441266,-0.08102225565175805,0.22004346321129648,-1.3234839268013243
B,15,0,0.019538298638721113,-0.9262260124606371,-0.8813256386255066,17.98164677926733,-0.11820726213962517,0.3572428886619198,-0.1682208780600814
B,15,1,0.03907659727744223,-0.9262260124606371,-0.8418537872576839,17.98164677926733,-0.11820726213962517,0.3572428886619198,-0.6427471394639351
B,16,0,0.019538298638721113,-0.7709070791871767,-0.7778671387202691,19.389183570227427,-0.10172297970527804,0.3632524228780808,-0.14847348965551782
B,16,1,0.03907659727744223,-0.7709070791871767,-0.785124975860444,19.389183570227427,-0.10172297970527804,0.3632524228780808,-0.5994352463505954
B,17,0,0.019538298638721113,-2.270577872890438,-2.265093759076622,42.493671747030895,-0.1034769054323802,0.21347819175598234,-0.43234423729523414
B,17,1,0.03907659727744223,-2.270577872890438,-2.2575491543854542,42.493671747030895,-0.1034769054323802,0.21347819175598234,-1.7236167172296966
B,18,0,0.019538298638721113,-1.6094427218078604,-1.501461544286551,50.29393813063819,-0.06922022554619923,0.20738566920024304,-0.28658780396680894
B,18,1,0.03907659727744223,-1.6094427218078604,-1.4082334559430796,50.29393813063819,-0.06922022554619923,0.20738566920024304,-1.075172481498585
B,19,0,0.019538298638721113,-2.2890345053387113,-2.1265963507441112,40.844056629005344,-0.11445591368040586,0.22361088920929634,-0.40590888284999666
B,19,1,0.03907659727744223,-2.2890345053387113,-1.9883761699901719,40.844056629005344,-0.11445591368040586,0.22361088920929634,-1.518105774166039
B,20,0,0.019538298638721113,-2.1555519635821,-2.156973006007314,45.94455853351924,-0.08501441883350648,0.1985944222828675,-0.41170695270857216
B,20,1,0.03907659727744223,-2.1555519635821,-2.148398641911652,45.94455853351924,-0.08501441883350648,0.1985944222828675,-1.6402813676411523
B,21,0,0.019538298638721113,-0.6799378465294033,-0.6615396378059649,22.52048333378796,-0.06721296635973985,0.3144067951569671,-0.12626976212427518
B,21,1,0.03907659727744223,-0.6799378465294033,-0.643985492044005,22.52048333378796,-0.06721296635973985,0.3144067951569671,-0.4916766297576348
B,22,0,0.019538298638721113,-1.399093194286015,-1.372441100019893,56.263573678994135,-0.04796090240356965,0.18514856524168288,-0.26196134188397663
B,22,1,0.03907659727744223,-1.399093194286015,-1.3298576902731905,56.263573678994135,-0.04796090240356965,0.18514856524168288,-1.0153333503452826
B,23,0,0.019538298638721113,-1.1128688315205844,-1.1171695803134047,21.755307067393183,-0.09586545202725341,0.29350065353556404,-0.21323701422714358
B,23,1,0.03907659727744223,-1.1128688315205844,-1.122676993816995,21.755307067393183,-0.09586545202725341,0.29350065353556404,-0.8571529132967706
B,24,0,0.019538298638721113,-0.5765782620728718,-0.5522287618677713,23.272104757667293,-0.056999338048324744,0.31441682197024656,-0.10540531574266578
B,24,1,0.03907659727744223,-0.5765782620728718,-0.5259685408560822,23.272104757667293,-0.056999338048324744,0.31441682197024656,-0.4015718408590923
B,25,0,0.019538298638721113,-0.3424926156687035,-0.353347263095355,15.809417442591567,-0.047961153004174195,0.37421328503381057,-0.06744429556222709
B,25,1,0.03907659727744223,-0.3424926156687035,-0.364127388642412,15.809417442591567,-0.047961153004174195,0.37421328503381057,-0.27800770275414205
B,26,0,0.019538298638721113,-2.953718436169108,-3.1048346548897032,41.604081102208006,-0.14834408608940336,0.22410449720408168,-0.5926277291688445
B,26,1,0.03907659727744223,-2.953718436169108,-3.2979745587600804,41.604081102208006,-0.14834408608940336,0.22410449720408168,-2.5179713457997837
B,27,0,0.019538298638721113,-0.9864585809753464,-0.9155858896324021,29.084783494805322,-0.07567077908929933,0.27696486247636365,-0.17476021976801925
B,27,1,0.03907659727744223,-0.9864585809753464,-0.8530215390861855,29.084783494805322,-0.07567077908929933,0.27696486247636365,-0.651273608846932
B,28,0,0.019538298638721113,-0.6890008977705978,-0.684940191694919,14.753391242934958,-0.11009458147811614,0.39973583080982356,-0.13073628567671752
B,28,1,0.03907659727744223,-0.6890008977705978,-0.6802203145950518,14.753391242934958,-0.11009458147811614,0.39973583080982356,-0.5193415626666316
B,29,0,0.019538298638721113,-1.3569221703459704,-1.2654315186122527,35.58491305338745,-0.07089734646548981,0.22857962780779015,-0.24153614947347407
B,29,1,0.03907659727744223,-1.3569221703459704,-1.1750413949163805,35.58491305338745,-0.07089734646548981,0.22857962780779015,-0.8971326217993708
B,30,0,0.019538298638721113,-2.2944963300551064,-2.2635510678579656,32.947564044033584,-0.1470703245318519,0.2531738475127604,-0.4320497798779024
B,30,1,0.03907659727744223,-2.2944963300551064,-2.235759731702838,32.947564044033584,-0.1470703245318519,0.2531738475127604,-1.706980705951012
B,31,0,0.019538298638721113,-1.590639474281698,-1.6743333918401515,25.22610872378909,-0.12563514813921042,0.28104101165660833,-0.3195842955163895
B,31,1,0.03907659727744223,-1.590639474281698,-1.7692741818423878,25.22610872378909,-0.12563514813921042,0.28104101165660833,-1.3508235474131132
B,32,0,0.019538298638721113,-0.8510897089819786,-0.8669650719305313,16.133870107823533,-0.1343144318116677,0.39725893135595863,-0.1654798399772263
B,32,1,0.03907659727744223,-0.8510897089819786,-0.8835450147407843,16.133870107823533,-0.1343144318116677,0.39725893135595863,-0.6745779842152466
B,33,0,0.019538298638721113,-0.10709540202718758,-0.10491175318288758,14.1936620544233,-0.01661380349121431,0.39386657083167137,-0.020024774573416254
B,33,1,0.03907659727744223,-0.10709540202718758,-0.10218307109228991,14.1936620544233,-0.01661380349121431,0.39386657083167137,-0.07801577618383494
B,34,0,0.019538298638721113,-1.773195903442553,-1.7779364534785158,39.64223230701132,-0.08541063244053312,0.21947123586312814,-0.3393592767885773
B,34,1,0.03907659727744223,-1.773195903442553,-1.7766181828766292,39.64223230701132,-0.08541063244053312,0.21947123586312814,-1.356430620432711
B,35,0,0.019538298638721113,-0.47753945809430787,-0.5076724138964162,17.486219890286492,-0.05780106211342352,0.34790708915460644,-0.09690073168156735
B,35,1,0.03907659727744223,-0.47753945809430787,-0.5415335342994411,17.486219890286492,-0.05780106211342352,0.34790708915460644,-0.4134555612425126
B,36,0,0.019538298638721113,-0.3840570000562142,-0.38286526594721404,13.893271684672662,-0.06937392259152479,0.4250111102042723,-0.07307847223960579
B,36,1,0.03907659727744223,-0.3840570000562142,-0.3815781327650646,13.893271684672662,-0.06937392259152479,0.4250111102042723,-0.29133117535250047
B,37,0,0.019538298638721113,-0.46964633779737774,-0.4120373228819851,38.47372273303468,-0.024383527903830304,0.22785722321914068,-0.0786466173352588
B,37,1,0.03907659727744223,-0.46964633779737774,-0.3541209640912922,38.47372273303468,-0.024383527903830304,0.22785722321914068,-0.2703678953982296
B,38,0,0.019538298638721113,-1.354448035127556,-1.502322184545734,26.134599843353993,-0.10224471146148523,0.27475098184298175,-0.28675207657360546
B,38,1,0.03907659727744223,-1.354448035127556,-1.6774096558911256,26.134599843353993,-0.10224471146148523,0.27475098184298175,-1.280685879605353
B,39,0,0.019538298638721113,-1.0270643583830579,-0.9906844473841886,17.53144308272448,-0.11917463745635605,0.34063799709259757,-0.18909447350169434
B,39,1,0.03907659727744223,-1.0270643583830579,-0.9558305434906973,17.53144308272448,-0.11917463745635605,0.34063799709259757,-0.7297672789976472
B,40,0,0.019538298638721113,-0.806788954205701,-0.8182259864895353,16.34824179603831,-0.10876232362145397,0.36716330194937946,-0.15617688612067385
B,40,1,0.03907659727744223,-0.806788954205701,-0.8319540472346069,16.34824179603831,-0.10876232362145397,0.36716330194937946,-0.6351887847025972
B,41,0,0.019538298638721113,-0.5023288804077808,-0.49218003938222676,29.700912274922512,-0.03665327209876767,0.27012345851731456,-0.09394366254639837
B,41,1,0.03907659727744223,-0.5023288804077808,-0.47984496317234526,29.700912274922512,-0.03665327209876767,0.27012345851731456,-0.366356940045217
B,42,0,0.019538298638721113,-2.081032520454229,-1.9452671644668926,37.92610879252857,-0.10750418455132774,0.2272862959874411,-0.3712981174341101
B,42,1,0.03907659727744223,-2.081032520454229,-1.824005209871441,37.92610879252857,-0.10750418455132774,0.2272862959874411,-1.3926101524483967
B,43,0,0.019538298638721113,-1.3461192901421062,-1.3762708513915611,42.1488784765649,-0.06134500289417987,0.21347539299272122,-0.2626923363203788
B,43,1,0.03907659727744223,-1.3461192901421062,-1.2657227866489178,42.1488784765649,-0.06134500289417987,0.21347539299272122,-0.9663669781934418
B,44,0,0.019538298638721113,-1.6142044917954235,-1.6314370717741742,32.13377233995063,-0.09657970913349473,0.24460406536805981,-0.31139656522602943
B,44,1,0.03907659727744223,-1.6142044917954235,-1.655158139455132,32.13377233995063,-0.09657970913349473,0.24460406536805981,-1.2636970642618262
B,45,0,0.019538298638721113,-0.5645464847679083,-0.570568272151857,8.992063731500682,-0.14603369044210954,0.5086003754819776,-0.10890582496192805
B,45,1,0.03907659727744223,-0.5645464847679083,-0.5770009407647702,8.992063731500682,-0.14603369044210954,0.5086003754819776,-0.4405345794697207
B,46,0,0.019538298638721113,-1.6522135126537951,-1.6590111900959463,20.10971291560807,-0.18905068361033822,0.33826420333871743,-0.3166597076929333
B,46,1,0.03907659727744223,-1.6522135126537951,-1.665481359919524,20.10971291560807,-0.18905068361033822,0.33826420333871743,-1.2715787422015994
B,47,0,0.019538298638721113,-2.544619291396071,-2.367830754886078,35.47278541576268,-0.1480054943007649,0.2411723477639268,-0.45195391036825966
B,47,1,0.03907659727744223,-2.544619291396071,-2.2118626765888503,35.47278541576268,-0.1480054943007649,0.2411723477639268,-1.6887355379080413
B,48,0,0.019538298638721113,-0.8087443609440594,-0.8077749193256492,20.94098030923745,-0.08695346346721214,0.3278972767849596,-0.15418206420931355
B,48,1,0.03907659727744223,-0.8087443609440594,-0.8068031705451547,20.94098030923745,-0.08695346346721214,0.3278972767849596,-0.6159863361398669
B,49,0,0.019538298638721113,-2.4849320002249957,-2.430079830005563,45.61576963024701,-0.11509883297025544,0.215217808938814,-0.46383555049773434
B,49,1,0.03907659727744223,-2.4849320002249957,-2.384773227666474,45.61576963024701,-0.11509883297025544,0.215217808938814,-1.8207510538687208
B,50,0,0.019538298638721113,-0.12159422327686972,-0.11414326989509677,12.158208643757481,-0.021124067883161426,0.41680441039771654,-0.02178681777185998
B,50,1,0.03907659727744223,-0.12159422327686972,-0.10651904080177212,12.158208643757481,-0.021124067883161426,0.41680441039771654,-0.08132624668329104
B,51,0,0.019538298638721113,-1.6186076116651726,-1.5103600358890945,36.438590966796404,-0.10505135372210146,0.2547592944364914,-0.28828628181107624
B,51,1,0.03907659727744223,-1.6186076116651726,-1.4183480745658874,36.438590966796404,-0.10505135372210146,0.2547592944364914,-1.0828948939708931
B,52,0,0.019538298638721113,-1.969673042775776,-2.084524846746691,38.31348129337071,-0.0965083678003559,0.22135300123050577,-0.3978785873115713
B,52,1,0.03907659727744223,-1.969673042775776,-2.208204782770835,38.31348129337071,-0.0965083678003559,0.22135300123050577,-1.68594277172515
B,53,0,0.019538298638721113,-0.2607464058082948,-0.25704784322031965,9.59998490579023,-0.05384701814884596,0.45443488612827027,-0.04906337906770714
B,53,1,0.03907659727744223,-0.2607464058082948,-0.25324530098053144,9.59998490579023,-0.05384701814884596,0.45443488612827027,-0.19335031243150613
B,54,0,0.019538298638721113,-0.994930216706387,-0.9890158054828996,16.428435874472246,-0.11986665754033571,0.3470986201561769,-0.18877597555553172
B,54,1,0.03907659727744223,-0.994930216706387,-0.9829018909946882,16.428435874472246,-0.11986665754033571,0.3470986201561769,-0.7504359882592689
B,55,0,0.019538298638721113,-1.1581870005825041,-1.1701937832991005,24.569505070637096,-0.0911282137642178,0.2805027256981363,-0.22335787942584678
B,55,1,0.03907659727744223,-1.1581870005825041,-1.1796982983706474,24.569505070637096,-0.0911282137642178,0.2805027256981363,-0.9006881220766103
B,56,0,0.019538298638721113,-1.5297904082195775,-1.4919215413971518,23.849256224113034,-0.1275738006769022,0.28877844953673076,-0.2847668792229727
B,56,1,0.03907659727744223,-1.5297904082195775,-1.4594143589872062,23.849256224113034,-0.1275738006769022,0.28877844953673076,-1.114248600801858
B,57,0,0.019538298638721113,-0.5175651557060887,-0.5472967684256332,20.785777650900478,-0.05715637434957303,0.33231490506580635,-0.10446393354400768
B,57,1,0.03907659727744223,-0.5175651557060887,-0.576709404913259,20.785777650900478,-0.05715637434957303,0.33231490506580635,-0.44031199469615756
B,58,0,0.019538298638721113,-0.9409612382277397,-0.9476708305907725,18.034853942070583,-0.11085109190222045,0.34322911530073463,-0.18088435448505813
B,58,1,0.03907659727744223,-0.9409612382277397,-0.9550114574162023,18.034853942070583,-0.11085109190222045,0.34322911530073463,-0.7291419147843776
B,59,0,0.019538298638721113,-0.565417461259763,-0.5586746266046267,33.94616486338435,-0.03417830424493855,0.24586156830230604,-0.10663565442608526
B,59,1,0.03907659727744223,-0.565417461259763,-0.5632264279514838,33.94616486338435,-0.03417830424493855,0.24586156830230604,-0.4300178735496948
B,60,0,0.019538298638721113,-0.8834623647838639,-0.9013154310742261,17.629830034415296,-0.10308616482879879,0.34159079936735137,-0.17203638085562784
B,60,1,0.03907659727744223,-0.8834623647838639,-0.9194269582317065,17.629830034415296,-0.10308616482879879,0.34159079936735137,-0.7019734974103871
B,61,0,0.019538298638721113,-1.9109148070883841,-1.894831379398463,45.37948411572972,-0.09284514203321127,0.2204240256012742,-0.3616713101814665
B,61,1,0.03907659727744223,-1.9109148070883841,-1.8743510313333518,45.37948411572972,-0.09284514203321127,0.2204240256012742,-1.4310486951245731
B,62,0,0.019538298638721113,-1.055116778022337,-1.1210512718231582,22.718526909418024,-0.09476390676944688,0.29968928381130383,-0.2139779226105051
B,62,1,0.03907659727744223,-1.055116778022337,-1.1980486169045343,22.718526909418024,-0.09476390676944688,0.29968928381130383,-0.9146984109467577
B,63,0,0.019538298638721113,-0.8703828254571447,-0.8296273620437571,31.322315641073676,-0.06339046123037692,0.2698713610993142,-0.1583530958242916
B,63,1,0.03907659727744223,-0.8703828254571447,-0.7912614652592413,31.322315641073676,-0.06339046123037692,0.2698713610993142,-0.60412039603707
