panel,atom_index_zero_based,displayed_x_mm,displayed_y_mm,depth_coordinate,scale_mm_per_A,sphere_radius_A,view_azimuth_deg,view_elevation_deg
a,0,23.195197221091956,82.84278003762158,0.0,2.003658411942844,0.39,-31,23
a,1,23.99620466781993,83.68937364770089,0.15916399821627003,2.003658411942844,0.39,-31,23
a,2,20.20909295138546,85.80673533225153,0.2135558361110294,2.003658411942844,0.39,-31,23
a,3,21.276464864999816,86.76007433253446,0.3742070102849843,2.003658411942844,0.39,-31,23
a,4,27.79412990378963,86.93536925957841,0.15894906444361434,2.003658411942844,0.39,-31,23
a,5,28.93527539138757,88.03335284891453,0.3083809580034333,2.003658411942844,0.39,-31,23
a,6,25.21229774244283,79.77616390933575,0.23521286727255988,2.003658411942844,0.39,-31,23
a,7,25.95780648151721,80.98224273285965,0.38449900197183695,2.003658411942844,0.39,-31,23
a,8,23.614110828995795,92.76434332100492,0.15757112333573617,2.003658411942844,0.39,-31,23
a,9,24.241643374416572,93.90887382187162,0.30660040964312035,2.003658411942844,0.39,-31,23
a,10,20.43631409546993,96.15913303783611,0.37706456563978846,2.003658411942844,0.39,-31,23
a,11,21.611390637315612,96.83387087816659,0.5203482668308531,2.003658411942844,0.39,-31,23
a,12,27.83713337380951,96.83828705121829,0.30463281840466594,2.003658411942844,0.39,-31,23
a,13,29.04247344454053,98.01237568265634,0.4541790456859997,2.003658411942844,0.39,-31,23
a,14,25.153620628049943,89.47660254433997,0.38572845328096134,2.003658411942844,0.39,-31,23
a,15,26.359953697658998,90.950714464277,0.5243964705695315,2.003658411942844,0.39,-31,23
a,16,17.914569450812884,78.87054474419514,0.30377469045702493,2.003658411942844,0.39,-31,23
a,17,18.530695022695017,80.14076404234075,0.45808668403603425,2.003658411942844,0.39,-31,23
a,18,14.842480048953552,82.66887118644591,0.5002439005362211,2.003658411942844,0.39,-31,23
a,19,15.96357219211739,83.71821818663494,0.6536788910753463,2.003658411942844,0.39,-31,23
a,20,22.150417016915583,82.61361658156393,0.45095562305296133,2.003658411942844,0.39,-31,23
a,21,23.136076096255945,84.51524653287107,0.5986714172293465,2.003658411942844,0.39,-31,23
a,22,19.434405574345746,76.32444451250093,0.5422646143886813,2.003658411942844,0.39,-31,23
a,23,20.556498999988303,77.13303216596458,0.6903423810044572,2.003658411942844,0.39,-31,23
a,24,17.900593933433257,89.38232157702515,0.43933657097279627,2.003658411942844,0.39,-31,23
a,25,18.50754586332453,90.46574703361033,0.5936784025133479,2.003658411942844,0.39,-31,23
a,26,14.676492129817717,92.33283684647742,0.6554142111607167,2.003658411942844,0.39,-31,23
a,27,15.459283408027488,93.42239557150954,0.797863465018316,2.003658411942844,0.39,-31,23
a,28,22.595328412515922,92.99767463406299,0.6024843374597885,2.003658411942844,0.39,-31,23
a,29,23.507397027095923,94.31369078417812,0.7612143454126988,2.003658411942844,0.39,-31,23
a,30,19.617743222543286,86.42101885804729,0.6692506037996623,2.003658411942844,0.39,-31,23
a,31,20.38626168331103,87.28953418921812,0.8304526457082025,2.003658411942844,0.39,-31,23
a,32,32.72419328062962,80.50880627235527,0.18062144294616855,2.003658411942844,0.39,-31,23
a,33,33.58754298260933,81.78345326921851,0.3395479646024803,2.003658411942844,0.39,-31,23
a,34,29.72339991884803,84.03895048816005,0.40301417640246723,2.003658411942844,0.39,-31,23
a,35,30.751140634058704,84.88598225744192,0.5570162259975932,2.003658411942844,0.39,-31,23
a,36,37.446961556271276,84.92784584505775,0.3411674530123486,2.003658411942844,0.39,-31,23
a,37,38.238529191574656,85.46117243400788,0.4895179725133781,2.003658411942844,0.39,-31,23
a,38,34.45277692821284,77.86546087160967,0.4238756131469025,2.003658411942844,0.39,-31,23
a,39,35.39495573030719,78.52295750115346,0.5762574021947362,2.003658411942844,0.39,-31,23
a,40,32.75483849233928,90.71519722570301,0.33005163780423696,2.003658411942844,0.39,-31,23
a,41,33.8683118813305,91.83731731857355,0.470362520305919,2.003658411942844,0.39,-31,23
a,42,29.900715565858604,93.8985465936572,0.5250753639021681,2.003658411942844,0.39,-31,23
a,43,30.800935330599355,94.9057789691853,0.697156126660838,2.003658411942844,0.39,-31,23
a,44,37.212436964691406,94.60625501720159,0.4847232455523968,2.003658411942844,0.39,-31,23
a,45,37.82665605230321,95.45276983410828,0.6356078262597551,2.003658411942844,0.39,-31,23
a,46,34.42002954215143,87.74424966251217,0.5506468346722033,2.003658411942844,0.39,-31,23
a,47,35.696792089321505,88.6210845272733,0.7143606140792195,2.003658411942844,0.39,-31,23
a,48,26.998416315716483,77.35019075849249,0.48209741842506576,2.003658411942844,0.39,-31,23
a,49,27.88049650378092,78.51074914750325,0.6255312876959893,2.003658411942844,0.39,-31,23
a,50,24.1747670274467,80.53098329600567,0.697024597049314,2.003658411942844,0.39,-31,23
a,51,24.88290113839255,81.42382359044227,0.8404304432471891,2.003658411942844,0.39,-31,23
a,52,31.681221271415378,81.17727361135269,0.630872366025203,2.003658411942844,0.39,-31,23
a,53,32.78171789597068,82.37884253699461,0.780074043425372,2.003658411942844,0.39,-31,23
a,54,28.667733992373183,74.30504669170595,0.6918773611362413,2.003658411942844,0.39,-31,23
a,55,29.573183824355112,75.46663793961854,0.8457061907433088,2.003658411942844,0.39,-31,23
a,56,27.043732548197802,87.15050000122666,0.6103496130280144,2.003658411942844,0.39,-31,23
a,57,27.688208883413633,88.12067247740322,0.7633034410956552,2.003658411942844,0.39,-31,23
a,58,24.0842937821821,90.2170946669554,0.8288539937446848,2.003658411942844,0.39,-31,23
a,59,24.97997735319385,91.13396058369239,0.9752970335522438,2.003658411942844,0.39,-31,23
a,60,31.694592706555547,90.96697263198686,0.7780922437184528,2.003658411942844,0.39,-31,23
a,61,32.501563511109914,91.88561192539836,0.9237517551140734,2.003658411942844,0.39,-31,23
a,62,28.8757188270166,83.99820504606289,0.8355411805930163,2.003658411942844,0.39,-31,23
a,63,29.860230134711884,84.97468722792681,1.0,2.003658411942844,0.39,-31,23
