record_index,accepted,force_error_eV_A,spread_eV_A,accepted_violation,updated_after_record,qhat,qhat_state,bound_eV_A,bound_eV_A_state
0,0,0.3051696734370745,0.004627918441169697,0,0,0.0,1,0.0,1
1,0,0.3051696734370746,0.004627918441169693,0,0,54.224253003504536,0,0.3051696734370743,0
2,0,0.318317492037104,0.004753275461691657,0,0,54.224253003504586,0,0.311967064233623,0
3,0,0.329118901447396,0.00492631717753047,0,0,55.32804645920916,0,0.32789155213041515,0
4,0,0.33703517714577624,0.005106245176851314,0,0,55.5351479828391,0,0.3391112295159352,0
5,0,0.342720732921356,0.005246367318423156,0,0,55.5351479828391,0,0.3468929333837998,0
6,0,0.347108204175916,0.005311054840458751,0,0,55.5351479828391,0,0.35048536449268974,0
7,0,0.35072275713696693,0.005284231200026839,0,1,55.5351479828391,0,0.34899570965186505,0
8,0,0.20652693064579603,0.0043876974706803665,0,0,55.80997038038146,0,0.30068723625712734,0
9,0,0.20996501455608912,0.004598619700781022,0,0,55.80997038038146,0,0.31245879967160894,0
10,0,0.21126760337659997,0.004882516617631603,0,0,55.80997038038146,0,0.32830307819212146,0
11,0,0.21134826930395947,0.005224405496871775,0,0,55.80997038038146,0,0.3473838864158973,0
12,0,0.21201285127728015,0.005586461140569848,0,0,55.80997038038146,0,0.3675902011667367,0
13,0,0.2137199508859551,0.0059135882023744904,0,0,55.80997038038146,0,0.385847152796675,0
14,0,0.21461077909618884,0.006148217692691255,0,0,55.80997038038146,0,0.39894181770161763,0
15,0,0.21404008784467943,0.006247204337651733,0,1,55.80997038038146,0,0.40446625942491526,0
16,0,0.10192542700759062,0.010329048234229237,0,0,55.80997038038146,0,0.6322738463902466,0
17,0,0.09914565505168198,0.010298414970978399,0,0,55.80997038038146,0,0.6305642048755629,0
18,0,0.09511495497569511,0.010261469241767344,0,0,55.80997038038146,0,0.6285022648226124,0
19,0,0.09082255710559836,0.010217988675712029,0,0,55.80997038038146,0,0.626075615718943,0
20,0,0.08828263270565706,0.010165484444815607,0,0,55.80997038038146,0,0.623145356147769,0
21,0,0.08702043787970207,0.010096324928502426,0,0,55.80997038038146,0,0.6192855655908087,0
22,0,0.08651572274413652,0.00999771434088912,0,0,55.80997038038146,0,0.6137821116169182,0
23,0,0.08746065798311489,0.009883787816107114,0,1,55.80997038038146,0,0.6074238756432947,0
24,0,0.045267325067723685,0.010883646640970772,0,0,55.80997038038146,0,0.6632259670434983,0
25,0,0.04740496598587506,0.010754986883484545,0,0,55.80997038038146,0,0.656045469789045,0
26,0,0.05051659160711493,0.010613903089244493,0,0,55.80997038038146,0,0.6481715874113558,0
27,0,0.05415562784541061,0.010458655488509726,0,0,55.80997038038146,0,0.6395072234127233,0
28,0,0.057337706875861434,0.010803304356767983,0,0,55.80997038038146,0,0.6587420665418486,0
29,0,0.06508569741432152,0.01163288001254146,0,0,55.80997038038146,0,0.7050406593188518,0
30,0,0.07336385057980135,0.012468885236091779,0,0,55.80997038038146,0,0.7516980860830392,0
31,0,0.07747638046563904,0.013279126537224175,0,1,55.80997038038146,0,0.7969176291002,0
32,0,0.08652390627680075,0.010617186704841386,0,0,55.80997038038146,0,0.6483548459005589,0
33,0,0.08811128412187941,0.010818044231642085,0,0,55.80997038038146,0,0.6595646985219826,0
34,0,0.0899794159336759,0.011006553820464615,0,0,55.80997038038146,0,0.670085413090586,0
35,0,0.0925844090939961,0.010944643752099045,0,0,55.80997038038146,0,0.6666302140088561,0
36,0,0.09562505230871872,0.010513709333531166,0,0,55.80997038038146,0,0.6425797768726959,0
37,0,0.09765987380797622,0.009806615078441976,0,0,55.80997038038146,0,0.6031168674400303,0
38,0,0.09638108024098604,0.008970304089858867,0,0,55.80997038038146,0,0.5564423759384194,0
39,0,0.09011049127853864,0.008161954116515421,0,1,55.5351479828391,0,0.5088104776726659,0
40,0,0.05897239914511396,0.007319986473478518,0,0,55.5351479828391,0,0.46205168001984914,0
41,0,0.04808291362282612,0.0072891023325834395,0,0,55.5351479828391,0,0.4603365246849181,0
42,0,0.037494474858696974,0.007341247748907083,0,0,55.5351479828391,0,0.4632324280970783,0
43,0,0.032827043983866315,0.007428973769974986,0,0,55.5351479828391,0,0.46810430565903,0
44,0,0.030116698866374293,0.0075420990719109494,0,0,55.5351479828391,0,0.47438673604264714,0
45,0,0.028448028359213187,0.007705728681941955,0,0,55.5351479828391,0,0.48347393065009325,0
46,0,0.026070757729989107,0.007947400486169218,0,0,55.5351479828391,0,0.49689521006113396,0
47,0,0.021203914836056062,0.00827581947382266,0,1,55.5351479828391,0,0.5151340071408421,0
48,0,0.004258935443782555,0.007174988407483152,0,0,55.5351479828391,0,0.453999190967571,0
49,0,0.015923883043893795,0.00778053327280685,0,0,55.5351479828391,0,0.4876282146735709,0
50,0,0.02849007750015778,0.008505803614776816,0,0,55.5351479828391,0,0.5279062104424374,0
51,0,0.037320683316337956,0.00923364494729896,0,0,55.5351479828391,0,0.5683269865520815,0
52,0,0.04145008114806565,0.009592875351256924,0,0,55.5351479828391,0,0.588276900195822,0
53,0,0.04798905300059182,0.009504155598422015,0,0,55.5351479828391,0,0.5833498355931344,0
54,0,0.052179218079188384,0.009052606598426565,0,0,55.5351479828391,0,0.558272995056884,0
55,0,0.05545138055521888,0.008464734562918887,0,1,55.5351479828391,0,0.5256254345699923,0
56,0,0.05823605317869805,0.006273037650884251,0,0,55.5351479828391,0,0.40390922222661735,0
57,0,0.0654527087865749,0.006859207561702887,0,0,55.5351479828391,0,0.4364622549670179,0
58,0,0.07121977471014218,0.0073383435948404,0,0,55.5351479828391,0,0.4630711454712202,0
59,0,0.07602435338606259,0.007761226069531284,0,0,55.32804645920916,0,0.48474152301466134,0
60,0,0.08013423694985426,0.008146733056415978,0,0,55.32804645920916,0,0.5060708714953673,0
61,0,0.08006722088796042,0.008239072020044673,0,0,55.32804645920916,0,0.511179805965011,0
62,0,0.0753640864827062,0.008019994135903123,0,0,55.32804645920916,0,0.4990586546130421,0
63,0,0.06621974783534984,0.007507336349909015,0,1,55.32804645920916,0,0.4706943008118849,0
64,1,0.03800526140112033,0.0029098466473363965,0,0,55.32804645920916,0,0.21632417695221132,0
65,1,0.025919856199585777,0.003106103242621656,0,0,55.32804645920916,0,0.22718267097408038,0
66,1,0.01517338756255072,0.0034212708107395503,0,0,55.32804645920916,0,0.24462027682534318,0
67,0,0.0164670121830745,0.003811916606764824,0,0,55.32804645920916,0,0.26623394557692426,0
68,0,0.02130090493853147,0.004198242381470158,0,0,55.32804645920916,0,0.287608595988211,0
69,0,0.02193361892809853,0.0046927252926254924,0,0,55.32804645920916,0,0.31496736946989834,0
70,0,0.022748067178039136,0.005017830043190148,0,0,55.19515960863669,0,0.33215508973152924,0
71,0,0.029426156855523848,0.005089994780382627,0,0,55.000029781183876,0,0.33494989428829886,0
72,0,0.036533141525649876,0.0049316813857552015,0,0,54.86720768254036,0,0.3254547944988894,0
73,1,0.04383600911062734,0.004629490634745673,0,0,38.333060044612246,0,0.2157956025222882,0
74,1,0.04788873648843879,0.004295983846249395,0,0,38.333060044612246,0,0.20301126677357456,0
75,1,0.0474793500601395,0.004023293302902354,0,0,38.333060044612246,0,0.1925582038018545,0
76,1,0.04637775072406189,0.003911763603052265,0,0,38.333060044612246,0,0.18828292912074346,0
77,1,0.046937007410820415,0.003923670516667768,0,0,38.333060044612246,0,0.18873935755531257,0
78,1,0.048643321435040146,0.004011078990827363,0,0,38.333060044612246,0,0.19208999184368025,0
79,1,0.051672499988994626,0.004173466458107476,0,0,38.333060044612246,0,0.19831480037742133,0
80,1,0.055588927804272284,0.004410687899634229,0,0,38.333060044612246,0,0.20740822413933582,0
81,1,0.05936697001415681,0.0047180537275107425,0,0,38.333060044612246,0,0.21919049687498815,0
82,1,0.06160616155113235,0.005078878422530095,0,0,38.333060044612246,0,0.23302201157474392,0
83,1,0.061169370430923596,0.005457588656957804,0,0,38.333060044612246,0,0.24753913373057046,0
84,0,0.05798439954566878,0.0057973181037648015,0,0,38.333060044612246,0,0.260562003013946,0
85,0,0.05338406576824198,0.0061876729806742995,0,1,37.50299641299059,0,0.26955927401197766,0
86,1,0.03815138591411209,0.004411505066339182,0,0,35.91449325334159,0,0.19435146219546237,0
87,1,0.03482992388301111,0.00455115665172538,0,0,35.91449325334159,0,0.19936697811663345,0
88,1,0.03275677772718204,0.004449216548362772,0,0,35.91449325334159,0,0.1957058509621721,0
89,1,0.030483546683974353,0.004072623617180468,0,0,35.91449325334159,0,0.18218070667596914,0
90,1,0.026117785979249353,0.0035508100357023362,0,0,35.91449325334159,0,0.16344003632447074,0
91,1,0.02094445035171439,0.0035427721828728024,0,0,35.91449325334159,0,0.1631513609132531,0
92,1,0.013055324332272779,0.003841711203236801,0,0,35.91449325334159,0,0.17388760434327646,0
93,1,0.011062359805541065,0.004259607912420683,0,0,35.91449325334159,0,0.18889615288585465,0
94,1,0.016890409881511654,0.004662108026541664,0,0,35.91449325334159,0,0.20335174051892185,0
95,1,0.02787662241436554,0.005141125264090993,0,0,35.91449325334159,0,0.22055540186512154,0
96,1,0.03737694073399153,0.0055215480294042414,0,0,35.91449325334159,0,0.23421809270338176,0
97,1,0.04335460091229515,0.0056077012846776405,0,0,35.91449325334159,0,0.23731224320865169,0
98,1,0.04574787257622858,0.005393211529225764,0,0,35.91449325334159,0,0.22960895233356438,0
99,1,0.045293810836112385,0.004923159596646262,0,0,35.91449325334159,0,0.21272727537221767,0
100,1,0.04373312731170334,0.004303796162406109,0,0,35.91449325334159,0,0.1904831514918332,0
101,1,0.04347767838824237,0.0037195484379735355,0,0,35.91449325334159,0,0.1695001905344194,0
102,1,0.046053711391339916,0.003627279443982224,0,0,35.91449325334159,0,0.16618639637222582,0
103,1,0.050386732852866906,0.004539972880141175,0,0,35.91449325334159,0,0.19896531862752562,0
104,1,0.05367774787453002,0.005188791875569143,0,0,35.91449325334159,0,0.22226732406146324,0
105,1,0.053884392384709046,0.005441755621401745,0,0,35.91449325334159,0,0.23135238880450823,0
106,1,0.05034741457591884,0.005234968624835127,0,0,35.91449325334159,0,0.22392573861143766,0
107,1,0.04323916542425552,0.0045825324983831805,0,0,35.91449325334159,0,0.2004938257497429,0
108,1,0.03383346710555442,0.0035845139783802263,0,0,35.91449325334159,0,0.16465049634638684,0
109,1,0.02572901180428584,0.0033954050897758987,0,0,35.91449325334159,0,0.15785874644245979,0
110,1,0.0207294945693973,0.0036791102897229372,0,0,35.91449325334159,0,0.16804787493189563,0
111,1,0.01958615023143724,0.004308267672231748,0,0,35.91449325334159,0,0.19064374350129837,0
112,1,0.019727263392728497,0.004985344619845324,0,0,35.91449325334159,0,0.21496061896835927,0
113,1,0.01843612391204386,0.005493659244124221,0,0,35.91449325334159,0,0.2332164811125986,0
114,1,0.016458894131368036,0.005739643528694756,0,0,35.91449325334159,0,0.24205088204123512,0
115,1,0.01886659297273052,0.0056901415887404315,0,0,35.91449325334159,0,0.2402730449527182,0
116,1,0.02145547748330421,0.005364297920895119,0,0,35.91449325334159,0,0.22857053474224368,0
117,1,0.02918249867187005,0.004838761110849384,0,0,35.91449325334159,0,0.20969614652347346,0
118,1,0.03736413532121789,0.0042644059604596265,0,0,35.91449325334159,0,0.1890684723497785,0
119,1,0.042300821784661116,0.0038727244090879034,0,0,35.91449325334159,0,0.1750014279155804,0
120,1,0.043416669967518084,0.003881551698640468,0,0,35.91449325334159,0,0.17531845554666126,0
121,1,0.04147581131704194,0.004241076588373946,0,0,35.91449325334159,0,0.18823060977340264,0
122,1,0.03919680302701491,0.004700853800109908,0,0,35.91449325334159,0,0.20474327534233405,0
123,1,0.03829430311003096,0.004991988770092884,0,0,35.91449325334159,0,0.21519924025759946,0
124,1,0.039623496292438797,0.004987820960656204,0,0,35.91449325334159,0,0.2150495554937046,0
125,1,0.04287990608834707,0.004718411235500957,0,0,35.91449325334159,0,0.20537384173723186,0
126,1,0.047394048462429283,0.004358463763128307,0,0,35.91449325334159,0,0.19244651066914698,0
127,1,0.0513747664240341,0.004308265549784473,0,0,35.91449325334159,0,0.19064366727468002,0
128,1,0.05041323709518211,0.0045294458412751554,0,0,35.91449325334159,0,0.1985872453611943,0
129,1,0.044857217596002606,0.005254764653862311,0,0,35.91449325334159,0,0.22463670296237742,0
130,1,0.039260390562996114,0.005786758849764406,0,0,35.91449325334159,0,0.24374300492192008,0
131,0,0.033084462457021895,0.0060143897824136055,0,0,35.91449325334159,0,0.2519182545168016,0
132,1,0.02751430816789221,0.0058810640043193505,0,0,33.95477197142404,0,0.23364495918743752,0
133,1,0.023757582872775497,0.0054419728932572934,0,0,33.95477197142404,0,0.21873572063664615,0
134,1,0.021279696903831333,0.005005132283706772,0,0,33.95477197142404,0,0.20390289735150033,0
135,1,0.018319085163396587,0.00436583833892785,0,0,33.95477197142404,0,0.18219581723381986,0
136,1,0.013230133071795255,0.0037607549379421756,0,0,33.95477197142404,0,0.16165034832965758,0
137,1,0.007508690553768188,0.0033933271799822685,0,0,33.95477197142404,0,0.14917442259215732,0
138,1,0.008976571992018,0.003180600881451412,0,0,33.95477197142404,0,0.141951349633217,0
139,1,0.02276065229473449,0.0035291293932845904,0,0,33.95477197142404,0,0.15378555577805236,0
140,1,0.03367783416121372,0.004385093223038881,0,0,33.95477197142404,0,0.18284961243314612,0
141,1,0.03934526673022436,0.004852757655731794,0,0,33.95477197142404,0,0.19872905160437937,0
142,1,0.04053723093666331,0.004866154844411976,0,0,33.95477197142404,0,0.1991839500910731,0
143,1,0.0424995147545262,0.004458814852505875,0,0,33.95477197142404,0,0.18535281355105973,0
144,1,0.04280681800752326,0.003743274844529067,0,0,33.95477197142404,0,0.16105681574377628,0
145,1,0.044340395069675534,0.0036449957222365083,0,0,33.95477197142404,0,0.15771977055678074,0
146,1,0.04772236944740281,0.004107575701963208,0,0,33.95477197142404,0,0.17342656828694678,0
147,1,0.05342711961508821,0.004829278239121222,0,0,33.95477197142404,0,0.19793181336734533,0
148,1,0.05879455920355565,0.005459596786593876,0,0,33.95477197142404,0,0.2193341359161385,0
149,1,0.061681238427450276,0.005856772204267055,0,0,33.95477197142404,0,0.2328201366558864,0
150,1,0.060924209754980245,0.005950526326125164,0,0,33.95477197142404,0,0.2360035364849596,0
151,1,0.056232821565811,0.005723657924844284,0,0,33.95477197142404,0,0.2283002716519458,0
152,1,0.047998935368272606,0.005206992644017176,0,0,33.95477197142404,0,0.21075701985590958,0
153,1,0.03745016497393284,0.004487076808426913,0,0,33.95477197142404,0,0.186312441819825,0
154,1,0.026698503998149353,0.003746365479074434,0,0,33.95477197142404,0,0.1611617575350112,0
155,1,0.018127967399838782,0.0033446830943071014,0,0,33.95477197142404,0,0.14752272375529862,0
156,1,0.014612030042068305,0.0031387620566171053,0,0,33.95477197142404,0,0.1405307218764158,0
157,1,0.021022267444005035,0.0034077755536938465,0,0,33.95477197142404,0,0.1496650138268919,0
158,1,0.023663747274583962,0.0037392474885013594,0,0,33.95477197142404,0,0.16092006778820772,0
159,1,0.020936661268940285,0.0038782934593904216,0,0,33.95477197142404,0,0.16564134202329112,0
160,1,0.021600680424760065,0.0037803968921670157,0,0,33.95477197142404,0,0.16231728640643517,0
161,1,0.02780577579711308,0.0035783440710808164,0,0,33.95477197142404,0,0.15545662894027032,0
162,1,0.03469202749020812,0.003534103110272038,0,0,33.95477197142404,0,0.15395443720421154,0
163,1,0.04041911470262116,0.0038175045771174625,0,0,33.95477197142404,0,0.16357726938731504,0
164,1,0.043916439187904284,0.004389804365176442,0,0,33.95477197142404,0,0.18300957819015198,0
165,1,0.0450147460271503,0.005274229893457874,0,0,33.95477197142404,0,0.21304004532865423,0
166,1,0.04465782283009999,0.006197317136793078,0,0,33.95477197142404,0,0.2443832621858315,0
167,0,0.04404349972751139,0.006793000415866075,0,0,33.95477197142404,0,0.26460955209394527,0
168,0,0.04400601756590302,0.0070032685250210535,0,0,32.189190333390044,0,0.2576187338411325,0
169,1,0.04482625701110502,0.006814683200182039,0,0,30.91302875293504,0,0.2415755264623058,0
170,1,0.04625800850819465,0.0062571941975013284,0,0,30.91302875293504,0,0.2243418528929919,0
171,1,0.04862882390799578,0.005409341722180398,0,0,30.91302875293504,0,0.19813216494514882,0
172,1,0.051357381872483274,0.004457530376777582,0,0,30.91302875293504,0,0.1687087934573418,0
173,1,0.04918010928574875,0.004201641708807122,0,0,30.91302875293504,0,0.16079849970682072,0
174,1,0.04292147265592461,0.004123479232945707,0,0,30.91302875293504,0,0.1583822608431162,0
175,1,0.03804261708669864,0.004384251262485509,0,0,30.91302875293504,0,0.16644351409024133,0
176,1,0.03396175873911795,0.0045297083490279146,0,0,30.91302875293504,0,0.17094003318884488,0
177,1,0.030700218378293474,0.004402395242887671,0,0,30.91302875293504,0,0.16700439947810605,0
178,1,0.027481445808920573,0.003997443512851878,0,0,30.91302875293504,0,0.1544861150039588,0
179,1,0.02294812268937518,0.0034796878134177333,0,0,30.91302875293504,0,0.1384807181803551,0
180,1,0.01635139967781156,0.003230980210090224,0,0,30.91302875293504,0,0.13079241288761823,0
181,1,0.007418815779178128,0.0033684913435488395,0,0,30.91302875293504,0,0.1350432985100731,0
182,1,0.008272660956989359,0.003971161479423485,0,0,30.91302875293504,0,0.1536736577489013,0
183,1,0.020663715665039772,0.004676849109084781,0,0,30.91302875293504,0,0.17548859973521153,0
184,1,0.03282144771080025,0.005254393041082547,0,0,30.91302875293504,0,0.1933422319111416,0
185,1,0.04179966567093837,0.0055810680240391064,0,0,30.91302875293504,0,0.2034407450521423,0
186,1,0.04701627728688769,0.0056074675489291865,0,0,30.91302875293504,0,0.20425683432413316,0
187,1,0.048699938461865586,0.005338681975828412,0,0,30.91302875293504,0,0.19594785817449478,0
188,1,0.04857967312386435,0.004911203096083419,0,0,30.91302875293504,0,0.18273319127366539,0
189,1,0.04911249636175786,0.004558610289161602,0,0,30.91302875293504,0,0.17183347969521318,0
190,1,0.049259235054657576,0.004139513617768152,0,0,30.91302875293504,0,0.15887793224216806,0
191,1,0.05005127359023558,0.003758804756959074,0,0,30.91302875293504,0,0.1471090682814799,0
192,1,0.05442315002782647,0.004562712536689015,0,0,30.91302875293504,0,0.17196029259097975,0
193,1,0.05764826326703201,0.005251505810245462,0,0,30.91302875293504,0,0.19325297886125845,0
194,1,0.057791668480814996,0.005554780347251839,0,0,30.91302875293504,0,0.20262811334376962,0
195,1,0.05428089959997212,0.005414965334473526,0,0,30.91302875293504,0,0.19830600783366167,0
196,1,0.047258888965129225,0.004847920257141343,0,0,30.91302875293504,0,0.18077692705388163,0
197,1,0.03801718163167362,0.003946764440059455,0,0,30.91302875293504,0,0.15291947136955455,0
198,1,0.029501822488147027,0.0033129575446324898,0,0,30.91302875293504,0,0.13332658058741226,0
199,1,0.024578388852147404,0.0037442294546837875,0,0,30.91302875293504,0,0.14665850154316126,0
200,1,0.023120950060779927,0.004382216945831057,0,0,30.91302875293504,0,0.16638062720100968,0
201,1,0.022579613127523,0.00499143400614773,0,0,30.91302875293504,0,0.18521337170335755,0
202,1,0.020528808388064024,0.005416887550139897,0,0,30.91302875293504,0,0.19836542934182552,0
203,1,0.015740920449870476,0.005578871032081102,0,0,30.91302875293504,0,0.20337282937657453,0
204,1,0.01530098195854363,0.00545476686765318,0,0,30.91302875293504,0,0.19953639377325522,0
205,1,0.017743195396954247,0.005073816450447376,0,0,30.91302875293504,0,0.18776006257272956,0
206,1,0.021780749649802096,0.004626715623090954,0,0,30.91302875293504,0,0.17393882184119946,0
207,1,0.03287198584890381,0.004346878731566,0,0,30.91302875293504,0,0.1652882159673566,0
208,1,0.04114014559606195,0.004082173373040914,0,0,30.91302875293504,0,0.15710537160821464,0
209,1,0.04339069630640225,0.003945778247592363,0,0,30.91302875293504,0,0.1528889851734634,0
210,1,0.041358293170509916,0.0041577552232780245,0,0,30.91302875293504,0,0.15944183551779448,0
211,1,0.039649905571504794,0.004596408386675163,0,0,30.91302875293504,0,0.1730019333704561,0
212,1,0.03799083291426956,0.004843906958581857,0,0,30.91302875293504,0,0.1806528638401181,0
213,1,0.03809555340493544,0.004812320668773254,0,0,30.91302875293504,0,0.17967643595506622,0
214,1,0.04056447480355444,0.00455866939590359,0,0,30.91302875293504,0,0.17183530686362772,0
215,1,0.044796520465952235,0.004278993772998123,0,0,30.91302875293504,0,0.16318968629125602,0
216,1,0.048803766379030465,0.004158247824890851,0,0,30.91302875293504,0,0.15945706332561552,0
217,1,0.050308481852246414,0.004347194112365693,0,0,30.91302875293504,0,0.16529796534308563,0
218,1,0.04771669054371671,0.004793291346178985,0,0,30.91302875293504,0,0.17908818195856072,0
219,1,0.0412962480365242,0.005376250542023232,0,0,30.91302875293504,0,0.19710921634148182,0
220,1,0.032789255042726756,0.005683610797010136,0,0,30.91302875293504,0,0.20661065274140142,0
221,1,0.02486012577436152,0.0056531900946106455,0,0,30.91302875293504,0,0.2056702566934415,0
222,1,0.021520291687154542,0.00527008831120964,0,0,30.91302875293504,0,0.1938274202478655,0
223,1,0.01953917007568052,0.0050702403719073,0,0,30.91302875293504,0,0.18764951515399747,0
224,1,0.01796334123173842,0.004784096680086302,0,0,30.91302875293504,0,0.17880394698126398,0
225,1,0.014362288110593617,0.004351764592312573,0,0,30.91302875293504,0,0.16543925272109825,0
226,1,0.006737942507554659,0.0038585974078292904,0,0,30.91302875293504,0,0.1501939613671625,0
227,1,0.007253642736940139,0.003429642796549644,0,0,30.91302875293504,0,0.13693367513497073,0
228,1,0.02055198232136223,0.0034849781211921138,0,0,30.91302875293504,0,0.1386442576166964,0
229,1,0.03230898019724353,0.004282108173747611,0,0,30.91302875293504,0,0.16328596185117308,0
230,1,0.03968550050939188,0.004784286949249015,0,0,30.91302875293504,0,0.1788098287773617,0
231,1,0.0426429049826274,0.004910020637216266,0,0,30.91302875293504,0,0.1826966378887059,0
232,1,0.045221884990827264,0.004670808421397668,0,0,30.91302875293504,0,0.1753018637830523,0
233,1,0.04709649731166791,0.004143666191274089,0,0,30.91302875293504,0,0.15900630086635578,0
234,1,0.048151084701249694,0.0036488051518811532,0,0,30.91302875293504,0,0.14370864732689465,0
235,1,0.05193517262583139,0.00421185963621246,0,0,30.91302875293504,0,0.16111436679049734,0
236,1,0.05691287302616988,0.00485032764387213,0,0,30.91302875293504,0,0.18085134666910987,0
237,1,0.061125330209024525,0.005378683681665937,0,0,30.91302875293504,0,0.19718443205721664,0
238,1,0.06287022271929325,0.005683110339443461,0,0,30.91302875293504,0,0.20659518208225316,0
239,1,0.061311815439858884,0.005709290024677885,0,0,30.91302875293504,0,0.2074044754446477,0
240,1,0.056517278362166884,0.005462513945738091,0,0,30.91302875293504,0,0.1997758794208453,0
241,1,0.05214864186615412,0.0053109869849976106,0,0,30.91302875293504,0,0.19509172212662995,0
242,1,0.04489457537303457,0.004936730929831679,0,0,30.91302875293504,0,0.18352233393232548,0
243,1,0.03541958475655925,0.004398164251427987,0,0,30.91302875293504,0,0.16687360671745943,0
244,1,0.025070713133187417,0.0038068041293819062,0,0,30.91302875293504,0,0.14859287426130974,0
245,1,0.01580835424439408,0.0033305362233015164,0,0,30.91302875293504,0,0.1338699907865465,0
246,1,0.019392651442413214,0.003320505233224262,0,0,30.91302875293504,0,0.13355990250186792,0
247,1,0.023217871966783998,0.0035514829077956684,0,0,30.91302875293504,0,0.14070012199717988,0
248,1,0.02236470385678094,0.0036387986553384774,0,0,30.91302875293504,0,0.14339931621155477,0
249,1,0.018232460886076423,0.003598923973502035,0,0,30.91302875293504,0,0.14216666902543068,0
250,1,0.024305950912673013,0.003607759461944827,0,0,30.91302875293504,0,0.14243980073370893,0
251,1,0.030712162095578623,0.0035278974904646284,0,0,30.91302875293504,0,0.13997102531307548,0
252,1,0.03814592940375275,0.0038287509178152684,0,0,30.91302875293504,0,0.14927131596318485,0
253,1,0.04337518443587407,0.00434073930818934,0,0,30.91302875293504,0,0.16509842779598746,0
254,1,0.044935765439830674,0.0048829106998125186,0,0,30.91302875293504,0,0.18185858761425358,0
255,1,0.043365634266093356,0.005740101047282748,0,0,30.91302875293504,0,0.2083569374723392,0
256,1,0.040498811310547354,0.006426010736122967,0,0,30.91302875293504,0,0.22956048340537358,0
257,1,0.03808584926618164,0.006772516888123015,0,0,30.91302875293504,0,0.24027203804521996,0
258,1,0.04102424660193297,0.006747961223544259,0,0,30.91302875293504,0,0.23951294808004944,0
259,1,0.04636923525960683,0.006363730766518131,0,0,30.91302875293504,0,0.22763522091424737,0
260,1,0.051039911149174326,0.0056753748013306125,0,0,30.91302875293504,0,0.20635605317015127,0
261,1,0.052772909765502536,0.0048396588767943465,0,0,30.91302875293504,0,0.18052154276567597,0
262,1,0.05020858281186087,0.004405894877420473,0,0,30.91302875293504,0,0.16711258378104332,0
263,1,0.04424456807636244,0.004066210839047176,0,0,30.91302875293504,0,0.15661192133589652,0
264,1,0.03868256183663027,0.004168618366081971,0,0,30.91302875293504,0,0.1597776481636401,0
265,1,0.03403869467427199,0.004235740305559628,0,0,30.91302875293504,0,0.16185259060866566,0
266,1,0.02977731752174023,0.004094791463734379,0,0,30.91302875293504,0,0.15749543500862886,0
267,1,0.025992282645324643,0.0037687587991858205,0,0,30.91302875293504,0,0.14741677787504326,0
268,1,0.02217121599619843,0.003514836334561248,0,0,30.91302875293504,0,0.1395672654250877,0
269,1,0.015622227139613889,0.0032441447806055,0,0,30.91302875293504,0,0.131199369634477,0
270,1,0.007907659647618937,0.0034647553274781643,0,0,30.91302875293504,0,0.1380191098131524,0
271,1,0.006960427167458347,0.003969523813630413,0,0,30.91302875293504,0,0.15362303253915235,0
272,1,0.01978078941717245,0.004539186634262541,0,0,30.91302875293504,0,0.1712330356928314,0
273,1,0.030947286252784343,0.00499875235820256,0,0,30.91302875293504,0,0.18543960413085261,0
274,1,0.03923851674089119,0.005249414729104569,0,0,30.91302875293504,0,0.1931883372098253,0
275,1,0.046701393338449616,0.00549198658563849,0,0,30.91302875293504,0,0.20068696798551122,0
276,1,0.052675472733541326,0.0056383286018487225,0,0,30.91302875293504,0,0.20521084294038064,0
277,1,0.055561755133296316,0.005520768260024302,0,0,30.91302875293504,0,0.20157669671335746,0
278,1,0.05573781667769097,0.005164713177725811,0,0,30.91302875293504,0,0.19056995571663554,0
279,1,0.054342050141466314,0.004641348359107252,0,0,30.91302875293504,0,0.1743911640304054,0
280,1,0.05316907386044713,0.004076178091896519,0,0,30.91302875293504,0,0.15692003930981602,0
281,1,0.05547275653883565,0.004327624247602397,0,0,30.91302875293504,0,0.16469300155096683,0
282,1,0.058500359346740395,0.005004861054589008,0,0,30.91302875293504,0,0.18562844243788984,0
283,1,0.05895617405603968,0.005414464896971587,0,0,30.91302875293504,0,0.19829053779477518,0
284,1,0.05650834430698703,0.005478027816719455,0,0,30.91302875293504,0,0.20025546016056153,0
285,1,0.052468815154693295,0.005164728481812435,0,0,30.91302875293504,0,0.19057042881230538,0
286,1,0.04524783161457979,0.004500622255022476,0,0,30.91302875293504,0,0.17004089392854418,0
287,1,0.03588819436791047,0.0035795166248721484,0,0,30.91302875293504,0,0.14156672909921675,0
288,1,0.029172295948715277,0.0037397974891592418,0,0,30.91302875293504,0,0.14652149606546894,0
289,1,0.025919893292788522,0.004213082229897113,0,0,30.91302875293504,0,0.16115216086422415,0
290,1,0.02353958431351112,0.004661931773764649,0,0,30.91302875293504,0,0.1750274597195431,0
291,1,0.02034600288435973,0.004969343718226665,0,0,30.91302875293504,0,0.18453049399769306,0
292,1,0.015532756553968038,0.005071032328439782,0,0,30.91302875293504,0,0.18767399692905715,0
293,1,0.013378030885225534,0.005363182341261505,0,0,30.91302875293504,0,0.19670523867558543,0
294,1,0.017324623077491597,0.005423360534929984,0,0,30.91302875293504,0,0.19856552890675883,0
295,1,0.02151877353420966,0.0052376063880571234,0,0,30.91302875293504,0,0.19282330562350114,0
296,1,0.031149841176934253,0.004857853556751259,0,0,30.91302875293504,0,0.1810839954303345,0
297,1,0.03898291261936627,0.0043937960302527,0,0,30.91302875293504,0,0.1667385717706686,0
298,1,0.042340094043842987,0.0040155401754349744,0,0,30.91302875293504,0,0.15504553765472223,0
299,1,0.04167712474968556,0.003913988060331007,0,0,30.91302875293504,0,0.1519062542005919,0
300,1,0.04012779262148022,0.004249190787908051,0,0,30.91302875293504,0,0.16226838575624333,0
301,1,0.037637196523434654,0.004467267885373486,0,0,30.91302875293504,0,0.16900980934054893,0
