anchor,index,id,K_ev,COM_norm,speed_A_per_fs,kappa_ev_A2,g_ev_A2,q_norm_ev_A2,C_A2_per_ev
A,0,formal/A/d000,36.68397524553367,3.769333885595197e-14,0.5470201758730171,-0.05414024136753201,0.3487994919850784,1.5232377226307214,-0.44500869852097735
A,1,formal/A/d001,36.68397524553367,1.7625468001205747e-14,0.565586585461204,-0.07959442087853608,0.22372336185355593,1.3342875803310452,-1.5902300417490272
A,2,formal/A/d002,36.683975245533674,1.2342597394797794e-14,0.5766062349016331,-0.10967259900736945,0.2849794846421466,1.4240737901464138,-1.350426469607891
A,3,formal/A/d003,36.68397524553366,2.9330487023689216e-14,0.5581455259911112,-0.10974823048696467,0.2480547916120279,1.5358811503641605,-1.7836198026116121
A,4,formal/A/d004,36.68397524553367,2.8271269535829845e-14,0.5587762464432128,-0.10453799733363874,0.28600361066162344,1.4548210444795289,-1.2780008541224053
A,5,formal/A/d005,36.683975245533674,4.1126832948903346e-14,0.5606542748182076,-0.004737873215358965,0.2615510086327791,1.3656825909287296,-0.06925811012199651
A,6,formal/A/d006,36.683975245533674,8.263520563790825e-15,0.5565210856042505,-0.1321116416739226,0.23911145532058328,1.4398490540225917,-2.3106827586993264
A,7,formal/A/d007,36.683975245533674,2.031222733680955e-14,0.5675427646152372,-0.06670703043103637,0.20433808622595293,1.3992061829948907,-1.5976180721955222
A,8,formal/A/d008,36.68397524553367,5.288916516696757e-14,0.568061871142,-0.024579170551764867,0.20422385101823098,1.425587132557395,-0.5893242340103183
A,9,formal/A/d009,36.68397524553368,1.5510481465583324e-14,0.5571034146099529,-0.038672198067914255,0.19996563826600036,1.3489370642815939,-0.9671372482783519
A,10,formal/A/d010,36.68397524553368,1.2898192483449956e-14,0.5576726189279817,-0.0498230270264208,0.31239452446755567,1.4671578699397232,-0.5105323701010671
A,11,formal/A/d011,36.683975245533674,1.8846996431236697e-14,0.5720704930522229,-0.13135166476690696,0.3435294469116689,1.5241600436803149,-1.113031975688137
A,12,formal/A/d012,36.68397524553366,2.1012858915296918e-14,0.5526253809464373,-0.07455851968085556,0.2687912205951251,1.4942407476967174,-1.0319701083041726
A,13,formal/A/d013,36.68397524553366,1.0235148412359322e-14,0.561571573711652,-0.09878563906666545,0.2374189657948754,1.4947493118016049,-1.752520053037794
A,14,formal/A/d014,36.683975245533674,1.0792351478370955e-14,0.5546799230275461,-0.1169121930069694,0.2538585709607314,1.470765364039147,-1.8141623308858557
A,15,formal/A/d015,36.68397524553368,1.836344022605434e-14,0.5538964008319055,-0.0921528088823112,0.2978324604389307,1.498151395979736,-1.0388779266701784
A,16,formal/A/d016,36.68397524553369,1.6133631154076922e-14,0.5607738757490363,-0.05906362054109573,0.20036892860902664,1.3858801058865302,-1.4711579849160665
A,17,formal/A/d017,36.683975245533674,1.2736218315222949e-14,0.5531912785167844,-0.1207128524293819,0.2437285087795359,1.5498612876567122,-2.032080225692928
A,18,formal/A/d018,36.68397524553367,2.3886313563476908e-14,0.5514452558793473,-0.03136550392107723,0.2716435729694447,1.4182091682750664,-0.42506309586510654
A,19,formal/A/d019,36.68397524553369,3.490640234574664e-14,0.5685546322414873,-0.15748934195450418,0.3127357620796071,1.5515187474086882,-1.610260259921356
A,20,formal/A/d020,36.68397524553367,7.286988382225496e-15,0.567929153484868,-0.12751837972428373,0.30435088798361387,1.4842333188602268,-1.3766503180709038
A,21,formal/A/d021,36.683975245533674,1.992108463948815e-14,0.5667748973838294,-0.0910042080826857,0.2223906534611728,1.4212813613431254,-1.8400448672861107
A,22,formal/A/d022,36.68397524553366,1.9674533461267798e-14,0.5578729194779215,-0.154221514823973,0.26300765222236483,1.546779311100503,-2.2295036907763652
A,23,formal/A/d023,36.68397524553368,4.0403255261024226e-14,0.5380937609353498,-0.06906835153266509,0.27048539743280636,1.4610443450339412,-0.9440422747606912
A,24,formal/A/d024,36.68397524553367,6.584333938989914e-15,0.5518240736592268,-0.1187057230545714,0.2983026458350212,1.4682979355417007,-1.3340049678257178
A,25,formal/A/d025,36.683975245533674,1.0441409976237532e-14,0.5687691508126762,-0.08687347385384012,0.19351829027015285,1.4399378086972623,-2.3197605121706717
A,26,formal/A/d026,36.68397524553366,3.6065700581483865e-14,0.559482228294778,-0.13554142096625715,0.27134597759712836,1.4535211433299027,-1.8408790625450313
A,27,formal/A/d027,36.68397524553367,1.2063302474774457e-14,0.5465046930314822,-0.07039009525810845,0.3360556532504619,1.5223957805179762,-0.623288539623126
A,28,formal/A/d028,36.683975245533674,1.6583625450506148e-14,0.5693422729381223,-0.1206935491395164,0.22137906726728387,1.409231330015454,-2.4626968325884566
A,29,formal/A/d029,36.68397524553366,2.0833476312006346e-14,0.5704234670404574,-0.04354695057177113,0.22803470150188582,1.4703765710258974,-0.8374441740369941
A,30,formal/A/d030,36.683975245533674,3.4747399257540605e-14,0.5633583016293052,-0.08924673207844866,0.26275434849577006,1.421720837438496,-1.292684371588503
A,31,formal/A/d031,36.68397524553367,1.0613559367488808e-14,0.562953595706736,-0.10301683194311419,0.18635565164395435,1.3442499439060651,-2.9663545172403
A,32,formal/A/d032,36.683975245533674,3.179800655392251e-14,0.5473290984071432,-0.022013316843169144,0.252135439819827,1.4274016427626486,-0.3462722563768353
A,33,formal/A/d033,36.68397524553368,3.3679418391803496e-15,0.5611471397637201,-0.02393671855115465,0.2876956190156114,1.5435121709886814,-0.28919988520175166
A,34,formal/A/d034,36.68397524553366,8.7559933317795e-15,0.5541688203290734,-0.09301982687432095,0.23537465764963902,1.5069785731924217,-1.6790209851803917
A,35,formal/A/d035,36.68397524553368,3.024211652630501e-15,0.5547394734237299,-0.062328468100989215,0.2675417383197397,1.4805763045860894,-0.8707698110678991
A,36,formal/A/d036,36.68397524553367,1.7338883872581584e-14,0.5492846824428962,-0.07790428741040635,0.19640847306613643,1.3788172980253648,-2.019486344055979
A,37,formal/A/d037,36.683975245533674,3.740726748098543e-15,0.5534728731988061,-0.11697426677355831,0.23004184661177338,1.4703061460079898,-2.2104293643145065
A,38,formal/A/d038,36.683975245533674,2.3751767950993042e-14,0.5591318796011328,-0.09637099765079553,0.2853905216542886,1.4659816704498179,-1.1832248015218676
A,39,formal/A/d039,36.68397524553368,7.195950808806425e-15,0.5637622267959932,-0.15468898594902886,0.279572231219927,1.493294876133102,-1.9791163538730423
A,40,formal/A/d040,36.68397524553366,1.173049926638065e-14,0.571522235898395,-0.12464813457090905,0.21993268288451265,1.4173485774746761,-2.5769514666649864
A,41,formal/A/d041,36.683975245533674,2.2111636574322482e-14,0.5575345085407787,-0.11597019270743897,0.2758275689880562,1.48906993144496,-1.5243020555077298
A,42,formal/A/d042,36.68397524553367,4.310254124241056e-15,0.5613351747152496,-0.145599056395614,0.1999864785844941,1.4489306246320195,-3.640468636141453
A,43,formal/A/d043,36.683975245533674,1.9795699941059134e-14,0.5722570958322586,-0.10263497994730914,0.3453647021783451,1.3608643079555216,-0.8604774717196748
A,44,formal/A/d044,36.68397524553367,2.683549374998111e-14,0.5715729115742715,-0.06283402651522606,0.2536489917027862,1.4522617959982367,-0.9766267385627283
A,45,formal/A/d045,36.683975245533674,2.2588605407555946e-14,0.5476946191812256,-0.11080804816726032,0.3006558507176099,1.522805991030774,-1.2258349118053695
A,46,formal/A/d046,36.683975245533674,1.024131847114293e-14,0.5568448341540518,-0.12841993349106817,0.3501983463857397,1.483636956886365,-1.0471388159642259
A,47,formal/A/d047,36.683975245533674,3.6734386363277677e-14,0.55728080448017,-0.06841705159671578,0.248323330210085,1.3743247542203696,-1.1095051101110718
A,48,formal/A/d048,36.683975245533674,3.482863590709057e-14,0.5590799244847667,-0.09416724273583836,0.31074042666063056,1.5284950292698825,-0.9752239061758861
A,49,formal/A/d049,36.683975245533674,1.7367806097313626e-14,0.5560162011004854,-0.043120156177149815,0.2731537435119621,1.4333443072463914,-0.5779177208369243
A,50,formal/A/d050,36.683975245533674,1.8850450056783506e-14,0.567777529474165,-0.08024842256242998,0.23075011390191214,1.471587064857359,-1.5071367372382238
A,51,formal/A/d051,36.68397524553367,2.6808150562088948e-14,0.5667136909803454,-0.06510345387403946,0.33140685842205375,1.4250377883863332,-0.5927629431767649
A,52,formal/A/d052,36.68397524553368,2.5520011312659734e-14,0.5741319136146582,-0.062384300697263625,0.19622579976068735,1.496203606716536,-1.6201793610904622
A,53,formal/A/d053,36.683975245533674,8.917447899021963e-15,0.5459952200282773,-0.1032427735637263,0.2858448413413621,1.5464230930887293,-1.263568950067991
A,54,formal/A/d054,36.68397524553366,1.7149286420954513e-14,0.5636194422269601,-0.10160046835705522,0.37059225481407887,1.4283011510131476,-0.739780761260397
A,55,formal/A/d055,36.68397524553366,1.6233951216571963e-14,0.5243479996318874,-0.06702047197888615,0.21725585194156974,1.496582417290264,-1.4199220889624002
A,56,formal/A/d056,36.68397524553367,1.8154098574684612e-14,0.5682462581701412,-0.007595822181887046,0.22070915524316054,1.493691522442396,-0.15593158461484907
A,57,formal/A/d057,36.68397524553368,1.40783984329461e-14,0.5747420910916088,-0.07249275639759005,0.23321571226652393,1.4145798388849544,-1.3328430150520825
A,58,formal/A/d058,36.68397524553366,1.2657029411283115e-14,0.5440756792969231,0.024798490055294234,0.24147242893517637,1.391219502660951,0.425294862749082
A,59,formal/A/d059,36.683975245533695,7.951088352073423e-15,0.5550110812191051,-0.008963110216892504,0.24880938833447944,1.4633127956101228,-0.14478554648922873
A,60,formal/A/d060,36.683975245533674,1.0665077673020231e-14,0.5507506259913654,-0.017017120542990878,0.24988853196520305,1.555555251762167,-0.27251688988827955
A,61,formal/A/d061,36.683975245533674,4.328360101021004e-14,0.5511813273163245,-0.04615190711281248,0.2137522146651545,1.397107860866813,-1.0101093837775694
A,62,formal/A/d062,36.683975245533674,1.981180466676445e-14,0.5469834242872967,-0.15972441701343065,0.277137932279471,1.5491498118530809,-2.079597884132786
A,63,formal/A/d063,36.68397524553369,1.529936613491183e-14,0.5597779046952766,-0.0480700199936661,0.24171691045819366,1.3847911908710095,-0.8227354935083013
B,0,formal/B/d000,36.68397524553369,3.2605229693257956e-14,0.5734418073287271,-0.04645234498940542,0.22117587380748285,1.4445014488134162,-0.9495812689369647
B,1,formal/B/d001,36.68397524553369,1.4896032407882904e-14,0.52952872978958,-0.10080894392855912,0.23635049631761842,1.4499996816270944,-1.8046210872854922
B,2,formal/B/d002,36.683975245533674,1.3424175748415092e-14,0.5569620847992124,-0.1017542670434988,0.22070059717948137,1.423054190302218,-2.0890345067903926
B,3,formal/B/d003,36.68397524553366,2.1332466681079597e-14,0.5711614740891016,-0.04764312064854225,0.25701287109255433,1.3754510522335315,-0.7212576855758577
B,4,formal/B/d004,36.683975245533674,1.972060626467618e-14,0.552367278796584,-0.12091644563398651,0.325990217680785,1.5597325350412776,-1.137827003912491
B,5,formal/B/d005,36.68397524553367,1.250283168878603e-14,0.562397695997007,-0.11483462383170467,0.2548243766676486,1.4370417304235474,-1.7684423676264387
B,6,formal/B/d006,36.683975245533674,8.23514289728559e-15,0.5473953065759707,-0.07864112711460547,0.2875649058340949,1.392671183837208,-0.9509944037434009
B,7,formal/B/d007,36.68397524553366,2.513895280697766e-14,0.5558187888179391,-0.13871821730082254,0.29222130605514507,1.4366113058229266,-1.6244627009781298
B,8,formal/B/d008,36.683975245533674,1.0570111284364461e-14,0.5768787907381099,-0.1261395309293507,0.2322079225264751,1.4651090589538833,-2.3393604624767903
B,9,formal/B/d009,36.683975245533674,2.714217157604145e-14,0.5581214620400966,-0.1040630630255239,0.2316012734316888,1.4216525324488754,-1.9400580230388316
B,10,formal/B/d010,36.683975245533674,1.7413659903099964e-14,0.5620146037457351,-0.14739052659322416,0.23311994823233428,1.5129340614520324,-2.712131198260124
B,11,formal/B/d011,36.68397524553366,6.7769090170840996e-15,0.5624244345719748,-0.03292267784993666,0.30147340345355417,1.498702347299852,-0.3622406167765661
B,12,formal/B/d012,36.68397524553367,1.7963669281134356e-14,0.5521736690922849,-0.04385916636805452,0.30946229235266065,1.5543697284527076,-0.4579782953243873
B,13,formal/B/d013,36.68397524553367,3.4389146986965135e-14,0.5454660123820044,-0.026852278338380782,0.2184487379690645,1.3804049817302417,-0.5627066662613869
B,14,formal/B/d014,36.68397524553366,1.2746013396109902e-14,0.5425914427210952,-0.08102225565175805,0.22004346321129648,1.512192273029639,-1.6733523060780071
B,15,formal/B/d015,36.68397524553366,2.4905460165852463e-14,0.5358004039926354,-0.11820726213962517,0.3572428886619198,1.5148803198331604,-0.9262260124606371
B,16,formal/B/d016,36.683975245533674,2.578109028833495e-14,0.5550513481832839,-0.10172297970527804,0.3632524228780808,1.5995148664103565,-0.7709070791871767
B,17,formal/B/d017,36.683975245533674,2.0493766767491143e-14,0.5649355444770882,-0.1034769054323802,0.21347819175598234,1.3916039246215894,-2.270577872890438
B,18,formal/B/d018,36.68397524553368,1.0013302353406331e-14,0.5468458014384582,-0.06922022554619923,0.20738566920024304,1.4707422345182717,-1.6094427218078604
B,19,formal/B/d019,36.68397524553366,2.9166976712902504e-14,0.5475567461177605,-0.11445591368040586,0.22361088920929634,1.429082771151189,-2.2890345053387113
B,20,formal/B/d020,36.68397524553365,2.850470589720032e-14,0.5713116083023807,-0.08501441883350648,0.1985944222828675,1.3461209650583765,-2.1555519635821
B,21,formal/B/d021,36.68397524553367,8.526745929402005e-15,0.531455857076864,-0.06721296635973985,0.3144067951569671,1.4920410684396908,-0.6799378465294033
B,22,formal/B/d022,36.68397524553367,1.6384161189409713e-14,0.5440282768564325,-0.04796090240356965,0.18514856524168288,1.3887817723524425,-1.399093194286015
B,23,formal/B/d023,36.683975245533674,2.612895205732242e-14,0.5555129107838662,-0.09586545202725341,0.29350065353556404,1.368962908965505,-1.1128688315205844
B,24,formal/B/d024,36.68397524553366,2.4845193867938358e-14,0.551928997311405,-0.056999338048324744,0.31441682197024656,1.5167835336055953,-0.5765782620728718
B,25,formal/B/d025,36.68397524553369,1.0290283740419575e-14,0.5521762837307725,-0.047961153004174195,0.37421328503381057,1.4879116182268322,-0.3424926156687035
B,26,formal/B/d026,36.683975245533674,1.1447282359412103e-14,0.544152189570831,-0.14834408608940336,0.22410449720408168,1.4455014743111967,-2.953718436169108
B,27,formal/B/d027,36.683975245533674,5.103863211878059e-14,0.5583038515088452,-0.07567077908929933,0.27696486247636365,1.4936800925285567,-0.9864585809753464
B,28,formal/B/d028,36.68397524553369,1.2288167911278773e-14,0.5653168246920571,-0.11009458147811614,0.39973583080982356,1.5353910626634264,-0.6890008977705978
B,29,formal/B/d029,36.68397524553366,7.547883709950091e-15,0.5602940520329356,-0.07089734646548981,0.22857962780779015,1.3635481414012824,-1.3569221703459704
B,30,formal/B/d030,36.683975245533674,5.891509130072236e-15,0.5438271751847699,-0.1470703245318519,0.2531738475127604,1.4532170917691642,-2.2944963300551064
B,31,formal/B/d031,36.68397524553366,2.569519164933315e-14,0.5670304305295,-0.12563514813921042,0.28104101165660833,1.4115453370763962,-1.590639474281698
B,32,formal/B/d032,36.68397524553367,1.4331555924640523e-14,0.5453100652421369,-0.1343144318116677,0.39725893135595863,1.5956695152908118,-0.8510897089819786
B,33,formal/B/d033,36.68397524553366,2.66286940382088e-14,0.5697295528142343,-0.01661380349121431,0.39386657083167137,1.4838717002283597,-0.10709540202718758
B,34,formal/B/d034,36.68397524553368,1.0097471161080615e-14,0.570042276926977,-0.08541063244053312,0.21947123586312814,1.3818365009512736,-1.773195903442553
B,35,formal/B/d035,36.683975245533674,2.1612452441316548e-14,0.5501153954850674,-0.05780106211342352,0.34790708915460644,1.454826643125809,-0.47753945809430787
B,36,formal/B/d036,36.683975245533645,1.9819346822773918e-14,0.5481530621250468,-0.06937392259152479,0.4250111102042723,1.5841727820166591,-0.3840570000562142
B,37,formal/B/d037,36.68397524553366,1.6757565256659874e-14,0.5778154365019483,-0.024383527903830304,0.22785722321914068,1.413334322974401,-0.46964633779737774
B,38,formal/B/d038,36.683975245533674,6.814997123615466e-15,0.561902637946827,-0.10224471146148523,0.27475098184298175,1.4045822650607627,-1.354448035127556
B,39,formal/B/d039,36.683975245533674,2.578706585182542e-14,0.5599814616257602,-0.11917463745635605,0.34063799709259757,1.4262705784574627,-1.0270643583830579
B,40,formal/B/d040,36.68397524553367,2.4927690245525665e-14,0.5477443990518729,-0.10876232362145397,0.36716330194937946,1.48454987617573,-0.806788954205701
B,41,formal/B/d041,36.683975245533674,1.6288739745191628e-14,0.5613580160932398,-0.03665327209876767,0.27012345851731456,1.4721335014404058,-0.5023288804077808
B,42,formal/B/d042,36.683975245533674,2.4818901624228803e-14,0.5577984187729103,-0.10750418455132774,0.2272862959874411,1.399723952325819,-2.081032520454229
B,43,formal/B/d043,36.68397524553368,1.9791963640243474e-14,0.5568891186932582,-0.06134500289417987,0.21347539299272122,1.3859285245265924,-1.3461192901421062
B,44,formal/B/d044,36.68397524553367,3.8137665808235884e-14,0.5706626380828409,-0.09657970913349473,0.24460406536805981,1.3865787082610248,-1.6142044917954235
B,45,formal/B/d045,36.683975245533674,8.698716514063191e-15,0.5617009504690258,-0.14603369044210954,0.5086003754819776,1.525128246552451,-0.5645464847679083
B,46,formal/B/d046,36.68397524553366,1.2513548245256853e-14,0.5610584582913268,-0.18905068361033822,0.33826420333871743,1.5169070736479486,-1.6522135126537951
B,47,formal/B/d047,36.683975245533674,2.8090301774724972e-14,0.5611601327029683,-0.1480054943007649,0.2411723477639268,1.436399208171814,-2.544619291396071
B,48,formal/B/d048,36.68397524553367,1.6595907925115383e-14,0.5518513590500226,-0.08695346346721214,0.3278972767849596,1.5005010858627421,-0.8087443609440594
B,49,formal/B/d049,36.683975245533674,9.971014289486082e-15,0.5579114237634873,-0.11509883297025544,0.215217808938814,1.45356918989967,-2.4849320002249957
B,50,formal/B/d050,36.68397524553369,1.408583840652478e-14,0.5724469014557123,-0.021124067883161426,0.41680441039771654,1.4533395817781602,-0.12159422327686972
B,51,formal/B/d051,36.68397524553367,1.2186689105721027e-14,0.5564389532267321,-0.10505135372210146,0.2547592944364914,1.5378388385444715,-1.6186076116651726
B,52,formal/B/d052,36.683975245533674,1.8557171120838483e-14,0.5762618941341133,-0.0965083678003559,0.22135300123050577,1.3701282546381361,-1.969673042775776
B,53,formal/B/d053,36.68397524553368,4.9077163614563925e-15,0.5638892615615577,-0.05384701814884596,0.45443488612827027,1.4080138898074224,-0.2607464058082948
B,54,formal/B/d054,36.68397524553366,2.8461850774121867e-14,0.5603784086350808,-0.11986665754033571,0.3470986201561769,1.4068603684729835,-0.994930216706387
B,55,formal/B/d055,36.683975245533674,2.3086499843882576e-14,0.5599323678840799,-0.0911282137642178,0.2805027256981363,1.390385691510067,-1.1581870005825041
B,56,formal/B/d056,36.683975245533674,3.665014196923496e-14,0.572117142280105,-0.1275738006769022,0.28877844953673076,1.410269781059396,-1.5297904082195775
B,57,formal/B/d057,36.68397524553366,1.1179936297181476e-14,0.5707698930341822,-0.05715637434957303,0.33231490506580635,1.5150709092361034,-0.5175651557060887
B,58,formal/B/d058,36.683975245533674,1.17809586148284e-14,0.5468302385217907,-0.11085109190222045,0.34322911530073463,1.4576069675960397,-0.9409612382277397
B,59,formal/B/d059,36.68397524553366,5.412835399120699e-15,0.5650853171822268,-0.03417830424493855,0.24586156830230604,1.4324715510543422,-0.565417461259763
B,60,formal/B/d060,36.683975245533674,2.427310384097704e-14,0.562026854722125,-0.10308616482879879,0.34159079936735137,1.434267730256168,-0.8834623647838639
B,61,formal/B/d061,36.683975245533674,1.1513178708784908e-14,0.5519744694112757,-0.09284514203321127,0.2204240256012742,1.4848709365009636,-1.9109148070883841
B,62,formal/B/d062,36.683975245533674,1.4832596229087938e-14,0.5655064486603296,-0.09476390676944688,0.29968928381130383,1.4284376803841061,-1.055116778022337
B,63,formal/B/d063,36.68397524553367,1.886105731375467e-14,0.5464176226365818,-0.06339046123037692,0.2698713610993142,1.5103713198082678,-0.8703828254571447
