anchor,time_fs,n,median_abs_relative_C_deviation,q90_abs_relative_C_deviation,max_abs_relative_C_deviation,C_vs_Y_Pearson_r,max_transverse_fraction
A,0.0078125,64,0.0017671677315816425,0.005615555248674022,0.0187938354239493,0.9999826140909055,0.0010049875141332541
A,0.015625,64,0.0035408284223308883,0.011210647596601257,0.03790473576375153,0.9999303413055167,0.002010150198661319
A,0.03125,64,0.007148795354532667,0.022438814076857324,0.07683295910191534,0.9997203896786682,0.0040207935350045606
A,0.0625,64,0.013076637298401417,0.04487658657021598,0.15740594859841117,0.998916279864976,0.00804339266136297
A,0.125,64,0.026283991685689123,0.08956413049115498,0.3281932285466185,0.995603765225734,0.016094182360027364
B,0.0078125,64,0.0015673282953749812,0.004326338771155558,0.006911661393965929,0.9999890972640838,0.0007773724747890733
B,0.015625,64,0.002992009443555488,0.008631572263602184,0.013882626338826975,0.9999569080689357,0.001554827769860084
B,0.03125,64,0.006264482696212714,0.017228854688162855,0.027770404564597007,0.9998245518958577,0.0031099400211921724
B,0.0625,64,0.012535164567286539,0.036235747483718425,0.05557675630657899,0.9992755840769023,0.006221149495481528
B,0.125,64,0.025115195580857175,0.07190116110207047,0.11124912148159938,0.9970401239673503,0.012448951205548876
