anchor,index,id,budget_index,epsilon_ev_A,dt_fs,status,time_fs,e_ev_A,W_ev,relative_budget_error,Da_at_event_ev,refinement_evaluations,W_pred_target_ev,W_pred_actual_e_ev,absolute_error_target_ev,signed_error_over_abs_prediction,signed_error_actual_e,C_A2_per_ev,sign_mismatch
A,0,formal/A/d000,0,0.019538298638721113,0.0078125,refined,0.10130785513378518,0.019538263845385703,-8.032035835286999e-05,-1.780776108240012e-06,1.2535019777715206e-07,1,-8.493994810626665e-05,-8.493964558847558e-05,4.619589753396662e-06,0.05438653844734149,0.05438317058662556,-0.44500869852097735,False
A,0,formal/A/d000,1,0.03907659727744223,0.0078125,refined,0.20076708640502716,0.039076418303112356,-0.0003039148899626233,-4.580089934647091e-06,3.0999945010989904e-07,1,-0.0003397597924250666,-0.0003397566801713829,3.584490246244331e-05,0.10550071921870753,0.10549252538811003,-0.44500869852097735,False
A,1,formal/A/d001,0,0.019538298638721113,0.0078125,refined,0.15736622723138632,0.019538362533077808,-0.0003089326578589145,3.2702108754278925e-06,1.1987867765128613e-07,1,-0.00030353127404502035,-0.0003035332592708132,5.401383813894171e-06,-0.017795147570503815,-0.017788490793636477,-1.5902300417490272,False
A,1,formal/A/d001,1,0.03907659727744223,0.0078125,refined,0.31825865952824944,0.0390767437342474,-0.0012276316635156381,3.747941616838446e-06,4.260073183104396e-07,1,-0.0012141250961800814,-0.0012141341971370883,1.3506567335556724e-05,-0.011124526935528728,-0.011116947706749937,-1.5902300417490272,False
A,2,formal/A/d002,0,0.019538298638721113,0.0078125,refined,0.11944844023295724,0.019538383062926584,-0.00025967729985983123,4.320959927639478e-06,-1.44864316098392e-07,1,-0.0002577593530891757,-0.00025776158062965955,1.9179467706555153e-06,-0.007440842583089401,-0.007432136416497648,-1.350426469607891,False
A,2,formal/A/d002,1,0.03907659727744223,0.0078125,refined,0.2400941621244525,0.039076685432853864,-0.0010409619520939245,2.2559643821917774e-06,-1.2302189134061337e-07,1,-0.0010310374123567029,-0.0010310420643293082,9.924539737221627e-06,-0.00962578042103877,-0.00962122507685387,-1.350426469607891,False
A,3,formal/A/d003,0,0.019538298638721113,0.0078125,refined,0.13760403385033848,0.0195380328710551,-0.000316313159203439,-1.3602395527279043e-05,3.5710399970412254e-07,1,-0.00034044407216907087,-0.00034043481052221247,2.4130912965631887e-05,0.07088069653228689,0.07085541952003058,-1.7836198026116121,False
A,3,formal/A/d003,1,0.03907659727744223,0.0078125,refined,0.2705868363100996,0.03907650214134486,-0.0011868843801811184,-2.4346054671164907e-06,8.64543835632503e-07,1,-0.0013617762886762835,-0.0013617696579083603,0.0001748919084951651,0.12842925078771125,0.12842500691039094,-1.7836198026116121,False
A,4,formal/A/d004,0,0.019538298638721113,0.0078125,refined,0.12199149446624138,0.019538284684832482,-0.00024160315896874264,-7.141813568312116e-07,-2.191518433392048e-08,1,-0.00024393529068017633,-0.00024393494225222702,2.332131711433688e-06,0.009560452302456503,0.009559037594021004,-1.2780008541224053,False
A,4,formal/A/d004,1,0.03907659727744223,0.0078125,refined,0.24381923775280387,0.0390766192795475,-0.0009579145581204707,5.630506956233461e-07,9.426730684936047e-08,1,-0.0009757411627207053,-0.0009757422615044954,1.7826604600234652e-05,0.01826980892199719,0.018270914448797398,-1.2780008541224053,False
A,5,formal/A/d005,0,0.019538298638721113,0.0078125,refined,0.13007148107852035,0.01953799944588838,-1.2899350941390341e-05,-1.5313146669915234e-05,-6.539630703628063e-08,1,-1.3219472561440674e-05,-1.3219067701096077e-05,3.20121620050333e-07,0.02421591470934191,0.024186029373253475,-0.06925811012199651,False
A,5,formal/A/d005,1,0.03907659727744223,0.0078125,refined,0.2555766817844473,0.03907644620125968,-4.921191268332514e-05,-3.866155015241901e-06,-1.6909325495362282e-08,1,-5.2877890245762696e-05,-5.287748137831193e-05,3.6659775624375534e-06,0.06932911932376731,0.06932192304624867,-0.06925811012199651,False
A,6,formal/A/d006,0,0.019538298638721113,0.0078125,refined,0.14255807462597625,0.019537992557138624,-0.0004227884925460147,-1.5665723415825283e-05,-3.7140853237360716e-07,1,-0.0004410459262173588,-0.0004410321077186105,1.82574336713441e-05,0.0413957653524417,0.04136573018904934,-2.3106827586993264,False
A,6,formal/A/d006,1,0.03907659727744223,0.0078125,refined,0.27773479029706644,0.03907621213369432,-0.0016226105051856663,-9.85612296722227e-06,-5.662732291966677e-07,1,-0.0017641837048694353,-0.0017641489290177498,0.00014157319968376896,0.0802485587487311,0.0802304281140764,-2.3106827586993264,False
A,7,formal/A/d007,0,0.019538298638721113,0.0078125,refined,0.17016887184523122,0.01953840253563558,-0.00032397741794519194,5.317602949306277e-06,4.93615516461432e-07,1,-0.0003049414463064132,-0.00030494468943010456,1.903597163877875e-05,-0.06242500607690732,-0.062413707058341206,-1.5976180721955222,False
A,7,formal/A/d007,1,0.03907659727744223,0.0078125,refined,0.34571539416670394,0.03907677565428208,-0.0013705368081490619,4.564799708228762e-06,1.4497200027108192e-06,1,-0.0012197657852256528,-0.0012197769212240709,0.0001507710229234091,-0.12360653557397247,-0.12359627756663932,-1.5976180721955222,False
A,8,formal/A/d008,0,0.019538298638721113,0.0078125,refined,0.1672635688192472,0.019538259346792857,-9.634536762019759e-05,-2.0110209687507208e-06,-7.715425454080105e-08,1,-0.00011248582335799472,-0.00011248537093575072,1.6140455737797128e-05,0.1434887993523317,0.14348535441797106,-0.5893242340103183,False
A,8,formal/A/d008,1,0.03907659727744223,0.0078125,refined,0.33339064940747565,0.039076627011616405,-0.00031072727782852257,7.60920250142405e-07,1.4643592294305563e-07,1,-0.00044994329343197887,-0.0004499439781741663,0.0001392160156034563,0.3094079134763292,0.30940896444613625,-0.5893242340103183,False
A,9,formal/A/d009,0,0.019538298638721113,0.0078125,refined,0.1738196331166261,0.019538315957890216,-0.00018992110368032736,8.864215570447698e-07,-1.6285048332065344e-07,1,-0.00018459995940175612,-0.00018460028666866807,5.3211442785712395e-06,-0.028825273287251974,-0.028823449343875724,-0.9671372482783519,False
A,9,formal/A/d009,1,0.03907659727744223,0.0078125,refined,0.34846784465547065,0.03907677935843074,-0.0007871525149819661,4.6595917044811586e-06,-1.2486998457461596e-07,1,-0.0007383998376070245,-0.0007384067189065723,4.8752677374941616e-05,-0.06602476719515171,-0.06601483278426312,-0.9671372482783519,False
A,10,formal/A/d010,0,0.019538298638721113,0.0078125,refined,0.11197498403184132,0.019538289945950006,-9.86360583448856e-05,-4.449093172764762e-07,1.9503931980580091e-07,1,-9.744661883482215e-05,-9.744653212502414e-05,1.1894395100634533e-06,-0.012206062398938894,-0.012206963079356115,-0.5105323701010671,False
A,10,formal/A/d010,1,0.03907659727744223,0.0078125,refined,0.2238604641459574,0.03907662408437098,-0.00039755088289613423,6.860098018535155e-07,5.146139301359653e-07,1,-0.0003897864753392886,-0.0003897870101341574,7.764407556845642e-06,-0.019919643312629392,-0.019918243964324633,-0.5105323701010671,False
A,11,formal/A/d011,0,0.019538298638721113,0.0078125,refined,0.09846471798134548,0.019538175732255646,-0.0002057539422279913,-6.290540836673131e-06,2.1197774913161993e-07,1,-0.00021244725905309294,-0.00021244458624518223,6.693316825101634e-06,0.03150578103447736,0.0314935962146348,-1.113031975688137,False
A,11,formal/A/d011,1,0.03907659727744223,0.0078125,refined,0.196148466297296,0.039076650447792655,-0.0008037385764658213,1.3606699182933113e-06,5.232432158663869e-07,1,-0.0008497890362123717,-0.0008497913487787021,4.605045974655046e-05,0.05419046114292529,0.05419303500684807,-1.113031975688137,False
A,12,formal/A/d012,0,0.019538298638721113,0.0078125,refined,0.13298826494546576,0.019538324102385124,-0.00020984337884547228,1.3032692600667417e-06,-1.4669785741716623e-07,1,-0.00019697477316264818,-0.0001969752865853165,1.2868605682824099e-05,-0.06533123747881203,-0.06532846065733323,-1.0319701083041726,False
A,12,formal/A/d012,1,0.03907659727744223,0.0078125,refined,0.2707621815634069,0.03907697514155619,-0.0009037725131499606,9.669831569025789e-06,-9.765790309756994e-08,1,-0.0007878990926505927,-0.0007879143304273044,0.00011587342049936792,-0.14706632052279056,-0.14704413696832203,-1.0319701083041726,False
A,13,formal/A/d013,0,0.019538298638721113,0.0078125,refined,0.14604167991681777,0.01953826858126265,-0.0003227977760359591,-1.53838668448536e-06,2.6013003662228584e-07,1,-0.000334507983450586,-0.0003345069542461225,1.1710207414626877e-05,0.035007258403316185,0.03500428933249627,-1.752520053037794,False
A,13,formal/A/d013,1,0.03907659727744223,0.0078125,refined,0.29136203771277563,0.039076585536368925,-0.0012417806684487404,-3.004630423353305e-07,6.944028427824378e-07,1,-0.001338031933802344,-0.001338031129744174,9.625126535360356e-05,0.07193495380942226,0.07193439611067656,-1.752520053037794,False
A,14,formal/A/d014,0,0.019538298638721113,0.0078125,refined,0.1325865431269275,0.019538222077245537,-0.00032867024359278796,-3.918533388769241e-06,-1.0525400284677744e-07,1,-0.0003462738026333758,-0.0003462710888677782,1.7603559040587843e-05,0.05083710897767787,0.050829670280994874,-1.8141623308858557,False
A,14,formal/A/d014,1,0.03907659727744223,0.0078125,refined,0.2556945036109322,0.03907617207984677,-0.0012560964309404213,-1.0881131548901024e-05,-2.024171408265829e-08,1,-0.0013850952105335032,-0.0013850650678911098,0.0001289987795930819,0.09313351068725079,0.09311377489799467,-1.8141623308858557,False
A,15,formal/A/d015,0,0.019538298638721113,0.0078125,refined,0.12165061523578359,0.01953883427627445,-0.00021445572840248298,2.741474901379881e-05,-1.5609839465469122e-07,1,-0.00019829328611640877,-0.00019830415858677973,1.6162442286074205e-05,-0.08150776358906063,-0.08144846749966252,-1.0388779266701784,False
A,15,formal/A/d015,1,0.03907659727744223,0.0078125,refined,0.2504938118497905,0.03907672450920638,-0.0009274751715460505,3.255958118675295e-06,-1.6560079529881477e-07,1,-0.0007931731444656351,-0.0007931783095511221,0.00013430202708041537,-0.16932245880676577,-0.16931484431404842,-1.0388779266701784,False
A,16,formal/A/d016,0,0.019538298638721113,0.0078125,refined,0.17208909083669968,0.019538288298571665,-0.00027881169235738834,-5.292246597621286e-07,2.071174094453454e-07,1,-0.0002808036861081717,-0.0002808033888917799,1.991993750783338e-06,0.007093901716147624,0.007092850774529397,-1.4711579849160665,False
A,16,formal/A/d016,1,0.03907659727744223,0.0078125,refined,0.3409643577715458,0.039076521823608525,-0.0011093205016482841,-1.9309212919704777e-06,5.617330316454172e-07,1,-0.0011232147444326867,-0.0011232104067583435,1.389424278440258e-05,0.012370068015284365,0.012366253932908735,-1.4711579849160665,False
A,17,formal/A/d017,0,0.019538298638721113,0.0078125,refined,0.1466725234167185,0.01953843298505138,-0.000385517542120648,6.876050609561091e-06,2.873130142688751e-07,1,-0.000387868348398119,-0.00038787368242124436,2.3508062774709793e-06,0.006060835557167056,0.006074504168183037,-2.032080225692928,False
A,17,formal/A/d017,1,0.03907659727744223,0.0078125,refined,0.29763229295478,0.039076679087083434,-0.001526858569394822,2.0935712652381255e-06,7.537310011684895e-07,1,-0.001551473393592476,-0.0015514798898395076,2.461482419765398e-05,0.015865450415915756,0.015869571114603718,-2.032080225692928,False
A,18,formal/A/d018,0,0.019538298638721113,0.0078125,refined,0.12827716162737648,0.019538012436514478,-7.381190442856461e-05,-1.4648266562389267e-05,1.72352883964777e-07,1,-8.113287992946783e-05,-8.113050303477227e-05,7.320975500903218e-06,0.09023438471884204,0.09020773115471671,-0.42506309586510654,False
A,18,formal/A/d018,1,0.03907659727744223,0.0078125,refined,0.25258680228528424,0.03907634458967291,-0.000264330852010837,-6.4664732071229025e-06,4.79456502944231e-07,1,-0.0003245315197178713,-0.0003245273225826874,6.02006677070343e-05,0.18550021815868376,0.18548968417447426,-0.42506309586510654,False
A,19,formal/A/d019,0,0.019538298638721113,0.0078125,refined,0.10951169976258338,0.019538299544634437,-0.00031289082701918894,4.636602901619824e-08,8.080678526312113e-08,1,-0.0003073544930017946,-0.00030735452150341,5.53633401739436e-06,-0.018012861836908416,-0.018012767434487,-1.610260259921356,False
A,19,formal/A/d019,1,0.03907659727744223,0.0078125,refined,0.21913067576976186,0.039076629386840235,-0.0012784816100369061,8.217040439184586e-07,2.747256075963378e-07,1,-0.0012294179720071783,-0.0012294199924434471,4.906363802972781e-05,-0.039908020825192014,-0.039906311834046256,-1.610260259921356,False
A,20,formal/A/d020,0,0.019538298638721113,0.0078125,refined,0.117109375,0.019527154589043885,-0.00028111188474805055,-0.0005703695026517686,5.810579750686884e-08,1,-0.0002627647660957035,-0.0002624651055607923,1.8347118652347054e-05,-0.06982335921576607,-0.07104479335421329,-1.3766503180709038,False
A,20,formal/A/d020,1,0.03907659727744223,0.0078125,refined,0.24422995495968602,0.039077257445000624,-0.00121413624848472,1.6894192544691933e-05,2.669112291187048e-07,1,-0.001051059064382814,-0.0010510945782712198,0.000163077184101906,-0.15515510938261645,-0.15511607954601175,-1.3766503180709038,False
A,21,formal/A/d021,0,0.019538298638721113,0.0078125,refined,0.15007880398044685,0.019537872358009033,-0.0003333953898377274,-2.18176986626073e-05,3.425375325605273e-07,1,-0.000351214068533802,-0.0003511987433355574,1.781867869607456e-05,0.05073452430439765,0.05069310137257386,-1.8400448672861107,False
A,21,formal/A/d021,1,0.03907659727744223,0.0078125,refined,0.287377432756345,0.03907627043055161,-0.0012315347854325118,-8.364261818716301e-06,7.985654519870877e-07,1,-0.001404856274135208,-0.0014048327730621037,0.00017332148870269608,0.12337311075425718,0.1233584458966283,-1.8400448672861107,False
A,22,formal/A/d022,0,0.019538298638721113,0.0078125,refined,0.12959331839960037,0.01953787856078513,-0.0003916407128696101,-2.1500231097371092e-05,2.8571230359375477e-07,1,-0.00042555106996037184,-0.00042553277126439133,3.391035709076175e-05,0.0796857521564205,0.07964617694208911,-2.2295036907763652,False
A,22,formal/A/d022,1,0.03907659727744223,0.0078125,refined,0.2533095175156281,0.03907624890498468,-0.0014472290636988391,-8.915117533758732e-06,7.73667125031352e-07,1,-0.0017022042798414874,-0.0017021739292743347,0.0002549752161426482,0.14979119672193048,0.149776037096387,-2.2295036907763652,False
A,23,formal/A/d023,0,0.019538298638721113,0.0078125,refined,0.12641002600959975,0.019537634221136937,-0.0001637264191969908,-3.400590790747504e-05,3.1052331905812025e-07,1,-0.00018019176275610509,-0.00018017950779549924,1.6465343559114276e-05,0.09137678275227602,0.09131498248503603,-0.9440422747606912,False
A,23,formal/A/d023,1,0.03907659727744223,0.0078125,refined,0.23992387141947158,0.039075662273151374,-0.0005998870580382967,-2.392747465229661e-05,6.85249688103795e-07,1,-0.0007207670510244203,-0.0007207325591663897,0.00012087999298612362,0.1677102093031554,0.16767037868785162,-0.9440422747606912,False
A,24,formal/A/d024,0,0.019538298638721113,0.0078125,refined,0.11799854920630458,0.01953829545525836,-0.0002570789751331734,-1.6293449156545847e-07,-3.41809936799109e-07,1,-0.0002546249390567295,-0.00025462485608236635,2.4540360764439026e-06,-0.00963784649506446,-0.009638175504803063,-1.3340049678257178,False
A,24,formal/A/d024,1,0.03907659727744223,0.0078125,refined,0.23588066409125744,0.03907669490961324,-0.001044078567029821,2.4984819000373193e-06,-5.536858225241303e-07,1,-0.001018499756226918,-0.0010185048456396884,2.5578810802902958e-05,-0.025114204148325874,-0.025109081708954095,-1.3340049678257178,False
A,25,formal/A/d025,0,0.019538298638721113,0.0078125,refined,0.17718965980750476,0.019538299315772154,-0.00044392665314526257,3.465250753009741e-08,3.7602148950099945e-08,1,-0.0004427786202328697,-0.00044277865091964914,1.1480329123928867e-06,-0.002592792108591657,-0.0025927226238867647,-2.3197605121706717,False
A,25,formal/A/d025,1,0.03907659727744223,0.0078125,refined,0.354381601171748,0.03907661244472631,-0.0017649908178074478,3.881423955576224e-07,3.909226506948471e-07,1,-0.0017711144809314787,-0.001771115855820981,6.123663124030969e-06,0.0034575196521516574,0.003458293252472712,-2.3197605121706717,False
A,26,formal/A/d026,0,0.019538298638721113,0.0078125,refined,0.12787370532014272,0.019538234942679766,-0.0003589773678404802,-3.2600607926536185e-06,-3.007589839398861e-07,1,-0.0003513732935157826,-0.0003513710025229214,7.604074324697632e-06,-0.021641013887573904,-0.021647675143775198,-1.8408790625450313,False
A,26,formal/A/d026,1,0.03907659727744223,0.0078125,refined,0.25477617311875667,0.03907659605947379,-0.0014633269590682632,-3.1168743475085137e-08,-4.0767190512269735e-07,1,-0.0014054931740631303,-0.0014054930864482193,5.783378500513292e-05,-0.04114839265845855,-0.04114845756103589,-1.8408790625450313,False
A,27,formal/A/d027,0,0.019538298638721113,0.0078125,refined,0.10604034266706244,0.01953824022167905,-0.00011970028115089546,-2.989873537306842e-06,4.8792571760714054e-08,1,-0.00011896867721187568,-0.00011896796581033965,7.316039390197832e-07,-0.006149550925214063,-0.006155567472030901,-0.623288539623126,False
A,27,formal/A/d027,1,0.03907659727744223,0.0078125,refined,0.21161073486012105,0.03907659108251145,-0.0004805498393334433,-1.585330148268227e-07,1.9071740098297596e-07,1,-0.0004758747088475027,-0.00047587455796381013,4.6751304859405664e-06,-0.009824288618453863,-0.009824608799507835,-0.623288539623126,False
A,28,formal/A/d028,0,0.019538298638721113,0.0078125,refined,0.1539409285192653,0.01953823351749622,-0.00044712971553235656,-3.3330038656798067e-06,6.210320862010121e-07,1,-0.00047006124117744664,-0.0004700581077508006,2.2931525645090078e-05,0.04878412350622522,0.04877778266213726,-2.4626968325884566,False
A,28,formal/A/d028,1,0.03907659727744223,0.0078125,refined,0.3064125247092947,0.039076613486290775,-0.0016945104229407829,4.1479682666434314e-07,1.478707417845726e-06,1,-0.0018802449647097865,-0.0018802465245493997,0.0001857345417690037,0.09878209768144311,0.09878284532563007,-2.4626968325884566,False
A,29,formal/A/d029,0,0.019538298638721113,0.0078125,refined,0.14820311434505362,0.019538277429274515,-0.00015993550921343178,-1.08553190791838e-06,3.9441511034965515e-07,1,-0.0001598451107158403,-0.00015984476368209266,9.039849759148646e-08,-0.0005655380836276537,-0.0005677103787997543,-0.8374441740369941,False
A,29,formal/A/d029,1,0.03907659727744223,0.0078125,refined,0.29259444286322855,0.03907641787128968,-0.000630477942312282,-4.591140607024258e-06,1.0218500392511487e-06,1,-0.0006393804428633612,-0.0006393745719058093,8.902500551079186e-06,0.01392363599864079,0.013914581505812514,-0.8374441740369941,False
A,30,formal/A/d030,0,0.019538298638721113,0.0078125,refined,0.13417362375402794,0.019538524543375783,-0.00025811692217829127,1.1562145652899147e-05,6.224436219781637e-07,1,-0.0002467379712024516,-0.0002467436768761586,1.1378950975839673e-05,-0.04611755102137523,-0.046093360713923975,-1.292684371588503,False
A,30,formal/A/d030,1,0.03907659727744223,0.0078125,refined,0.27523043239597517,0.03907699997467458,-0.0010902657637002627,1.0305330054416473e-05,1.457170583307743e-06,1,-0.0009869518848098064,-0.0009869722266444623,0.00010331387889045635,-0.10467975235729528,-0.10465698453033563,-1.292684371588503,False
A,31,formal/A/d031,0,0.019538298638721113,0.0078125,refined,0.198207498207509,0.0195387850101522,-0.0006443914231967669,2.4893233545153493e-05,4.5301567297428846e-07,1,-0.0005661956712230501,-0.0005662238604560584,7.819575197371678e-05,-0.1381072939056645,-0.13805063368002427,-2.9663545172403,False
A,31,formal/A/d031,1,0.03907659727744223,0.0078125,refined,0.4072783783203434,0.039076587712569125,-0.0027055267064434313,-2.4477241544751394e-07,1.2892851373180747e-06,1,-0.0022647826848922006,-0.0022647815761796804,0.0004407440215512307,-0.19460764359040889,-0.1946082284046202,-2.9663545172403,False
A,32,formal/A/d032,0,0.019538298638721113,0.0078125,refined,0.14248992049830958,0.019538391006217196,-5.740489986855689e-05,4.727509687052489e-06,-2.927699824795127e-07,1,-6.609387094014698e-05,-6.609449586045438e-05,8.688971071590091e-06,0.13146409716959406,0.13147230913514907,-0.3462722563768353,False
A,32,formal/A/d032,1,0.03907659727744223,0.0078125,refined,0.28751770249021436,0.03907670973228487,-0.00019356271210058812,2.8778053997591257e-06,-4.030880518257618e-07,1,-0.0002643754837605879,-0.0002643770054051668,7.08127716599998e-05,0.26784923720130627,0.2678534511579529,-0.3462722563768353,False
A,33,formal/A/d033,0,0.019538298638721113,0.0078125,refined,0.12154714580958081,0.019538433496164846,-5.7226107464966244e-05,6.902210178516555e-06,2.3015309125185013e-07,1,-5.520032152858492e-05,-5.52010835396569e-05,2.0257859363813257e-06,-0.0366988068236576,-0.036684495945710084,-0.28919988520175166,False
A,33,formal/A/d033,1,0.03907659727744223,0.0078125,refined,0.24479190629774705,0.03907678597572215,-0.00023488756397074817,4.8289332508222316e-06,6.244226824492216e-07,1,-0.00022080128611433967,-0.00022080341858883316,1.4086277856408495e-05,-0.0637961766631833,-0.06378590273614224,-0.28919988520175166,False
A,34,formal/A/d034,0,0.019538298638721113,0.0078125,refined,0.15081703313076927,0.019538367787637373,-0.0003155149782168307,3.539147268583065e-06,4.7334469854831696e-07,1,-0.00032047902844270444,-0.00032048129689167494,4.964050225873741e-06,0.015489469779022434,0.015496438397535846,-1.6790209851803917,False
A,34,formal/A/d034,1,0.03907659727744223,0.0078125,refined,0.30356627840593303,0.0390766328915804,-0.001235238200863126,9.113930243831447e-07,1.1303636711090803e-06,1,-0.0012819161137708178,-0.0012819184504306903,4.6677912907691676e-05,0.03641261109542211,0.0364143675066701,-1.6790209851803917,False
A,35,formal/A/d035,0,0.019538298638721113,0.0078125,refined,0.13326923923035627,0.019538347643155846,-0.00016761766413676132,2.5081219015010703e-06,1.1279189493507147e-07,1,-0.00016620606026451505,-0.0001662068939956804,1.4116038722462789e-06,-0.008493095077277732,-0.008488036249071552,-0.8707698110678991,False
A,35,formal/A/d035,1,0.03907659727744223,0.0078125,refined,0.2702155990022765,0.039076830369121865,-0.0006723714775698081,5.964994290064141e-06,4.0623126551508904e-07,1,-0.0006648242410580602,-0.0006648321724273191,7.547236511747904e-06,-0.011352228221607207,-0.011340162909028239,-0.8707698110678991,False
A,36,formal/A/d036,0,0.019538298638721113,0.0078125,refined,0.18136313248496996,0.019538309664953356,-0.00036812861266636784,5.643394263010748e-07,1.5761179383844137e-07,1,-0.0003854645220094344,-0.00038546495707521153,1.7335909343066554e-05,0.04497407245858609,0.0449751503752416,-2.019486344055979,False
A,36,formal/A/d036,1,0.03907659727744223,0.0078125,refined,0.36338967598877436,0.03907661855110431,-0.0013891978427349287,5.444092772144415e-07,5.125912139192224e-07,1,-0.0015418580880377376,-0.0015418597668418893,0.00015266024530280887,0.09901056814968853,0.09901154916289825,-2.019486344055979,False
A,37,formal/A/d037,0,0.019538298638721113,0.0078125,refined,0.1515041962111812,0.01953821430277876,-0.00041648793305845005,-4.316442486329564e-06,1.5665136743336916e-07,1,-0.0004219103044984448,-0.0004219066622031782,5.4223714399947455e-06,0.012851953086191411,0.012843431095474459,-2.2104293643145065,False
A,37,formal/A/d037,1,0.03907659727744223,0.0078125,refined,0.3009801884017484,0.03907661470305193,-0.0016534522507400985,4.459346749641213e-07,5.812762537971139e-07,1,-0.0016876412179937792,-0.001687642723149591,3.418896725368068e-05,0.020258433421247894,0.020259307222137625,-2.2104293643145065,False
A,38,formal/A/d038,0,0.019538298638721113,0.0078125,refined,0.12162981704315369,0.019538183635084437,-0.00022478824734115718,-5.88606197515773e-06,2.901215339079499e-07,1,-0.00022584514319235822,-0.00022584248452316356,1.0568958512010402e-06,0.004679736904064633,0.004668019767105665,-1.1832248015218676,False
A,38,formal/A/d038,1,0.03907659727744223,0.0078125,refined,0.2418722604401131,0.03907658281220747,-0.0008923620386678387,-3.701764167418631e-07,7.127091521397233e-07,1,-0.0009033805727694329,-0.0009033799039491899,1.1018534101594124e-05,0.012197001389807782,0.012196270066652727,-1.1832248015218676,False
A,39,formal/A/d039,0,0.019538298638721113,0.0078125,refined,0.13252650436991378,0.019538450736578714,-0.00042766256890674776,7.784600922100537e-06,6.300979293882847e-09,1,-0.0003777589987632916,-0.000377764880192284,4.990357014345617e-05,-0.13210425246474766,-0.13208662671094676,-1.9791163538730423,False
A,39,formal/A/d039,1,0.03907659727744223,0.0078125,refined,0.28584320566270816,0.03907746056437203,-0.0019607337008689663,2.2092172552223843e-05,1.7523416317999363e-07,1,-0.0015110359950531664,-0.0015111027599265191,0.0004496977058157999,-0.2976088639106027,-0.2975515318126422,-1.9791163538730423,False
A,40,formal/A/d040,0,0.019538298638721113,0.0078125,refined,0.15640477999563285,0.019538304439775434,-0.0005054271851115547,2.969068304548017e-07,1.4572287909686565e-07,1,-0.0004918693153153581,-0.0004918696073941202,1.3557869796196635e-05,-0.02756396744835387,-0.027563357267104432,-2.5769514666649864,False
A,40,formal/A/d040,1,0.03907659727744223,0.0078125,refined,0.31476607003201906,0.03907665820344808,-0.0020628058888479215,1.5591430702066589e-06,5.993788363412023e-07,1,-0.0019674772612614322,-0.00196748339642329,9.532862758648928e-05,-0.048452213127673,-0.04844894376131427,-2.5769514666649864,False
A,41,formal/A/d041,0,0.019538298638721113,0.0078125,refined,0.12703595629438647,0.01953820779873503,-0.0002871487991864592,-4.64932938948337e-06,1.9822618924081326e-07,1,-0.0002909474307433091,-0.0002909447253287172,3.798631556849901e-06,0.013056075274991093,0.013046897956198603,-1.5243020555077298,False
A,41,formal/A/d041,1,0.03907659727744223,0.0078125,refined,0.25248315480076194,0.039076509551821834,-0.0011132105923128373,-2.244965695674672e-06,5.51808625459671e-07,1,-0.0011637897229732363,-0.0011637844976430914,5.057913066039898e-05,0.0434607125857582,0.0434564177755219,-1.5243020555077298,False
A,42,formal/A/d042,0,0.019538298638721113,0.0078125,refined,0.1707595862191332,0.019538226322277377,-0.000660162095127384,-3.7012661682211956e-06,1.2018426787108183e-07,1,-0.0006948655567049998,-0.0006948604129497661,3.470346157761583e-05,0.04994269933622417,0.04993566646728886,-3.640468636141453,False
A,42,formal/A/d042,1,0.03907659727744223,0.0078125,refined,0.3368338257661137,0.039076569839111404,-0.0025182836841547464,-7.021678635199535e-07,5.099718691781163e-07,1,-0.0027794622268199993,-0.002779458323523263,0.00026117854266525294,0.09396729343721609,0.09396602106177644,-3.640468636141453,False
A,43,formal/A/d043,0,0.019538298638721113,0.0078125,refined,0.10143567515431451,0.019538347709010688,-0.00017772846319247249,2.5114924528946148e-06,-7.465132512152195e-09,1,-0.00016424153513717297,-0.00016424236012096085,1.348692805529952e-05,-0.08211642715124019,-0.08211099171723679,-0.8604774717196748,False
A,43,formal/A/d043,1,0.03907659727744223,0.0078125,refined,0.2087372810088839,0.0390772281151734,-0.000772222466067821,1.614361984203505e-05,9.655195754021406e-08,1,-0.0006569661405486919,-0.0006569873523431524,0.00011525632551912912,-0.17543723855063234,-0.17539928784577252,-0.8604774717196748,False
A,44,formal/A/d044,0,0.019538298638721113,0.0078125,refined,0.13002290549901716,0.019537733584385847,-0.000177980879235077,-2.8920344893657024e-05,1.6052217688411474e-07,1,-0.00018641124267551858,-0.00018640046067656995,8.430363440441586e-06,0.045224543967641,0.04516931670089627,-0.9766267385627283,False
A,44,formal/A/d044,1,0.03907659727744223,0.0078125,refined,0.25185435185018307,0.03907617160338821,-0.000681580426735438,-1.0893324487670775e-05,4.5153137762099504e-07,1,-0.0007456449707020743,-0.0007456287256853189,6.406454396663634e-05,0.08591829420684662,0.08589837910417568,-0.9766267385627283,False
A,45,formal/A/d045,0,0.019538298638721113,0.0078125,refined,0.11740629765086989,0.019538273267718523,-0.00023337350781845899,-1.2985267069387518e-06,-1.7156708054244518e-07,1,-0.00023397824388974233,-0.0002339776362361398,6.047360712833482e-07,0.0025845824860892546,0.0025819921399286997,-1.2258349118053695,False
A,45,formal/A/d045,1,0.03907659727744223,0.0078125,refined,0.2323712905747853,0.03907641748303088,-0.0009281469195690038,-4.6010764466197784e-06,-2.1314190234988928e-07,1,-0.0009359129755589693,-0.0009359043631644868,7.766055989965573e-06,0.008297839855599112,0.008288713997713897,-1.2258349118053695,False
A,46,formal/A/d046,0,0.019538298638721113,0.0078125,refined,0.10025402160501255,0.019538316427449482,-0.0002014808923230995,9.104543183813263e-07,-2.330634742975235e-07,1,-0.00019987006317780126,-0.0001998704271230912,1.6108291452982437e-06,-0.008059381778777323,-0.008057546197249495,-1.0471388159642259,False
A,46,formal/A/d046,1,0.03907659727744223,0.0078125,refined,0.20073150840378137,0.03907664488169752,-0.0008108334902350509,1.2182292883355927e-06,-3.574677975848317e-07,1,-0.000799480252711205,-0.0007994822006129103,1.1353237523845832e-05,-0.014200772921338112,-0.014198301867681692,-1.0471388159642259,False
A,47,formal/A/d047,0,0.019538298638721113,0.0078125,refined,0.14258367675526304,0.019538416684713508,-0.00021120805430391038,6.041774392784305e-06,7.617927622050047e-08,1,-0.00021177407720273956,-0.00021177663619286336,5.660228988291758e-07,0.0026727676319292853,0.0026848187749812904,-1.1095051101110718,False
A,47,formal/A/d047,1,0.03907659727744223,0.0078125,refined,0.28832447135192224,0.0390766569784717,-0.0008353068674122922,1.5277949880765362e-06,3.127497620880604e-07,1,-0.0008470963088109582,-0.0008470988971919256,1.1789441398665996e-05,0.0139174746437208,0.013920487700696002,-1.1095051101110718,False
A,48,formal/A/d048,0,0.019538298638721113,0.0078125,refined,0.11302675243069872,0.019538530801291597,-0.00018912573444473122,1.1882435352994491e-05,2.3773463908582926e-07,1,-0.00018614348047101293,-0.00018614790417304113,2.982253973718283e-06,-0.016021264704904305,-0.015997119521270173,-0.9752239061758861,False
A,48,formal/A/d048,1,0.03907659727744223,0.0078125,refined,0.22841121466238398,0.03907689642073025,-0.0007745684366858531,7.655305447773486e-06,6.018963176757097e-07,1,-0.0007445739218840517,-0.0007445853218092875,2.9994514801801324e-05,-0.04028413287146014,-0.04026820566877248,-0.9752239061758861,False
A,49,formal/A/d049,0,0.019538298638721113,0.0078125,refined,0.13251131009588296,0.019538376598342937,-0.00011424769044064524,3.990092651617871e-06,-5.163019523024559e-08,1,-0.00011030863302386945,-0.00011030951330895775,3.939057416775792e-06,-0.03570942100173998,-0.03570115589810776,-0.5779177208369243,False
A,49,formal/A/d049,1,0.03907659727744223,0.0078125,refined,0.2713429522221101,0.03907615436793607,-0.00046598786929694276,-1.1334392885031797e-05,4.771573003381491e-08,1,-0.0004412345320954778,-0.0004412245299010801,2.4753337201464964e-05,-0.05610018119821284,-0.056124122114005005,-0.5779177208369243,False
A,50,formal/A/d050,0,0.019538298638721113,0.0078125,refined,0.14316425057089105,0.019537797501130535,-0.00027250446544667926,-2.564898816648231e-05,-1.2702366802841425e-07,1,-0.00028767104255610006,-0.00028765628580301766,1.5166577109420795e-05,0.052721945784526054,0.05267335046769711,-1.5071367372382238,False
A,50,formal/A/d050,1,0.03907659727744223,0.0078125,refined,0.2762907429329322,0.03907610442518162,-0.0010342622044262444,-1.261246615480438e-05,-6.175832822918892e-08,1,-0.0011506841702244002,-0.001150655144477141,0.00011642196579815588,0.10117629911902924,0.10115362592306984,-1.5071367372382238,False
A,51,formal/A/d051,0,0.019538298638721113,0.0078125,refined,0.10590376373544855,0.01953877264015562,-0.00011484390575545404,2.426011820522156e-05,1.2290547601878643e-07,1,-0.00011314217856885078,-0.00011314766832069316,1.7017271866032538e-06,-0.015040608269423557,-0.014991360051302607,-0.5927629431767649,False
A,51,formal/A/d051,1,0.03907659727744223,0.0078125,refined,0.21585810924506355,0.03907704643076747,-0.00046483483972840564,1.1494176989090832e-05,3.732857294380665e-07,1,-0.00045256871427540313,-0.00045257911814499806,1.2266125453002513e-05,-0.027103343793088992,-0.027079732784933905,-0.5927629431767649,False
A,52,formal/A/d052,0,0.019538298638721113,0.0078125,refined,0.17642098918968804,0.01953847134102816,-0.00031225248840560313,8.839168150753807e-06,7.09842424839735e-07,1,-0.0003092477772035751,-0.00030925324421394274,3.0047112020280156e-06,-0.009716193368303632,-0.009698343502535723,-1.6201793610904622,False
A,52,formal/A/d052,1,0.03907659727744223,0.0078125,refined,0.35978486290449857,0.039076636224566884,-0.001239898936892407,9.966866967303645e-07,1.8392311176285148e-06,1,-0.0012369911088143005,-0.0012369935746006934,2.9078280781066456e-06,-0.002350726741192102,-0.0023487286849097127,-1.6201793610904622,False
A,53,formal/A/d053,0,0.019538298638721113,0.0078125,refined,0.12769328528372093,0.01953864515601561,-0.00026056681209758953,1.7735284985942457e-05,-2.3277243599295616e-07,1,-0.00024118063625312635,-0.0002411891911436214,1.9386175844463184e-05,-0.0803803163704934,-0.08034199568433104,-1.263568950067991,False
A,53,formal/A/d053,1,0.03907659727744223,0.0078125,refined,0.2559236145304581,0.03907651438762128,-0.0010805004111649795,-2.1212138906490097e-06,-3.1100353226065636e-07,1,-0.0009647225450125054,-0.00096471845225112,0.00011577786615247414,-0.1200115688713104,-0.12001632045462429,-1.263568950067991,False
A,54,formal/A/d054,0,0.019538298638721113,0.0078125,refined,0.09338292862767268,0.019538305485848523,-0.0001472804781710059,3.5044645074755465e-07,-2.009765012189746e-07,1,-0.00014120384540867686,-0.00014120394437746708,6.076632762329039e-06,-0.04303447080171115,-0.04303373974663907,-0.739780761260397,False
A,54,formal/A/d054,1,0.03907659727744223,0.0078125,refined,0.18701210941239765,0.039076641494362456,-0.0006150585482699138,1.1315447943083257e-06,-3.049353836104274e-07,1,-0.0005648153816347074,-0.0005648166598632403,5.024316663520634e-05,-0.08895502542758467,-0.08895256102898694,-0.739780761260397,False
A,55,formal/A/d055,0,0.019538298638721113,0.0078125,refined,0.1710217723984938,0.019538289086875767,-0.0002657924124069254,-4.888780503753409e-07,8.662755135446787e-08,1,-0.0002710241596451011,-0.0002710238946496403,5.231747238175705e-06,0.01930361944494741,0.019302660562375076,-1.4199220889624002,False
A,55,formal/A/d055,1,0.03907659727744223,0.0078125,refined,0.34123773837243604,0.03907658264232966,-0.0010316762223663914,-3.7452371970392306e-07,3.609893610700965e-07,1,-0.0010840966385804044,-0.0010840958265407453,5.242041621401298e-05,0.04835400678177189,0.04835329395337707,-1.4199220889624002,False
A,56,formal/A/d056,0,0.019538298638721113,0.0078125,refined,0.15586556146670524,0.0195382996621007,-1.73611715495528e-05,5.2378132053831905e-08,6.348418537527323e-07,1,-2.9763060248784907e-05,-2.9763063366651993e-05,1.2401888699232106e-05,0.41668728267747335,0.41668734378312966,-0.15593158461484907,False
A,56,formal/A/d056,1,0.03907659727744223,0.0078125,refined,0.3080997917531874,0.039076382622482655,-1.2606976936009595e-05,-5.493184528027051e-06,1.4783727237954736e-06,1,-0.00011905224099513963,-0.00011905093304687553,0.00010644526405913003,0.8941055050234268,0.8941043416178378,-0.15593158461484907,False
A,57,formal/A/d057,0,0.019538298638721113,0.0078125,refined,0.14557370420447574,0.019538323913461768,-0.0002512872210169662,1.2935998738861088e-06,3.810564521700144e-07,1,-0.0002544031541598892,-0.00025440381235209125,3.1159331429229985e-06,0.012248013013882184,0.012250568520615178,-1.3328430150520825,False
A,57,formal/A/d057,1,0.03907659727744223,0.0078125,refined,0.29176393724938515,0.03907670632178872,-0.0009884798064279839,2.7905281958506833e-06,1.0119983926415443e-06,1,-0.001017612616639557,-0.0010176182960008795,2.9132810211573035e-05,0.028628585903128608,0.02863400715907573,-1.3328430150520825,False
A,58,formal/A/d058,0,0.019538298638721113,0.0078125,refined,0.15979612006146007,0.019539314253310482,8.284706165719805e-05,5.198070764245166e-05,-2.782762749120593e-07,1,8.11771178672049e-05,8.118555737460719e-05,1.6699437899931523e-06,0.020571607293633668,0.020465515497101676,0.425294862749082,False
A,58,formal/A/d058,1,0.03907659727744223,0.0078125,refined,0.34025052197600775,0.039076679923892535,0.0003214785774534306,2.1149858500102425e-06,-3.882014425471425e-07,1,0.0003247084714688196,0.00032470984497791713,3.229894015389001e-06,-0.009947058051114488,-0.009951245933754427,0.425294862749082,False
A,59,formal/A/d059,0,0.019538298638721113,0.0078125,refined,0.14168366404751204,0.01953835505021368,-2.7966074531680235e-05,2.8872264474788523e-06,8.15634848549962e-08,1,-2.763558745302329e-05,-2.7635747033651632e-05,3.304870786569439e-07,-0.011958749898793598,-0.011952906415967995,-0.14478554648922873,False
A,59,formal/A/d059,1,0.03907659727744223,0.0078125,refined,0.2856887142605856,0.03907684601794042,-0.00010957803621592342,6.365459521040506e-06,3.2495881896466017e-07,1,-0.00011054234981209316,-0.00011054375712227845,9.643135961697429e-07,0.008723476548209295,0.00873609628888215,-0.14478554648922873,False
A,60,formal/A/d060,0,0.019538298638721113,0.0078125,refined,0.13840778309479235,0.019537874082374874,-6.063455411756927e-05,-2.1729442982176828e-05,-5.950278136879206e-08,1,-5.2015995557220534e-05,-5.201373502456161e-05,8.618558560348735e-06,-0.1656905432266087,-0.16574120449025212,-0.27251688988827955,False
A,60,formal/A/d060,1,0.03907659727744223,0.0078125,refined,0.26836563792437274,0.039076194619534814,-0.0002664278609034315,-1.0304323699306117e-05,-1.3751559890806675e-08,1,-0.00020806398222888214,-0.0002080596943337281,5.836387867454938e-05,-0.2805092839679758,-0.2805356739401952,-0.27251688988827955,False
A,61,formal/A/d061,0,0.019538298638721113,0.0078125,refined,0.16751666839076157,0.019538414650412242,-0.000196352383479129,5.937655743304404e-06,-1.56724127009511e-07,1,-0.00019280216077770726,-0.00019280445037021923,3.5502227014217347e-06,-0.018413811790807633,-0.01840171791728401,-1.0101093837775694,False
A,61,formal/A/d061,1,0.03907659727744223,0.0078125,refined,0.33887494597672757,0.039076722256118974,-0.0007932019605503323,3.1982998893731462e-06,-9.113864507526159e-08,1,-0.000771208643110829,-0.0007712135762317537,2.1993317439503277e-05,-0.02851798619733915,-0.02851140721097859,-1.0101093837775694,False
A,62,formal/A/d062,0,0.019538298638721113,0.0078125,refined,0.12941861969003401,0.019538431531869207,-0.0003920770071259901,6.801674524048451e-06,4.575122147798538e-08,1,-0.0003969381653599611,-0.00039694356506673843,4.861158233970949e-06,0.012246638540193373,0.012260075156855331,-2.079597884132786,False
A,62,formal/A/d062,1,0.03907659727744223,0.0078125,refined,0.26077565401947345,0.03907676744747346,-0.0015519143791117244,4.354781201199032e-06,2.6407360564917326e-07,1,-0.0015877526614398443,-0.0015877664901008393,3.5838282328119926e-05,0.02257170351433717,0.02258021643147155,-2.079597884132786,False
A,63,formal/A/d063,0,0.019538298638721113,0.0078125,refined,0.14459395171987802,0.01953831985940626,-0.0001489328912944697,1.0861071140233491e-06,1.0919757187366486e-07,1,-0.00015703762725546942,-0.00015703796837502292,8.104735960999705e-06,0.05161015294643296,0.051612213048996186,-0.8227354935083013,False
A,63,formal/A/d063,1,0.03907659727744223,0.0078125,refined,0.28961790991236097,0.03907660348676346,-0.0005607651470892136,1.589012774694254e-07,4.022440407425165e-07,1,-0.0006281505090218777,-0.0006281507086497303,6.738536193266406e-05,0.10727582158230348,0.10727610529226082,-0.8227354935083013,False
B,0,formal/B/d000,0,0.019538298638721113,0.0078125,refined,0.156171875,0.0195331114553752,-0.0001773064327393755,-0.00026548797527492507,1.7587444745004177e-07,1,-0.00018124900473689618,-0.00018115277864945014,3.942571997520689e-06,0.021752240809508373,0.021232607850403092,-0.9495812689369647,False
B,0,formal/B/d000,1,0.03907659727744223,0.0078125,refined,0.3173263822898965,0.03907678251511647,-0.0006958203339905988,4.740373705569567e-06,6.304471753537655e-07,1,-0.0007249960189475847,-0.0007250028924680061,2.917568495698587e-05,0.04024254505471318,0.04025164420801952,-0.9495812689369647,False
B,1,formal/B/d001,0,0.019538298638721113,0.0078125,refined,0.15858742116314994,0.019538477522776085,-0.00034768940036389914,9.155559461904161e-06,2.119049895554781e-07,1,-0.0003444526410718655,-0.0003444589484140133,3.236759292033647e-06,-0.009396819492983188,-0.009378336561612792,-1.8046210872854922,False
B,1,formal/B/d001,1,0.03907659727744223,0.0078125,refined,0.3232084395918352,0.03907682103310204,-0.0014015453066164967,5.7260784049883995e-06,7.09842424839735e-07,1,-0.001377810564287462,-0.0013778263432352744,2.3734742329034695e-05,-0.01722641917853865,-0.017214769842132483,-1.8046210872854922,False
B,2,formal/B/d002,0,0.019538298638721113,0.0078125,refined,0.15788421647507703,0.019538261085812244,-0.0003817591320288327,-1.9220152974730453e-06,2.7513306122273207e-07,1,-0.00039873935765462754,-0.00039873782488981035,1.698022562579484e-05,0.04258477448946098,0.042581094145431625,-2.0890345067903926,False
B,2,formal/B/d002,1,0.03907659727744223,0.0078125,refined,0.31429404226442215,0.03907658198530686,-0.0014567075317331087,-3.913374354569399e-07,9.074865374714136e-07,1,-0.0015949574306185102,-0.0015949561822856534,0.00013824989888540145,0.08667936600150475,0.08667865116797585,-2.0890345067903926,False
B,3,formal/B/d003,0,0.019538298638721113,0.0078125,refined,0.13613484352332106,0.019538687271229874,-0.00014172208129547594,1.989080604958282e-05,-6.917980499565601e-08,1,-0.00013766829859208118,-0.00013767377531340177,4.053782703394756e-06,-0.029446014404567747,-0.02940506260439626,-0.7212576855758577,False
B,3,formal/B/d003,1,0.03907659727744223,0.0078125,refined,0.279538238977382,0.03907689068816347,-0.000587450367906462,7.508604681127906e-06,1.3745739124715328e-07,1,-0.0005506731943683247,-0.0005506814639740212,3.67771735381373e-05,-0.0667858430630971,-0.06676982309717872,-0.7212576855758577,False
B,4,formal/B/d004,0,0.019538298638721113,0.0078125,refined,0.11030731525744883,0.01953846683015263,-0.00022028963631575554,8.608294643774883e-06,2.7689384296536446e-07,1,-0.00021717994948739186,-0.00021718368860147727,3.1096868283636873e-06,-0.014318480300338299,-0.014301017421145083,-1.137827003912491,False
B,4,formal/B/d004,1,0.03907659727744223,0.0078125,refined,0.2244099691927627,0.039076908381564676,-0.0008929832262999163,7.961392345379181e-06,7.29953171685338e-07,1,-0.0008687197979495674,-0.0008687336304429295,2.426342835034885e-05,-0.02793009714710961,-0.02791372983295574,-1.137827003912491,False
B,5,formal/B/d005,0,0.019538298638721113,0.0078125,refined,0.13155364489443114,0.01953801481710245,-0.00031498260753011487,-1.4526424429783802e-05,2.371962182223797e-09,1,-0.00033754711634705764,-0.00033753730971293163,2.2564508816942772e-05,0.0668484715886078,0.06682136028754587,-1.7684423676264387,False
B,5,formal/B/d005,1,0.03907659727744223,0.0078125,refined,0.25578818332448283,0.03907629563944928,-0.0011887615183607475,-7.719146854157088e-06,2.533779479563236e-07,1,-0.0013501884653882306,-0.0013501676208625918,0.00016142694702748301,0.11955882542743144,0.11954523276060014,-1.7684423676264387,False
B,6,formal/B/d006,0,0.019538298638721113,0.0078125,refined,0.12532068227020882,0.01953832492249262,-0.00018283811234782923,1.3452436158356562e-06,2.5828194338828325e-07,1,-0.00018151873339057145,-0.00018151922176473442,1.3193789572577778e-06,-0.007268555330974504,-0.007265845293256116,-0.9509944037434009,False
B,6,formal/B/d006,1,0.03907659727744223,0.0078125,refined,0.2529133267916728,0.03907673112686028,-0.0007333041540416307,3.425308941373828e-06,6.616173777729273e-07,1,-0.0007260749335622858,-0.0007260799076327289,7.22922047934494e-06,-0.009956576305253742,-0.009949657514219615,-0.9509944037434009,False
B,7,formal/B/d007,0,0.019538298638721113,0.0078125,refined,0.11908704583466709,0.019538232200054628,-0.0003061940001037218,-3.4004325408787395e-06,2.153683453798294e-08,1,-0.0003100653492397829,-0.0003100632405307615,3.871349136061117e-06,0.012485591007034086,0.01247887502051644,-1.6244627009781298,False
B,7,formal/B/d007,1,0.03907659727744223,0.0078125,refined,0.2371618382119406,0.03907668105331082,-0.0012188606897092745,2.1438885275948394e-06,2.1755113266408443e-07,1,-0.0012402613969591317,-0.0012402667149291923,2.140070724985718e-05,0.017254997456445355,0.017259211234367352,-1.6244627009781298,False
B,8,formal/B/d008,0,0.019538298638721113,0.0078125,refined,0.14253205738870195,0.01953805283568182,-0.00043448615236399684,-1.2580575404208538e-05,3.475433913990855e-07,1,-0.0004465197128618908,-0.00044650847798272765,1.2033560497893973e-05,0.026949673555881664,0.02692519002784952,-2.3393604624767903,False
B,8,formal/B/d008,1,0.03907659727744223,0.0078125,refined,0.2790123678003563,0.03907632897791263,-0.0016882894967462352,-6.865990088367191e-06,9.731738828122616e-07,1,-0.0017860788514475633,-0.00178605432513238,9.778935470132802e-05,0.0547508608716086,0.05473788059548446,-2.3393604624767903,False
B,9,formal/B/d009,0,0.019538298638721113,0.0078125,refined,0.15413969344254008,0.019538498585974434,-0.00038325532603292883,1.0233606160703346e-05,9.937502909451723e-08,1,-0.0003703038352907536,-0.0003703114144167547,1.2951490742175227e-05,-0.034975308133133515,-0.03495412539891847,-1.9400580230388316,False
B,9,formal/B/d009,1,0.03907659727744223,0.0078125,refined,0.31325691905512126,0.03907660631658717,-0.001564492380091243,2.313186300284542e-07,5.61049091629684e-07,1,-0.0014812153411630144,-0.0014812160264285007,8.327703892822857e-05,-0.056222101279913464,-0.05622161263238404,-1.9400580230388316,False
B,10,formal/B/d010,0,0.019538298638721113,0.0078125,refined,0.15112053089711133,0.01953849245337569,-0.0005327896687206176,9.919730379781555e-06,2.6680936571210623e-07,1,-0.0005176714163189382,-0.0005176816866916281,1.5118252401679364e-05,-0.029204340678460373,-0.02918392212315012,-2.712131198260124,False
B,10,formal/B/d010,1,0.03907659727744223,0.0078125,refined,0.307470666972945,0.039076839965310556,-0.0021986290527554794,6.210568095355029e-06,8.975330274552107e-07,1,-0.002070685665275753,-0.0020707113856242784,0.0001279433874797264,-0.06178793315917808,-0.061774744669516705,-2.712131198260124,False
B,11,formal/B/d011,0,0.019538298638721113,0.0078125,refined,0.11558061993221977,0.01953839094305712,-7.553863798301407e-05,4.724277057777115e-06,3.1670788303017616e-07,1,-6.914179271831277e-05,-6.914244600982607e-05,6.396845264701302e-06,-0.09251778140555857,-0.09250745876532933,-0.3622406167765661,False
B,11,formal/B/d011,1,0.03907659727744223,0.0078125,refined,0.23250692027298905,0.03907673760698977,-0.0003282477039941861,3.591140409486826e-06,8.243223419412971e-07,1,-0.00027656717087325106,-0.0002765691572599042,5.168053312093506e-05,-0.186864308434568,-0.18685578408772932,-0.3622406167765661,False
B,12,formal/B/d012,0,0.019538298638721113,0.0078125,refined,0.11345618341610914,0.0195381505998514,-8.453320703673967e-05,-7.576855715618613e-06,-7.133348844945431e-08,1,-8.741548820942019e-05,-8.741416354535566e-05,2.88228117268052e-06,0.03297220242911045,0.032957548202370894,-0.4579782953243873,False
B,12,formal/B/d012,1,0.03907659727744223,0.0078125,refined,0.2254957957288895,0.03907654982256636,-0.00032811315999957055,-1.214406554650438e-06,1.0186340659856796e-09,1,-0.00034966195283768074,-0.00034966110357466157,2.154879283811019e-05,0.06162750240119354,0.06162522326561833,-0.4579782953243873,False
B,13,formal/B/d013,0,0.019538298638721113,0.0078125,refined,0.1670131578510192,0.01953848637001263,-0.00012337623123635528,9.608374556435706e-06,-8.253846317529678e-08,1,-0.0001074052601446833,-0.00010740732413453663,1.5970971091671985e-05,-0.14869822083348466,-0.14867614690611097,-0.5627066662613869,False
B,13,formal/B/d013,1,0.03907659727744223,0.0078125,refined,0.34064148648627385,0.03907678838964207,-0.0005593796952323461,4.890707307136921e-06,1.876323949545622e-07,1,-0.0004296210405787332,-0.0004296252428905342,0.00012975865465361295,-0.3020304929172414,-0.3020177573105791,-0.5627066662613869,False
B,14,formal/B/d014,0,0.019538298638721113,0.0078125,refined,0.1671210049100725,0.01953851478674476,-0.0003253827935981225,1.1062786358317922e-05,4.6206696424633265e-07,1,-0.0003193970331684819,-0.00031940410004985427,5.9857604296405524e-06,-0.018740814121723744,-0.018718274271792432,-1.6733523060780071,False
B,14,formal/B/d014,1,0.03907659727744223,0.0078125,refined,0.3418407156043517,0.039076764882982146,-0.0013234839268013244,4.289153907821586e-06,1.3075186870992184e-06,1,-0.0012775881326739277,-0.0012775990922416949,4.589579412739666e-05,-0.03592377931011231,-0.035914892894232754,-1.6733523060780071,False
B,15,formal/B/d015,0,0.019538298638721113,0.0078125,refined,0.10026747311814763,0.019538034684135466,-0.00016822087806008142,-1.3509599301797515e-05,1.5107798390090466e-07,1,-0.00017679112721742044,-0.00017678635049510886,8.570249157339028e-06,0.04847669276297562,0.04845098284476676,-0.9262260124606371,False
B,15,formal/B/d015,1,0.03907659727744223,0.0078125,refined,0.19746878104201193,0.03907627959867764,-0.0006427471394639351,-8.129642464216325e-06,4.08530468121171e-07,1,-0.0007071645088696818,-0.000707153010927178,6.441736940574665e-05,0.09109248074215452,0.09107770237561119,-0.9262260124606371,False
B,16,formal/B/d016,0,0.019538298638721113,0.0078125,refined,0.09678170826556665,0.0195382892521997,-0.00014847348965551783,-4.804165187888287e-07,-2.0867446437478065e-08,1,-0.0001471450052966227,-0.00014714486391487428,1.328484358895126e-06,-0.00902840267134516,-0.009029372179868874,-0.7709070791871767,False
B,16,formal/B/d016,1,0.03907659727744223,0.0078125,refined,0.19350909721031262,0.039076624931380595,-0.0005994352463505955,7.076854253718068e-07,9.065843187272549e-08,1,-0.0005885800211864908,-0.000588580854245791,1.0855225164104637e-05,-0.018443074473071815,-0.01844163299996113,-0.7709070791871767,False
B,17,formal/B/d017,0,0.019538298638721113,0.0078125,refined,0.16153845375662665,0.019538298410653625,-0.0004323442372952341,-1.1672842803456263e-08,1.0468647815287113e-07,1,-0.00043339100412092223,-0.00043339099400311216,1.0467668256881153e-06,0.002415294308684018,0.002415271019384694,-2.270577872890438,False
B,17,formal/B/d017,1,0.03907659727744223,0.0078125,refined,0.32310858626697797,0.03907664603501194,-0.0017236167172296965,1.2477434860880265e-06,5.556648829951882e-07,1,-0.001733564016483689,-0.0017335683425728063,9.947299253992414e-06,0.005738062834373563,0.005740543997440831,-2.270577872890438,False
B,18,formal/B/d018,0,0.019538298638721113,0.0078125,refined,0.1674080427523709,0.019538025387848604,-0.00028658780396680896,-1.3985397478100126e-05,-1.977605279535055e-08,1,-0.00030719844741175105,-0.000307189854887053,2.0610643444942084e-05,0.06709227738158705,0.06706618266354843,-1.6094427218078604,False
B,18,formal/B/d018,1,0.03907659727744223,0.0078125,refined,0.326676269091177,0.0390764494694239,-0.001075172481498585,-3.7825201942842668e-06,2.2478343453258276e-07,1,-0.0012287937896470042,-0.0012287844937899372,0.00015362130814841916,0.12501797245618404,0.1250113531442499,-1.6094427218078604,False
B,19,formal/B/d019,0,0.019538298638721113,0.0078125,refined,0.15547788220797712,0.01953820144258146,-0.00040590888284999663,-4.974647048405778e-06,1.5397381503134966e-07,1,-0.0004369138687471266,-0.00043690952177336375,3.100498589712994e-05,0.07096361117132392,0.07095436784609137,-2.2890345053387113,False
B,19,formal/B/d019,1,0.03907659727744223,0.0078125,refined,0.3045280583763209,0.039076581339169476,-0.001518105774166039,-4.07872585150848e-07,5.792680894955993e-07,1,-0.0017476554749885063,-0.0017476540493472838,0.00022954970082246723,0.13134722724682157,0.13134651864708394,-2.2890345053387113,False
B,20,formal/B/d020,0,0.019538298638721113,0.0078125,refined,0.17217562630458486,0.019538300503623134,-0.00041170695270857215,9.544853707410539e-08,6.798654794692993e-08,1,-0.00041143571470748214,-0.00041143579324935995,2.712380010900118e-07,-0.0006592475844807335,-0.0006590565615856885,-2.1555519635821,False
B,20,formal/B/d020,1,0.03907659727744223,0.0078125,refined,0.34478670070567463,0.03907661309148524,-0.0016402813676411523,4.0469345119475975e-07,5.90167474001646e-07,1,-0.0016457428588299286,-0.0016457441908729127,5.461491188776292e-06,0.003318556820388843,0.0033193635208051005,-2.1555519635821,False
B,21,formal/B/d021,0,0.019538298638721113,0.0078125,refined,0.11500395289258052,0.019537995543624547,-0.00012626976212427518,-1.551287049961214e-05,-4.090543370693922e-08,1,-0.00012978147526473968,-0.0001297774487295334,3.5117131404645014e-06,0.02705866251944663,0.027028475591075324,-0.6799378465294033,False
B,21,formal/B/d021,1,0.03907659727744223,0.0078125,refined,0.22636898660425978,0.03907656066759633,-0.0004916766297576348,-9.368739463111453e-07,5.663605406880379e-08,1,-0.0005191259010589587,-0.0005191249283483512,2.7449271301323882e-05,0.052875942512847926,0.05287416783864715,-0.6799378465294033,False
B,22,formal/B/d022,0,0.019538298638721113,0.0078125,refined,0.1948966202434449,0.01953830859203197,-0.00026196134188397665,5.094256689819332e-07,8.201459422707558e-08,1,-0.0002670484952619033,-0.00026704876734468934,5.087153377926652e-06,0.01904954893281654,0.019050548374732523,-1.399093194286015,False
B,22,formal/B/d022,1,0.03907659727744223,0.0078125,refined,0.3923346796850777,0.03907665432063782,-0.0010153333503452825,1.459778987022986e-06,5.906331352889538e-07,1,-0.0010681939810476132,-0.0010681970997041446,5.28606307023307e-05,0.049485984418755596,0.04948875949345265,-1.399093194286015,False
B,23,formal/B/d023,0,0.019538298638721113,0.0078125,refined,0.12097988837808742,0.019538548434962322,-0.00021323701422714357,1.2784953584032976e-05,5.3914845921099186e-08,1,-0.00021241611930869733,-0.0002124215508038696,8.20894918446242e-07,-0.003864560378552357,-0.003838892147185635,-1.1128688315205844,False
B,23,formal/B/d023,1,0.03907659727744223,0.0078125,refined,0.2450629062262591,0.03907690948624649,-0.0008571529132967706,7.98966199755391e-06,2.8782233130186796e-07,1,-0.0008496644772347893,-0.0008496780543529963,7.488436061981276e-06,-0.00881340371713808,-0.008797283754099319,-1.1128688315205844,False
B,24,formal/B/d024,0,0.019538298638721113,0.0078125,refined,0.11269423052135628,0.019538346851642043,-0.00010540531574266578,2.467611014633775e-06,2.6955967769026756e-07,1,-0.00011005296710478239,-0.00011005351024128017,4.647651362116613e-06,0.042231040964952296,0.04223576774992224,-0.5765782620728718,False
B,24,formal/B/d024,1,0.03907659727744223,0.0078125,refined,0.22592128914019063,0.03907663029386201,-0.0004015718408590923,8.449154247358592e-07,7.507915142923594e-07,1,-0.00044021186841912955,-0.00044021261230303937,3.8640027560037256e-05,0.0877759786413749,0.08777752014371418,-0.5765782620728718,False
B,25,formal/B/d025,0,0.019538298638721113,0.0078125,refined,0.09396647613465939,0.01953827898256004,-6.744429556222709e-05,-1.0060323796245996e-06,-1.1175870895385742e-07,1,-6.537244125421936e-05,-6.537230972070024e-05,2.071854308007733e-06,-0.03169308455149682,-0.03169516038792724,-0.3424926156687035,False
B,25,formal/B/d025,1,0.03907659727744223,0.0078125,refined,0.18693339584992152,0.03907655897994456,-0.000278007702754142,-9.8006224524827e-07,-1.1724478099495173e-07,1,-0.00026148976501687743,-0.00026148925246463617,1.6517937737264593e-05,-0.06316858228159894,-0.06317066622743822,-0.3424926156687035,False
B,26,formal/B/d026,0,0.019538298638721113,0.0078125,refined,0.16480729220490906,0.019538423318272866,-0.0005926277291688445,6.381290104107151e-06,8.188362699002028e-08,1,-0.0005637837901204541,-0.0005637909854792532,2.8843939048390447e-05,-0.05116134864790606,-0.051147933245293924,-2.953718436169108,False
B,26,formal/B/d026,1,0.03907659727744223,0.0078125,refined,0.34166103781752644,0.039076920055220336,-0.0025179713457997837,8.26013011878679e-06,5.406909622251987e-07,1,-0.0022551351604818163,-0.0022551724160554056,0.00026283618531796737,-0.11655008086602296,-0.11653163539666211,-2.953718436169108,False
B,27,formal/B/d027,0,0.019538298638721113,0.0078125,refined,0.12334517523267413,0.019538002101158383,-0.00017476021976801925,-1.5177245890951596e-05,-1.7942511476576328e-08,1,-0.00018828787157534088,-0.0001882821562360624,1.3527651807321625e-05,0.07184558248038146,0.07181740818333182,-0.9864585809753464,False
B,27,formal/B/d027,1,0.03907659727744223,0.0078125,refined,0.24169556203700962,0.03907651196893656,-0.000651273608846932,-2.1831098819813377e-06,1.2597593013197184e-07,1,-0.0007531514863013635,-0.0007531481978800483,0.00010187787745443149,0.13526877302565185,0.1352649974067143,-0.9864585809753464,False
B,28,formal/B/d028,0,0.019538298638721113,0.0078125,refined,0.086015625,0.01955123425606587,-0.00013073628567671753,0.000662064675330587,1.4028046280145645e-08,1,-0.00013151136302799025,-0.00013168555872904874,7.750773512727176e-07,0.005893615071936817,0.007208634428049947,-0.6890008977705978,False
B,28,formal/B/d028,1,0.03907659727744223,0.0078125,refined,0.17121033363392624,0.03907657579928693,-0.0005193415626666316,-5.496424149153967e-07,1.2571399565786123e-07,1,-0.000526045452111961,-0.0005260448738383346,6.703889445329393e-06,0.012743935753868223,0.01274285047735892,-0.6890008977705978,False
B,29,formal/B/d029,0,0.019538298638721113,0.0078125,refined,0.1502453167479835,0.019538174901321707,-0.00024153614947347406,-6.333069306307948e-06,3.1481613405048847e-07,1,-0.0002589992040975719,-0.00025899592358814014,1.746305462409784e-05,0.06742512852479285,0.06741331628999274,-1.3569221703459704,False
B,29,formal/B/d029,1,0.03907659727744223,0.0078125,refined,0.296654876116868,0.03907532399750595,-0.0008971326217993708,-3.258420704443932e-05,9.06788045540452e-07,1,-0.0010359968163902876,-0.0010359293032207119,0.00013886419459091678,0.13403920976780584,0.1339827737180724,-1.3569221703459704,False
B,30,formal/B/d030,0,0.019538298638721113,0.0078125,refined,0.14085106827099197,0.01953828953328292,-0.0004320497798779024,-4.660302496128921e-07,-2.3096799850463867e-07,1,-0.00043795638119580006,-0.0004379559729940519,5.906601317897677e-06,0.01348673423086162,0.01348581474017188,-2.2944963300551064,False
B,30,formal/B/d030,1,0.03907659727744223,0.0078125,refined,0.2801908158589195,0.03907657663756249,-0.001706980705951012,-5.281903024956236e-07,-2.1337473299354315e-07,1,-0.0017518255247832002,-0.0017518236741891815,4.48448188321883e-05,0.025598907081650232,0.025597877742418795,-2.2944963300551064,False
B,31,formal/B/d031,0,0.019538298638721113,0.0078125,refined,0.12674648695139323,0.019538768937938353,-0.0003195842955163895,2.4070633064754432e-05,6.066547939553857e-07,1,-0.000303609423479388,-0.00030362403979735297,1.5974872037001508e-05,-0.05261652241860022,-0.05256584995604709,-1.590639474281698,False
B,31,formal/B/d031,1,0.03907659727744223,0.0078125,refined,0.2633132766782266,0.039077131863113145,-0.0013508235474131132,1.368045603156176e-05,1.5643745427951217e-06,1,-0.001214437693917552,-0.0012144709222677893,0.00013638585349556127,-0.11230370580445809,-0.1122732727850839,-1.590639474281698,False
B,32,formal/B/d032,0,0.019538298638721113,0.0078125,refined,0.09098049501836136,0.019538621092819067,-0.0001654798399772263,1.650369379224692e-05,1.3002136256545782e-07,1,-0.0001624496688603472,-0.00016245503094377696,3.030171116879079e-06,-0.01865298426359995,-0.018619362022073448,-0.8510897089819786,False
B,32,formal/B/d032,1,0.03907659727744223,0.0078125,refined,0.18380153157654186,0.03907700598669959,-0.0006745779842152466,1.0459182370858855e-05,3.691529855132103e-07,1,-0.0006497986754413888,-0.000649812268238175,2.4779308773857775e-05,-0.038133824691202904,-0.03811210896990064,-0.8510897089819786,False
B,33,formal/B/d033,0,0.019538298638721113,0.0078125,refined,0.08692581562946272,0.019538284348770925,-2.0024774573416254e-05,-7.313815011400493e-07,-2.8390786610543728e-08,1,-2.0441573211585812e-05,-2.0441543310419745e-05,4.167986381695577e-07,0.02038975346248428,0.020388320523287002,-0.10709540202718758,False
B,33,formal/B/d033,1,0.03907659727744223,0.0078125,refined,0.1737107898584487,0.039076609151464596,-7.801577618383494e-05,3.0386531069126477e-07,5.926995072513819e-08,1,-8.176629284634325e-05,-8.176634253823075e-05,3.750516662508305e-06,0.04586873798420024,0.04586931783872058,-0.10709540202718758,False
B,34,formal/B/d034,0,0.019538298638721113,0.0078125,refined,0.1555108644837167,0.019538293616898655,-0.0003393592767885773,-2.5702455219711595e-07,1.2711097951978445e-07,1,-0.0003384544358823476,-0.0003384542619001703,9.048409062297163e-07,-0.002673449688643626,-0.002673965112231192,-1.773195903442553,False
B,34,formal/B/d034,1,0.03907659727744223,0.0078125,refined,0.3100945856267964,0.039076390272078765,-0.001356430620432711,-5.297425515138343e-06,5.432957550510764e-07,1,-0.0013538177435293904,-0.0013538034000700673,2.6128769033205e-06,-0.0019300063954759185,-0.0019406217789876858,-1.773195903442553,False
B,35,formal/B/d035,0,0.019538298638721113,0.0078125,refined,0.10389675406201833,0.01953873116018107,-9.690073168156736e-05,2.2137109681574785e-05,-7.743074093014002e-08,1,-9.114917736223338e-05,-9.11532129655745e-05,5.751554319333971e-06,-0.06310045231101627,-0.06305338593126172,-0.47753945809430787,False
B,35,formal/B/d035,1,0.03907659727744223,0.0078125,refined,0.2119084467671147,0.03907683835860363,-0.0004134555612425126,6.1694512367704846e-06,-3.998866304755211e-08,1,-0.00036459670944893354,-0.00036460120818605096,4.885885179357907e-05,-0.13400793404698125,-0.13399394176316592,-0.47753945809430787,False
B,36,formal/B/d036,0,0.019538298638721113,0.0078125,refined,0.08326632045430919,0.019538054485370705,-7.307847223960579e-05,-1.2496141804541061e-05,1.0433723218739033e-07,1,-7.330594157607353e-05,-7.33041095046384e-05,2.2746933646774397e-07,0.0031030136381467355,0.0030780984389196047,-0.3840570000562142,False
B,36,formal/B/d036,1,0.03907659727744223,0.0078125,refined,0.16550873768084404,0.039076468881036074,-0.00029133117535250046,-3.2857621977688822e-06,3.074819687753916e-07,1,-0.0002932237663042941,-0.0002932218393803262,1.892590951793659e-06,0.006454425490973387,0.006447896349812539,-0.3840570000562142,False
B,37,formal/B/d037,0,0.019538298638721113,0.0078125,refined,0.1432749043659293,0.01953779298744573,-7.864661733525879e-05,-2.5880005456557775e-05,2.607121132314205e-07,1,-8.964259730965007e-05,-8.963795746787539e-05,1.099597997439128e-05,0.122664673987615,0.1226192613386544,-0.46964633779737774,False
B,37,formal/B/d037,1,0.03907659727744223,0.0078125,refined,0.27653710130830544,0.039076290497222055,-0.0002703678953982296,-7.850740380344057e-06,7.465423550456762e-07,1,-0.0003585703892386003,-0.0003585647591746325,8.820249384037068e-05,0.24598376354406354,0.24597192423321282,-0.46964633779737774,False
B,38,formal/B/d038,0,0.019538298638721113,0.0078125,refined,0.1326356225507075,0.01953837401960015,-0.00028675207657360546,3.858108652554648e-06,6.183108780533075e-08,1,-0.00025852695958244565,-0.0002585289544364932,2.822511699115981e-05,-0.10917668716928793,-0.10916812857046986,-1.354448035127556,False
B,38,formal/B/d038,1,0.03907659727744223,0.0078125,refined,0.2796111557909319,0.03907638819223901,-0.0012806858796053531,-5.350650204460905e-06,4.07657353207469e-07,1,-0.0010341078383297826,-0.0010340967720607554,0.00024657804127557054,-0.23844519124216856,-0.2384584443225688,-1.354448035127556,False
B,39,formal/B/d039,0,0.019538298638721113,0.0078125,refined,0.101640625,0.019541874005861378,-0.00018909447350169434,0.00018299275727007291,4.071625880897045e-08,1,-0.00019603840013194849,-0.00019611015391130074,6.94392663025414e-06,0.035421257394369465,0.035774182364772096,-1.0270643583830579,False
B,39,formal/B/d039,1,0.03907659727744223,0.0078125,refined,0.20189214346868958,0.03907651708704162,-0.0007297672789976471,-2.052133660335187e-06,1.8910213839262724e-07,1,-0.0007841536005277939,-0.0007841503821550993,5.438632153014682e-05,0.06935671977217316,0.0693529001516135,-1.0270643583830579,False
B,40,formal/B/d040,0,0.019538298638721113,0.0078125,refined,0.09756354033179723,0.01953851405900252,-0.00015617688612067386,1.1025539397913064e-05,1.249427441507578e-07,1,-0.00015399387052590614,-0.00015399726627559905,2.1830155947677216e-06,-0.014175990169689751,-0.014153626864869697,-0.806788954205701,False
B,40,formal/B/d040,1,0.03907659727744223,0.0078125,refined,0.19641612584261753,0.039076719932546064,-0.0006351887847025972,3.1388378820551566e-06,4.22573066316545e-07,1,-0.0006159754821036245,-0.0006159793490040486,1.92133025989727e-05,-0.031191667780927163,-0.031185194324464826,-0.806788954205701,False
B,41,formal/B/d041,0,0.019538298638721113,0.0078125,refined,0.12888656355023398,0.019538337595548412,-9.394366254639836e-05,1.993869989336261e-06,1.4160468708723783e-07,1,-9.588079778198899e-05,-9.588118013006066e-05,1.9371352355906213e-06,0.020203578614304232,0.02020748577597915,-0.5023288804077808,False
B,41,formal/B/d041,1,0.03907659727744223,0.0078125,refined,0.25834348835885007,0.03907661871535307,-0.000366356940045217,5.486125285170118e-07,5.067267920821905e-07,1,-0.00038352319112795594,-0.0003835236119393267,1.7166251082738955e-05,0.044759356095917885,0.04476040420902557,-0.5023288804077808,False
B,42,formal/B/d042,0,0.019538298638721113,0.0078125,refined,0.15040624830431176,0.019538077231399643,-0.0003712981174341101,-1.1331965262928456e-05,6.641494110226631e-08,1,-0.00039721199806278185,-0.0003972029957286611,2.591388062867173e-05,0.06523942064956427,0.06521823494062265,-2.081032520454229,False
B,42,formal/B/d042,1,0.03907659727744223,0.0078125,refined,0.2945271948707829,0.03907638116801316,-0.0013926101524483966,-5.53040551443118e-06,3.984314389526844e-07,1,-0.0015888479922511274,-0.001588830418352327,0.00019623783980273076,0.12350951177191917,0.12349981699583627,-2.081032520454229,False
B,43,formal/B/d043,0,0.019538298638721113,0.0078125,refined,0.16842519016931368,0.01953855690015349,-0.0002626923363203788,1.3218215012100742e-05,2.1017331164330244e-07,1,-0.0002569372307317385,-0.00025694402327975166,5.7551055886402905e-06,-0.022398877625676005,-0.022371849585186017,-1.3461192901421062,False
B,43,formal/B/d043,1,0.03907659727744223,0.0078125,refined,0.3279073509393914,0.03907656972718714,-0.0009663669781934418,-7.050320909307572e-07,7.021735655143857e-07,1,-0.001027748922926954,-0.0010277474737355207,6.138194473351223e-05,0.05972465002317971,0.059723324173185474,-1.3461192901421062,False
B,44,formal/B/d044,0,0.019538298638721113,0.0078125,refined,0.1427776179619619,0.019538567828763342,-0.0003113965652260294,1.3777557975158672e-05,2.532469807192683e-07,1,-0.0003081073386243989,-0.00030811582861632505,3.2892266016305415e-06,-0.010675586684549257,-0.010647737977102233,-1.6142044917954235,False
B,44,formal/B/d044,1,0.03907659727744223,0.0078125,refined,0.2926356517597044,0.0390769861447806,-0.0012636970642618262,9.951412494046963e-06,7.846247171983123e-07,1,-0.0012324293544975955,-0.0012324538834453966,3.126770976423065e-05,-0.025370792776172595,-0.02535038530536123,-1.6142044917954235,False
B,45,formal/B/d045,0,0.019538298638721113,0.0078125,refined,0.0687498750383659,0.0195385247791284,-0.00010890582496192805,1.1574211832288128e-05,1.0186340659856796e-07,1,-0.00010775643100715917,-0.00010775892541311199,1.1493939547688843e-06,-0.010666592648122508,-0.01064319771582005,-0.5645464847679083,False
B,45,formal/B/d045,1,0.03907659727744223,0.0078125,refined,0.13835923537463163,0.039076984525090806,-0.0004405345794697207,9.909963393894827e-06,2.7996429707854986e-07,1,-0.00043102572402863666,-0.0004310342669692605,9.508855441084049e-06,-0.02206099290828474,-0.022040736035350346,-0.5645464847679083,False
B,46,formal/B/d046,0,0.019538298638721113,0.0078125,refined,0.10229450586421027,0.019538250793961008,-0.0003166597076929333,-2.448767980722799e-06,-2.3901520762592554e-07,1,-0.0003153622176189224,-0.0003153606731230118,1.2974900740108709e-06,-0.004114285103038985,-0.004119202806923154,-1.6522135126537951,False
B,46,formal/B/d046,1,0.03907659727744223,0.0078125,refined,0.20358830048854537,0.039076580120647714,-0.0012715787422015994,-4.390554886324338e-07,-3.059249138459563e-07,1,-0.0012614488704756897,-0.0012614477627838324,1.012987172590977e-05,-0.008030346661684208,-0.008031231824780013,-1.6522135126537951,False
B,47,formal/B/d047,0,0.019538298638721113,0.0078125,refined,0.14211451630902974,0.019538191240005394,-0.0004519539103682597,-5.496830492002225e-06,3.928143996745348e-07,1,-0.0004856979903533248,-0.00048569265076895367,3.3744079985065115e-05,0.06947543670196725,0.06946520674603264,-2.544619291396071,False
B,47,formal/B/d047,1,0.03907659727744223,0.0078125,refined,0.28099088793880084,0.0390765861975664,-0.0016887355379080413,-2.8354249348439e-07,1.0574585758149624e-06,1,-0.0019427919614132992,-0.0019427908596853013,0.0002540564235052579,0.13076872282323146,0.13076822989501433,-2.544619291396071,False
B,48,formal/B/d048,0,0.019538298638721113,0.0078125,refined,0.10810250876700393,0.01953832943881056,-0.00015418206420931353,1.5763956737746554e-06,1.594453351572156e-07,1,-0.0001543671040097343,-0.00015436759069738777,1.8503980042075714e-07,0.0011986996945222775,0.0012018486991736946,-0.8087443609440594,False
B,48,formal/B/d048,1,0.03907659727744223,0.0078125,refined,0.2167099132829639,0.039076675226253715,-0.0006159863361398668,1.994769680990771e-06,4.684989107772708e-07,1,-0.0006174684160389372,-0.0006174708794559448,1.4820798990703484e-06,0.002400252159580725,0.0024042321111336982,-0.8087443609440594,False
B,49,formal/B/d049,0,0.019538298638721113,0.0078125,refined,0.1618169774133184,0.019538276367880865,-0.0004638355504977343,-1.1398556578612329e-06,4.99130692332983e-08,1,-0.0004743053244761751,-0.00047430424319757605,1.0469773978440784e-05,0.02207391196800004,0.02207168257501947,-2.4849320002249957,False
B,49,formal/B/d049,1,0.03907659727744223,0.0078125,refined,0.3228845988145717,0.03907661679284155,-0.001820751053868721,4.994139890523996e-07,3.8660073187202215e-07,1,-0.0018972212979047004,-0.0018972231929028866,7.64702440359795e-05,0.0403064440191735,0.040307402587229514,-2.4849320002249957,False
B,50,formal/B/d050,0,0.019538298638721113,0.0078125,refined,0.08189372508680508,0.019538322514259396,-2.178681777185998e-05,1.2219865570539667e-06,1.3825774658471346e-07,1,-2.320900029479368e-05,-2.320905701700106e-05,1.4221825229337018e-06,0.061277198710395574,0.06127949291947813,-0.12159422327686972,False
B,50,formal/B/d050,1,0.03907659727744223,0.0078125,refined,0.16392658347472547,0.039076603677574005,-8.132624668329104e-05,1.6378426548335767e-07,3.6052369978278875e-07,1,-9.283600117917472e-05,-9.283603158932972e-05,1.1509754495883686e-05,0.12397942985146146,0.12397971680816204,-0.12159422327686972,False
B,51,formal/B/d051,0,0.019538298638721113,0.0078125,refined,0.13414855075268708,0.019538085567789513,-0.0002882862818110762,-1.0905296082275306e-05,3.307068254798651e-07,1,-0.00030894777337204583,-0.0003089410350749024,2.0661491560969606e-05,0.06687697190841478,0.06685661960968856,-1.6186076116651726,False
B,51,formal/B/d051,1,0.03907659727744223,0.0078125,refined,0.26255431072604335,0.039076442263194705,-0.001082894893970893,-3.966933108889847e-06,9.026261977851391e-07,1,-0.0012357910934881833,-0.0012357812889064216,0.0001528961995172903,0.12372333829152354,0.12371638598835086,-1.6186076116651726,False
B,52,formal/B/d052,0,0.019538298638721113,0.0078125,refined,0.15689541994713885,0.019538396298952793,-0.0003978785873115713,4.998399987909963e-06,4.2728788685053587e-07,1,-0.000375956529829046,-0.0003759602882006672,2.192205748252526e-05,-0.05831008572319146,-0.05829950608827406,-1.969673042775776,False
B,52,formal/B/d052,1,0.03907659727744223,0.0078125,refined,0.32285291893658397,0.03907690454245347,-0.00168594277172515,7.863146554321077e-06,1.2585223885253072e-06,1,-0.001503826119316184,-0.0015038497690195013,0.000182116652408966,-0.12110220062661076,-0.12108457005274673,-1.969673042775776,False
B,53,formal/B/d053,0,0.019538298638721113,0.0078125,refined,0.07637487087033805,0.01953836215886601,-4.906337906770714e-05,3.2510581433609076e-06,1.4030956663191319e-07,1,-4.976933316553604e-05,-4.9769656772053826e-05,7.059540978288941e-07,0.014184519922757351,0.014190929778387902,-0.2607464058082948,False
B,53,formal/B/d053,1,0.03907659727744223,0.0078125,refined,0.1530331541521342,0.039076699555648124,-0.00019335031243150613,2.617377484748218e-06,3.657769411802292e-07,1,-0.00019907733266214415,-0.00019907837478456446,5.727020230638014e-06,0.028767816777801568,0.0287729009203387,-0.2607464058082948,False
B,54,formal/B/d054,0,0.019538298638721113,0.0078125,refined,0.10016747081539229,0.01953826319047225,-0.00018877597555553172,-1.8142955801048188e-06,1.3546377886086702e-07,1,-0.00018990487434800886,-0.00018990418526148559,1.1288987924771372e-06,0.005944548797670046,0.005940941767030523,-0.994930216706387,False
B,54,formal/B/d054,1,0.03907659727744223,0.0078125,refined,0.19994672660786017,0.039076577220253934,-0.0007504359882592689,-5.132787829209562e-07,3.9038422983139753e-07,1,-0.0007596194973920354,-0.0007596187175990932,9.183509132766501e-06,0.012089617452284722,0.01208860330462613,-0.994930216706387,False
B,55,formal/B/d055,0,0.019538298638721113,0.0078125,refined,0.12542342209200988,0.01953833234116842,-0.0002233578794258468,1.724942786829331e-06,8.250935934484005e-08,1,-0.00022106611410921252,-0.0002210668767626682,2.29176531663428e-06,-0.010366877465001657,-0.010363391823905645,-1.1581870005825041,False
B,55,formal/B/d055,1,0.03907659727744223,0.0078125,refined,0.2530798886145879,0.03907676449695686,-0.0009006881220766103,4.2792752257270195e-06,3.3037213142961264e-07,1,-0.0008842644564368501,-0.0008842720244750055,1.642366563976022e-05,-0.01857325093212442,-0.018564533477524663,-1.1581870005825041,False
B,56,formal/B/d056,0,0.019538298638721113,0.0078125,refined,0.117109375,0.019531250939852616,-0.00028476687922297274,-0.00036071200460263686,1.940352376550436e-07,1,-0.0002919950066583027,-0.00029178439244232154,7.2281274353299405e-06,0.02475428439017251,0.024050337856011236,-1.5297904082195775,False
B,56,formal/B/d056,1,0.03907659727744223,0.0078125,refined,0.23263805507083088,0.039076536521964786,-0.0011142486008018579,-1.55477911778501e-06,5.913461791351438e-07,1,-0.0011679800266332107,-0.0011679763947341232,5.373142583135282e-05,0.04600371976072027,0.04600075324681188,-1.5297904082195775,False
B,57,formal/B/d057,0,0.019538298638721113,0.0078125,refined,0.10287561147448239,0.01953829489427507,-0.00010446393354400767,-1.9164647413472125e-07,-1.0371149983257055e-07,1,-9.878898460501592e-05,-9.878894673989838e-05,5.674948938991757e-06,-0.05744515911041783,-0.057445564421807,-0.5175651557060887,False
B,57,formal/B/d057,1,0.03907659727744223,0.0078125,refined,0.20557573200731583,0.039076305983335245,-0.00044031199469615756,-7.454438904042071e-06,-6.043410394340754e-08,1,-0.00039515593842006367,-0.0003951500471104209,4.515605627609389e-05,-0.11427401662401826,-0.11429062938493482,-0.5175651557060887,False
B,58,formal/B/d058,0,0.019538298638721113,0.0078125,refined,0.104136496644243,0.019538330872630606,-0.00018088435448505814,1.649780776213916e-06,1.6285048332065344e-07,1,-0.00017960367743531875,-0.0001796042700491963,1.280677049739394e-06,-0.007130572536303487,-0.007127249455211689,-0.9409612382277397,False
B,58,formal/B/d058,1,0.03907659727744223,0.0078125,refined,0.20855741611380577,0.03907666230554552,-0.0007291419147843776,1.6641188798072193e-06,4.32410161010921e-07,1,-0.000718414709741275,-0.0007184171007982287,1.0727205043102594e-05,-0.014931772550934846,-0.01492839462511771,-0.9409612382277397,False
B,59,formal/B/d059,0,0.019538298638721113,0.0078125,refined,0.14402714763092467,0.01953877517042049,-0.00010663565442608526,2.4389621030351805e-05,5.405599949881434e-07,1,-0.00010792267651711391,-0.0001079279409676738,1.2870220910286487e-06,0.011925409307510626,0.011973605073922429,-0.565417461259763,False
B,59,formal/B/d059,1,0.03907659727744223,0.0078125,refined,0.29899642275177146,0.03907713876781196,-0.0004300178735496948,1.3857152553198304e-05,1.4351971913129091e-06,1,-0.00043169070606845564,-0.00043170267015928875,1.672832518760832e-06,0.003875071886526928,0.0039026782228895863,-0.565417461259763,False
B,60,formal/B/d060,0,0.019538298638721113,0.0078125,refined,0.10253098222966324,0.01953839520400738,-0.00017203638085562783,4.942359007387154e-06,1.2473901733756065e-07,1,-0.00016862872044521088,-0.00016863038729668077,3.4076604104169483e-06,-0.02020806658213439,-0.02019798218784081,-0.8834623647838639,False
B,60,formal/B/d060,1,0.03907659727744223,0.0078125,refined,0.2067166497625426,0.03907683491504848,-0.000701973497410387,6.081328027818245e-06,3.74813680537045e-07,1,-0.0006745148817808435,-0.0006745230856983002,2.74586156295435e-05,-0.04070868763791793,-0.04069602997155943,-0.8834623647838639,False
B,61,formal/B/d061,0,0.019538298638721113,0.0078125,refined,0.16253860582462465,0.01953839699743899,-0.0003616713101814665,5.034149579419278e-06,4.834146238863468e-07,1,-0.00036474119514752045,-0.0003647448674802323,3.0698849660539635e-06,0.008416611578004895,0.008426595060812987,-1.9109148070883841,False
B,61,formal/B/d061,1,0.03907659727744223,0.0078125,refined,0.32981328437001756,0.03907672341012151,-0.0014310486951245732,3.2278316963729736e-06,1.2966047506779432e-06,1,-0.0014589647805900818,-0.0014589741991908082,2.7916085465508594e-05,0.01913417365305958,0.01914050576200958,-1.9109148070883841,False
B,62,formal/B/d062,0,0.019538298638721113,0.0078125,refined,0.11832686948316459,0.019538609073379943,-0.0002139779226105051,1.588852051903622e-05,-1.1164229363203049e-07,1,-0.00020139283719426866,-0.0002013992369135616,1.2585085416236437e-05,-0.062490233473877436,-0.062456471482769976,-1.055116778022337,False
B,62,formal/B/d062,1,0.03907659727744223,0.0078125,refined,0.2436011640064572,0.039076940485308784,-0.0009146984109467578,8.782951701702402e-06,6.592017598450184e-09,1,-0.0008055713487770746,-0.0008055854994277139,0.00010912706216968313,-0.1354654213253081,-0.13544547611216623,-1.055116778022337,False
B,63,formal/B/d063,0,0.019538298638721113,0.0078125,refined,0.13222866232651537,0.019538296508788314,-0.0001583530958242916,-1.0901321756406901e-07,2.782326191663742e-07,1,-0.000166132195331527,-0.00016613215911031869,7.7790995072354e-06,0.046824755982497725,0.04682454816506329,-0.8703828254571447,False
B,63,formal/B/d063,1,0.03907659727744223,0.0078125,refined,0.264455500450388,0.039076622974840935,-0.00060412039603707,6.5761607959125e-07,7.529306458309293e-07,1,-0.000664528781326108,-0.0006645296553360195,6.0408385289038055e-05,0.09090409172118837,0.09090528739218348,-0.8703828254571447,False
