anchor,direction_index,direction_id,budget_index,epsilon_ev_A,actual_e_ev_A,time_fs,C_A2_per_eV,predicted_W_meV,observed_W_meV,signed_error_over_abs_prediction_percent,highlight
A,0,formal/A/d000,0,0.019538298638721113,0.019538263845385703,0.10130785513378518,-0.44500869852097735,-0.08493994810626665,-0.08032035835286999,5.438653844734149,
A,0,formal/A/d000,1,0.03907659727744223,0.039076418303112356,0.20076708640502716,-0.44500869852097735,-0.3397597924250666,-0.3039148899626233,10.550071921870753,
A,1,formal/A/d001,0,0.019538298638721113,0.019538362533077808,0.15736622723138632,-1.5902300417490272,-0.30353127404502034,-0.30893265785891455,-1.7795147570503813,
A,1,formal/A/d001,1,0.03907659727744223,0.0390767437342474,0.31825865952824944,-1.5902300417490272,-1.2141250961800814,-1.2276316635156381,-1.112452693552873,
A,2,formal/A/d002,0,0.019538298638721113,0.019538383062926584,0.11944844023295724,-1.350426469607891,-0.25775935308917575,-0.25967729985983123,-0.7440842583089401,
A,2,formal/A/d002,1,0.03907659727744223,0.039076685432853864,0.2400941621244525,-1.350426469607891,-1.031037412356703,-1.0409619520939244,-0.962578042103877,
A,3,formal/A/d003,0,0.019538298638721113,0.0195380328710551,0.13760403385033848,-1.7836198026116121,-0.34044407216907085,-0.316313159203439,7.088069653228689,
A,3,formal/A/d003,1,0.03907659727744223,0.03907650214134486,0.2705868363100996,-1.7836198026116121,-1.3617762886762834,-1.1868843801811184,12.842925078771128,
A,4,formal/A/d004,0,0.019538298638721113,0.019538284684832482,0.12199149446624138,-1.2780008541224053,-0.24393529068017633,-0.24160315896874263,0.9560452302456502,
A,4,formal/A/d004,1,0.03907659727744223,0.0390766192795475,0.24381923775280387,-1.2780008541224053,-0.9757411627207053,-0.9579145581204707,1.8269808921997188,
A,5,formal/A/d005,0,0.019538298638721113,0.01953799944588838,0.13007148107852035,-0.06925811012199651,-0.013219472561440675,-0.012899350941390341,2.421591470934191,
A,5,formal/A/d005,1,0.03907659727744223,0.03907644620125968,0.2555766817844473,-0.06925811012199651,-0.0528778902457627,-0.04921191268332514,6.93291193237673,
A,6,formal/A/d006,0,0.019538298638721113,0.019537992557138624,0.14255807462597625,-2.3106827586993264,-0.44104592621735883,-0.4227884925460147,4.13957653524417,
A,6,formal/A/d006,1,0.03907659727744223,0.03907621213369432,0.27773479029706644,-2.3106827586993264,-1.7641837048694353,-1.6226105051856663,8.02485587487311,
A,7,formal/A/d007,0,0.019538298638721113,0.01953840253563558,0.17016887184523122,-1.5976180721955222,-0.3049414463064132,-0.32397741794519197,-6.242500607690731,
A,7,formal/A/d007,1,0.03907659727744223,0.03907677565428208,0.34571539416670394,-1.5976180721955222,-1.2197657852256527,-1.3705368081490619,-12.360653557397246,
A,8,formal/A/d008,0,0.019538298638721113,0.019538259346792857,0.1672635688192472,-0.5893242340103183,-0.11248582335799472,-0.09634536762019759,14.348879935233168,
A,8,formal/A/d008,1,0.03907659727744223,0.039076627011616405,0.33339064940747565,-0.5893242340103183,-0.44994329343197886,-0.31072727782852255,30.940791347632917,
A,9,formal/A/d009,0,0.019538298638721113,0.019538315957890216,0.1738196331166261,-0.9671372482783519,-0.1845999594017561,-0.18992110368032736,-2.8825273287251973,
A,9,formal/A/d009,1,0.03907659727744223,0.03907677935843074,0.34846784465547065,-0.9671372482783519,-0.7383998376070244,-0.787152514981966,-6.602476719515171,
A,10,formal/A/d010,0,0.019538298638721113,0.019538289945950006,0.11197498403184132,-0.5105323701010671,-0.09744661883482214,-0.0986360583448856,-1.2206062398938895,
A,10,formal/A/d010,1,0.03907659727744223,0.03907662408437098,0.2238604641459574,-0.5105323701010671,-0.38978647533928856,-0.3975508828961342,-1.9919643312629394,
A,11,formal/A/d011,0,0.019538298638721113,0.019538175732255646,0.09846471798134548,-1.113031975688137,-0.21244725905309295,-0.20575394222799132,3.150578103447736,
A,11,formal/A/d011,1,0.03907659727744223,0.039076650447792655,0.196148466297296,-1.113031975688137,-0.8497890362123718,-0.8037385764658213,5.419046114292529,
A,12,formal/A/d012,0,0.019538298638721113,0.019538324102385124,0.13298826494546576,-1.0319701083041726,-0.19697477316264816,-0.20984337884547227,-6.533123747881202,
A,12,formal/A/d012,1,0.03907659727744223,0.03907697514155619,0.2707621815634069,-1.0319701083041726,-0.7878990926505927,-0.9037725131499607,-14.706632052279055,
A,13,formal/A/d013,0,0.019538298638721113,0.01953826858126265,0.14604167991681777,-1.752520053037794,-0.334507983450586,-0.3227977760359591,3.500725840331618,
A,13,formal/A/d013,1,0.03907659727744223,0.039076585536368925,0.29136203771277563,-1.752520053037794,-1.338031933802344,-1.2417806684487405,7.193495380942227,
A,14,formal/A/d014,0,0.019538298638721113,0.019538222077245537,0.1325865431269275,-1.8141623308858557,-0.3462738026333758,-0.32867024359278796,5.083710897767787,
A,14,formal/A/d014,1,0.03907659727744223,0.03907617207984677,0.2556945036109322,-1.8141623308858557,-1.3850952105335033,-1.2560964309404212,9.313351068725078,
A,15,formal/A/d015,0,0.019538298638721113,0.01953883427627445,0.12165061523578359,-1.0388779266701784,-0.19829328611640878,-0.21445572840248298,-8.150776358906063,
A,15,formal/A/d015,1,0.03907659727744223,0.03907672450920638,0.2504938118497905,-1.0388779266701784,-0.7931731444656351,-0.9274751715460504,-16.93224588067658,
A,16,formal/A/d016,0,0.019538298638721113,0.019538288298571665,0.17208909083669968,-1.4711579849160665,-0.2808036861081717,-0.27881169235738834,0.7093901716147625,
A,16,formal/A/d016,1,0.03907659727744223,0.039076521823608525,0.3409643577715458,-1.4711579849160665,-1.1232147444326868,-1.109320501648284,1.2370068015284366,
A,17,formal/A/d017,0,0.019538298638721113,0.01953843298505138,0.1466725234167185,-2.032080225692928,-0.38786834839811896,-0.385517542120648,0.6060835557167056,
A,17,formal/A/d017,1,0.03907659727744223,0.039076679087083434,0.29763229295478,-2.032080225692928,-1.5514733935924758,-1.526858569394822,1.5865450415915758,
A,18,formal/A/d018,0,0.019538298638721113,0.019538012436514478,0.12827716162737648,-0.42506309586510654,-0.08113287992946783,-0.07381190442856461,9.023438471884203,
A,18,formal/A/d018,1,0.03907659727744223,0.03907634458967291,0.25258680228528424,-0.42506309586510654,-0.3245315197178713,-0.264330852010837,18.550021815868373,
A,19,formal/A/d019,0,0.019538298638721113,0.019538299544634437,0.10951169976258338,-1.610260259921356,-0.30735449300179457,-0.3128908270191889,-1.8012861836908414,
A,19,formal/A/d019,1,0.03907659727744223,0.039076629386840235,0.21913067576976186,-1.610260259921356,-1.2294179720071783,-1.278481610036906,-3.9908020825192017,
A,20,formal/A/d020,0,0.019538298638721113,0.019527154589043885,0.117109375,-1.3766503180709038,-0.2627647660957035,-0.28111188474805054,-6.982335921576607,
A,20,formal/A/d020,1,0.03907659727744223,0.039077257445000624,0.24422995495968602,-1.3766503180709038,-1.051059064382814,-1.21413624848472,-15.515510938261643,
A,21,formal/A/d021,0,0.019538298638721113,0.019537872358009033,0.15007880398044685,-1.8400448672861107,-0.351214068533802,-0.33339538983772743,5.073452430439765,
A,21,formal/A/d021,1,0.03907659727744223,0.03907627043055161,0.287377432756345,-1.8400448672861107,-1.404856274135208,-1.2315347854325118,12.337311075425717,
A,22,formal/A/d022,0,0.019538298638721113,0.01953787856078513,0.12959331839960037,-2.2295036907763652,-0.42555106996037184,-0.3916407128696101,7.9685752156420495,
A,22,formal/A/d022,1,0.03907659727744223,0.03907624890498468,0.2533095175156281,-2.2295036907763652,-1.7022042798414874,-1.4472290636988392,14.979119672193047,
A,23,formal/A/d023,0,0.019538298638721113,0.019537634221136937,0.12641002600959975,-0.9440422747606912,-0.18019176275610507,-0.16372641919699082,9.137678275227602,
A,23,formal/A/d023,1,0.03907659727744223,0.039075662273151374,0.23992387141947158,-0.9440422747606912,-0.7207670510244203,-0.5998870580382967,16.77102093031554,
A,24,formal/A/d024,0,0.019538298638721113,0.01953829545525836,0.11799854920630458,-1.3340049678257178,-0.2546249390567295,-0.2570789751331734,-0.963784649506446,
A,24,formal/A/d024,1,0.03907659727744223,0.03907669490961324,0.23588066409125744,-1.3340049678257178,-1.018499756226918,-1.044078567029821,-2.5114204148325876,
A,25,formal/A/d025,0,0.019538298638721113,0.019538299315772154,0.17718965980750476,-2.3197605121706717,-0.4427786202328697,-0.4439266531452626,-0.2592792108591657,
A,25,formal/A/d025,1,0.03907659727744223,0.03907661244472631,0.354381601171748,-2.3197605121706717,-1.7711144809314787,-1.7649908178074478,0.3457519652151657,
A,26,formal/A/d026,0,0.019538298638721113,0.019538234942679766,0.12787370532014272,-1.8408790625450313,-0.35137329351578256,-0.3589773678404802,-2.1641013887573903,
A,26,formal/A/d026,1,0.03907659727744223,0.03907659605947379,0.25477617311875667,-1.8408790625450313,-1.4054931740631302,-1.4633269590682632,-4.1148392658458555,
A,27,formal/A/d027,0,0.019538298638721113,0.01953824022167905,0.10604034266706244,-0.623288539623126,-0.11896867721187568,-0.11970028115089545,-0.6149550925214062,
A,27,formal/A/d027,1,0.03907659727744223,0.03907659108251145,0.21161073486012105,-0.623288539623126,-0.4758747088475027,-0.4805498393334433,-0.9824288618453862,
A,28,formal/A/d028,0,0.019538298638721113,0.01953823351749622,0.1539409285192653,-2.4626968325884566,-0.47006124117744663,-0.4471297155323566,4.878412350622522,
A,28,formal/A/d028,1,0.03907659727744223,0.039076613486290775,0.3064125247092947,-2.4626968325884566,-1.8802449647097865,-1.6945104229407828,9.87820976814431,
A,29,formal/A/d029,0,0.019538298638721113,0.019538277429274515,0.14820311434505362,-0.8374441740369941,-0.1598451107158403,-0.15993550921343178,-0.05655380836276538,
A,29,formal/A/d029,1,0.03907659727744223,0.03907641787128968,0.29259444286322855,-0.8374441740369941,-0.6393804428633612,-0.6304779423122819,1.392363599864079,
A,30,formal/A/d030,0,0.019538298638721113,0.019538524543375783,0.13417362375402794,-1.292684371588503,-0.24673797120245158,-0.2581169221782913,-4.611755102137523,
A,30,formal/A/d030,1,0.03907659727744223,0.03907699997467458,0.27523043239597517,-1.292684371588503,-0.9869518848098063,-1.0902657637002626,-10.467975235729527,
A,31,formal/A/d031,0,0.019538298638721113,0.0195387850101522,0.198207498207509,-2.9663545172403,-0.5661956712230501,-0.6443914231967669,-13.810729390566452,
A,31,formal/A/d031,1,0.03907659727744223,0.039076587712569125,0.4072783783203434,-2.9663545172403,-2.2647826848922006,-2.705526706443431,-19.46076435904089,
A,32,formal/A/d032,0,0.019538298638721113,0.019538391006217196,0.14248992049830958,-0.3462722563768353,-0.06609387094014697,-0.05740489986855689,13.146409716959404,
A,32,formal/A/d032,1,0.03907659727744223,0.03907670973228487,0.28751770249021436,-0.3462722563768353,-0.2643754837605879,-0.19356271210058812,26.784923720130625,
A,33,formal/A/d033,0,0.019538298638721113,0.019538433496164846,0.12154714580958081,-0.28919988520175166,-0.055200321528584916,-0.057226107464966244,-3.66988068236576,
A,33,formal/A/d033,1,0.03907659727744223,0.03907678597572215,0.24479190629774705,-0.28919988520175166,-0.22080128611433966,-0.23488756397074817,-6.379617666318331,
A,34,formal/A/d034,0,0.019538298638721113,0.019538367787637373,0.15081703313076927,-1.6790209851803917,-0.32047902844270443,-0.3155149782168307,1.5489469779022433,
A,34,formal/A/d034,1,0.03907659727744223,0.0390766328915804,0.30356627840593303,-1.6790209851803917,-1.2819161137708177,-1.2352382008631262,3.6412611095422114,
A,35,formal/A/d035,0,0.019538298638721113,0.019538347643155846,0.13326923923035627,-0.8707698110678991,-0.16620606026451504,-0.16761766413676132,-0.8493095077277732,
A,35,formal/A/d035,1,0.03907659727744223,0.039076830369121865,0.2702155990022765,-0.8707698110678991,-0.6648242410580602,-0.6723714775698081,-1.1352228221607208,
A,36,formal/A/d036,0,0.019538298638721113,0.019538309664953356,0.18136313248496996,-2.019486344055979,-0.3854645220094344,-0.36812861266636787,4.497407245858609,
A,36,formal/A/d036,1,0.03907659727744223,0.03907661855110431,0.36338967598877436,-2.019486344055979,-1.5418580880377375,-1.3891978427349287,9.901056814968854,
A,37,formal/A/d037,0,0.019538298638721113,0.01953821430277876,0.1515041962111812,-2.2104293643145065,-0.4219103044984448,-0.41648793305845005,1.285195308619141,
A,37,formal/A/d037,1,0.03907659727744223,0.03907661470305193,0.3009801884017484,-2.2104293643145065,-1.6876412179937792,-1.6534522507400986,2.0258433421247894,
A,38,formal/A/d038,0,0.019538298638721113,0.019538183635084437,0.12162981704315369,-1.1832248015218676,-0.2258451431923582,-0.22478824734115718,0.4679736904064633,
A,38,formal/A/d038,1,0.03907659727744223,0.03907658281220747,0.2418722604401131,-1.1832248015218676,-0.9033805727694328,-0.8923620386678387,1.2197001389807782,
A,39,formal/A/d039,0,0.019538298638721113,0.019538450736578714,0.13252650436991378,-1.9791163538730423,-0.3777589987632916,-0.42766256890674775,-13.210425246474765,
A,39,formal/A/d039,1,0.03907659727744223,0.03907746056437203,0.28584320566270816,-1.9791163538730423,-1.5110359950531664,-1.9607337008689663,-29.760886391060268,
A,40,formal/A/d040,0,0.019538298638721113,0.019538304439775434,0.15640477999563285,-2.5769514666649864,-0.49186931531535805,-0.5054271851115547,-2.7563967448353868,
A,40,formal/A/d040,1,0.03907659727744223,0.03907665820344808,0.31476607003201906,-2.5769514666649864,-1.9674772612614322,-2.0628058888479215,-4.8452213127673,
A,41,formal/A/d041,0,0.019538298638721113,0.01953820779873503,0.12703595629438647,-1.5243020555077298,-0.2909474307433091,-0.2871487991864592,1.3056075274991092,
A,41,formal/A/d041,1,0.03907659727744223,0.039076509551821834,0.25248315480076194,-1.5243020555077298,-1.1637897229732364,-1.1132105923128373,4.34607125857582,
A,42,formal/A/d042,0,0.019538298638721113,0.019538226322277377,0.1707595862191332,-3.640468636141453,-0.6948655567049998,-0.660162095127384,4.994269933622417,
A,42,formal/A/d042,1,0.03907659727744223,0.039076569839111404,0.3368338257661137,-3.640468636141453,-2.7794622268199993,-2.5182836841547465,9.396729343721608,
A,43,formal/A/d043,0,0.019538298638721113,0.019538347709010688,0.10143567515431451,-0.8604774717196748,-0.16424153513717296,-0.17772846319247249,-8.21164271512402,
A,43,formal/A/d043,1,0.03907659727744223,0.0390772281151734,0.2087372810088839,-0.8604774717196748,-0.6569661405486918,-0.772222466067821,-17.543723855063234,
A,44,formal/A/d044,0,0.019538298638721113,0.019537733584385847,0.13002290549901716,-0.9766267385627283,-0.1864112426755186,-0.177980879235077,4.5224543967640995,
A,44,formal/A/d044,1,0.03907659727744223,0.03907617160338821,0.25185435185018307,-0.9766267385627283,-0.7456449707020744,-0.681580426735438,8.591829420684661,
A,45,formal/A/d045,0,0.019538298638721113,0.019538273267718523,0.11740629765086989,-1.2258349118053695,-0.23397824388974234,-0.23337350781845898,0.25845824860892547,
A,45,formal/A/d045,1,0.03907659727744223,0.03907641748303088,0.2323712905747853,-1.2258349118053695,-0.9359129755589694,-0.9281469195690037,0.8297839855599112,
A,46,formal/A/d046,0,0.019538298638721113,0.019538316427449482,0.10025402160501255,-1.0471388159642259,-0.19987006317780126,-0.20148089232309951,-0.8059381778777323,
A,46,formal/A/d046,1,0.03907659727744223,0.03907664488169752,0.20073150840378137,-1.0471388159642259,-0.799480252711205,-0.8108334902350509,-1.4200772921338112,
A,47,formal/A/d047,0,0.019538298638721113,0.019538416684713508,0.14258367675526304,-1.1095051101110718,-0.21177407720273955,-0.21120805430391038,0.26727676319292853,
A,47,formal/A/d047,1,0.03907659727744223,0.0390766569784717,0.28832447135192224,-1.1095051101110718,-0.8470963088109582,-0.8353068674122922,1.39174746437208,
A,48,formal/A/d048,0,0.019538298638721113,0.019538530801291597,0.11302675243069872,-0.9752239061758861,-0.18614348047101292,-0.1891257344447312,-1.6021264704904303,
A,48,formal/A/d048,1,0.03907659727744223,0.03907689642073025,0.22841121466238398,-0.9752239061758861,-0.7445739218840517,-0.7745684366858531,-4.028413287146014,
A,49,formal/A/d049,0,0.019538298638721113,0.019538376598342937,0.13251131009588296,-0.5779177208369243,-0.11030863302386945,-0.11424769044064524,-3.570942100173998,
A,49,formal/A/d049,1,0.03907659727744223,0.03907615436793607,0.2713429522221101,-0.5779177208369243,-0.4412345320954778,-0.46598786929694275,-5.610018119821284,
A,50,formal/A/d050,0,0.019538298638721113,0.019537797501130535,0.14316425057089105,-1.5071367372382238,-0.28767104255610004,-0.2725044654466793,5.272194578452606,
A,50,formal/A/d050,1,0.03907659727744223,0.03907610442518162,0.2762907429329322,-1.5071367372382238,-1.1506841702244002,-1.0342622044262444,10.117629911902924,
A,51,formal/A/d051,0,0.019538298638721113,0.01953877264015562,0.10590376373544855,-0.5927629431767649,-0.11314217856885078,-0.11484390575545403,-1.5040608269423557,
A,51,formal/A/d051,1,0.03907659727744223,0.03907704643076747,0.21585810924506355,-0.5927629431767649,-0.45256871427540313,-0.46483483972840567,-2.7103343793088994,
A,52,formal/A/d052,0,0.019538298638721113,0.01953847134102816,0.17642098918968804,-1.6201793610904622,-0.3092477772035751,-0.31225248840560316,-0.9716193368303632,
A,52,formal/A/d052,1,0.03907659727744223,0.039076636224566884,0.35978486290449857,-1.6201793610904622,-1.2369911088143004,-1.2398989368924072,-0.23507267411921023,
A,53,formal/A/d053,0,0.019538298638721113,0.01953864515601561,0.12769328528372093,-1.263568950067991,-0.24118063625312636,-0.26056681209758953,-8.03803163704934,
A,53,formal/A/d053,1,0.03907659727744223,0.03907651438762128,0.2559236145304581,-1.263568950067991,-0.9647225450125054,-1.0805004111649796,-12.001156887131039,
A,54,formal/A/d054,0,0.019538298638721113,0.019538305485848523,0.09338292862767268,-0.739780761260397,-0.14120384540867686,-0.1472804781710059,-4.303447080171114,
A,54,formal/A/d054,1,0.03907659727744223,0.039076641494362456,0.18701210941239765,-0.739780761260397,-0.5648153816347075,-0.6150585482699138,-8.895502542758466,
A,55,formal/A/d055,0,0.019538298638721113,0.019538289086875767,0.1710217723984938,-1.4199220889624002,-0.27102415964510107,-0.2657924124069254,1.930361944494741,
A,55,formal/A/d055,1,0.03907659727744223,0.03907658264232966,0.34123773837243604,-1.4199220889624002,-1.0840966385804043,-1.0316762223663913,4.835400678177189,
A,56,formal/A/d056,0,0.019538298638721113,0.0195382996621007,0.15586556146670524,-0.15593158461484907,-0.029763060248784907,-0.0173611715495528,41.66872826774733,finite-budget tail
A,56,formal/A/d056,1,0.03907659727744223,0.039076382622482655,0.3080997917531874,-0.15593158461484907,-0.11905224099513963,-0.012606976936009595,89.41055050234267,finite-budget tail
A,57,formal/A/d057,0,0.019538298638721113,0.019538323913461768,0.14557370420447574,-1.3328430150520825,-0.25440315415988923,-0.2512872210169662,1.2248013013882184,
A,57,formal/A/d057,1,0.03907659727744223,0.03907670632178872,0.29176393724938515,-1.3328430150520825,-1.017612616639557,-0.9884798064279838,2.862858590312861,
A,58,formal/A/d058,0,0.019538298638721113,0.019539314253310482,0.15979612006146007,0.425294862749082,0.0811771178672049,0.08284706165719805,2.0571607293633667,positive work
A,58,formal/A/d058,1,0.03907659727744223,0.039076679923892535,0.34025052197600775,0.425294862749082,0.3247084714688196,0.3214785774534306,-0.9947058051114488,positive work
A,59,formal/A/d059,0,0.019538298638721113,0.01953835505021368,0.14168366404751204,-0.14478554648922873,-0.027635587453023292,-0.027966074531680235,-1.1958749898793597,
A,59,formal/A/d059,1,0.03907659727744223,0.03907684601794042,0.2856887142605856,-0.14478554648922873,-0.11054234981209317,-0.10957803621592342,0.8723476548209295,
A,60,formal/A/d060,0,0.019538298638721113,0.019537874082374874,0.13840778309479235,-0.27251688988827955,-0.052015995557220536,-0.06063455411756927,-16.56905432266087,
A,60,formal/A/d060,1,0.03907659727744223,0.039076194619534814,0.26836563792437274,-0.27251688988827955,-0.20806398222888214,-0.2664278609034315,-28.050928396797584,
A,61,formal/A/d061,0,0.019538298638721113,0.019538414650412242,0.16751666839076157,-1.0101093837775694,-0.19280216077770726,-0.19635238347912898,-1.8413811790807633,
A,61,formal/A/d061,1,0.03907659727744223,0.039076722256118974,0.33887494597672757,-1.0101093837775694,-0.771208643110829,-0.7932019605503323,-2.851798619733915,
A,62,formal/A/d062,0,0.019538298638721113,0.019538431531869207,0.12941861969003401,-2.079597884132786,-0.39693816535996107,-0.39207700712599014,1.2246638540193373,
A,62,formal/A/d062,1,0.03907659727744223,0.03907676744747346,0.26077565401947345,-2.079597884132786,-1.5877526614398443,-1.5519143791117245,2.2571703514337167,
A,63,formal/A/d063,0,0.019538298638721113,0.01953831985940626,0.14459395171987802,-0.8227354935083013,-0.1570376272554694,-0.1489328912944697,5.1610152946432954,
A,63,formal/A/d063,1,0.03907659727744223,0.03907660348676346,0.28961790991236097,-0.8227354935083013,-0.6281505090218776,-0.5607651470892137,10.727582158230348,
B,0,formal/B/d000,0,0.019538298638721113,0.0195331114553752,0.156171875,-0.9495812689369647,-0.18124900473689617,-0.1773064327393755,2.175224080950837,
B,0,formal/B/d000,1,0.03907659727744223,0.03907678251511647,0.3173263822898965,-0.9495812689369647,-0.7249960189475847,-0.6958203339905988,4.024254505471318,
B,1,formal/B/d001,0,0.019538298638721113,0.019538477522776085,0.15858742116314994,-1.8046210872854922,-0.34445264107186546,-0.3476894003638991,-0.9396819492983187,
B,1,formal/B/d001,1,0.03907659727744223,0.03907682103310204,0.3232084395918352,-1.8046210872854922,-1.3778105642874618,-1.4015453066164967,-1.722641917853865,
B,2,formal/B/d002,0,0.019538298638721113,0.019538261085812244,0.15788421647507703,-2.0890345067903926,-0.39873935765462754,-0.3817591320288327,4.258477448946097,
B,2,formal/B/d002,1,0.03907659727744223,0.03907658198530686,0.31429404226442215,-2.0890345067903926,-1.5949574306185101,-1.4567075317331086,8.667936600150474,
B,3,formal/B/d003,0,0.019538298638721113,0.019538687271229874,0.13613484352332106,-0.7212576855758577,-0.13766829859208118,-0.14172208129547592,-2.9446014404567746,
B,3,formal/B/d003,1,0.03907659727744223,0.03907689068816347,0.279538238977382,-0.7212576855758577,-0.5506731943683247,-0.587450367906462,-6.67858430630971,
B,4,formal/B/d004,0,0.019538298638721113,0.01953846683015263,0.11030731525744883,-1.137827003912491,-0.21717994948739186,-0.22028963631575554,-1.4318480300338299,
B,4,formal/B/d004,1,0.03907659727744223,0.039076908381564676,0.2244099691927627,-1.137827003912491,-0.8687197979495674,-0.8929832262999162,-2.793009714710961,
B,5,formal/B/d005,0,0.019538298638721113,0.01953801481710245,0.13155364489443114,-1.7684423676264387,-0.33754711634705764,-0.31498260753011487,6.684847158860779,
B,5,formal/B/d005,1,0.03907659727744223,0.03907629563944928,0.25578818332448283,-1.7684423676264387,-1.3501884653882306,-1.1887615183607476,11.955882542743145,
B,6,formal/B/d006,0,0.019538298638721113,0.01953832492249262,0.12532068227020882,-0.9509944037434009,-0.18151873339057145,-0.18283811234782923,-0.7268555330974503,
B,6,formal/B/d006,1,0.03907659727744223,0.03907673112686028,0.2529133267916728,-0.9509944037434009,-0.7260749335622858,-0.7333041540416307,-0.9956576305253743,
B,7,formal/B/d007,0,0.019538298638721113,0.019538232200054628,0.11908704583466709,-1.6244627009781298,-0.3100653492397829,-0.3061940001037218,1.2485591007034087,
B,7,formal/B/d007,1,0.03907659727744223,0.03907668105331082,0.2371618382119406,-1.6244627009781298,-1.2402613969591316,-1.2188606897092744,1.7254997456445356,
B,8,formal/B/d008,0,0.019538298638721113,0.01953805283568182,0.14253205738870195,-2.3393604624767903,-0.4465197128618908,-0.43448615236399685,2.6949673555881666,
B,8,formal/B/d008,1,0.03907659727744223,0.03907632897791263,0.2790123678003563,-2.3393604624767903,-1.7860788514475632,-1.6882894967462352,5.475086087160861,
B,9,formal/B/d009,0,0.019538298638721113,0.019538498585974434,0.15413969344254008,-1.9400580230388316,-0.3703038352907536,-0.38325532603292883,-3.497530813313351,
B,9,formal/B/d009,1,0.03907659727744223,0.03907660631658717,0.31325691905512126,-1.9400580230388316,-1.4812153411630145,-1.564492380091243,-5.6222101279913455,
B,10,formal/B/d010,0,0.019538298638721113,0.01953849245337569,0.15112053089711133,-2.712131198260124,-0.5176714163189382,-0.5327896687206176,-2.9204340678460374,
B,10,formal/B/d010,1,0.03907659727744223,0.039076839965310556,0.307470666972945,-2.712131198260124,-2.070685665275753,-2.1986290527554795,-6.178793315917807,
B,11,formal/B/d011,0,0.019538298638721113,0.01953839094305712,0.11558061993221977,-0.3622406167765661,-0.06914179271831276,-0.07553863798301406,-9.251778140555858,
B,11,formal/B/d011,1,0.03907659727744223,0.03907673760698977,0.23250692027298905,-0.3622406167765661,-0.27656717087325106,-0.3282477039941861,-18.6864308434568,
B,12,formal/B/d012,0,0.019538298638721113,0.0195381505998514,0.11345618341610914,-0.4579782953243873,-0.08741548820942019,-0.08453320703673967,3.297220242911045,
B,12,formal/B/d012,1,0.03907659727744223,0.03907654982256636,0.2254957957288895,-0.4579782953243873,-0.34966195283768076,-0.3281131599995706,6.162750240119354,
B,13,formal/B/d013,0,0.019538298638721113,0.01953848637001263,0.1670131578510192,-0.5627066662613869,-0.1074052601446833,-0.12337623123635527,-14.869822083348467,
B,13,formal/B/d013,1,0.03907659727744223,0.03907678838964207,0.34064148648627385,-0.5627066662613869,-0.4296210405787332,-0.5593796952323461,-30.203049291724138,
B,14,formal/B/d014,0,0.019538298638721113,0.01953851478674476,0.1671210049100725,-1.6733523060780071,-0.31939703316848195,-0.3253827935981225,-1.8740814121723741,
B,14,formal/B/d014,1,0.03907659727744223,0.039076764882982146,0.3418407156043517,-1.6733523060780071,-1.2775881326739278,-1.3234839268013243,-3.5923779310112307,
B,15,formal/B/d015,0,0.019538298638721113,0.019538034684135466,0.10026747311814763,-0.9262260124606371,-0.17679112721742044,-0.1682208780600814,4.847669276297562,
B,15,formal/B/d015,1,0.03907659727744223,0.03907627959867764,0.19746878104201193,-0.9262260124606371,-0.7071645088696817,-0.6427471394639351,9.109248074215452,
B,16,formal/B/d016,0,0.019538298638721113,0.0195382892521997,0.09678170826556665,-0.7709070791871767,-0.1471450052966227,-0.14847348965551782,-0.9028402671345159,
B,16,formal/B/d016,1,0.03907659727744223,0.039076624931380595,0.19350909721031262,-0.7709070791871767,-0.5885800211864908,-0.5994352463505954,-1.8443074473071814,
B,17,formal/B/d017,0,0.019538298638721113,0.019538298410653625,0.16153845375662665,-2.270577872890438,-0.43339100412092224,-0.43234423729523414,0.2415294308684018,
B,17,formal/B/d017,1,0.03907659727744223,0.03907664603501194,0.32310858626697797,-2.270577872890438,-1.733564016483689,-1.7236167172296966,0.5738062834373563,
B,18,formal/B/d018,0,0.019538298638721113,0.019538025387848604,0.1674080427523709,-1.6094427218078604,-0.30719844741175106,-0.28658780396680894,6.709227738158705,
B,18,formal/B/d018,1,0.03907659727744223,0.0390764494694239,0.326676269091177,-1.6094427218078604,-1.2287937896470043,-1.075172481498585,12.501797245618402,
B,19,formal/B/d019,0,0.019538298638721113,0.01953820144258146,0.15547788220797712,-2.2890345053387113,-0.43691386874712657,-0.40590888284999666,7.096361117132392,
B,19,formal/B/d019,1,0.03907659727744223,0.039076581339169476,0.3045280583763209,-2.2890345053387113,-1.7476554749885063,-1.518105774166039,13.134722724682156,
B,20,formal/B/d020,0,0.019538298638721113,0.019538300503623134,0.17217562630458486,-2.1555519635821,-0.41143571470748214,-0.41170695270857216,-0.06592475844807334,
B,20,formal/B/d020,1,0.03907659727744223,0.03907661309148524,0.34478670070567463,-2.1555519635821,-1.6457428588299285,-1.6402813676411523,0.33185568203888427,
B,21,formal/B/d021,0,0.019538298638721113,0.019537995543624547,0.11500395289258052,-0.6799378465294033,-0.12978147526473968,-0.12626976212427518,2.705866251944663,
B,21,formal/B/d021,1,0.03907659727744223,0.03907656066759633,0.22636898660425978,-0.6799378465294033,-0.5191259010589587,-0.4916766297576348,5.287594251284792,
B,22,formal/B/d022,0,0.019538298638721113,0.01953830859203197,0.1948966202434449,-1.399093194286015,-0.26704849526190333,-0.26196134188397663,1.9049548932816538,
B,22,formal/B/d022,1,0.03907659727744223,0.03907665432063782,0.3923346796850777,-1.399093194286015,-1.0681939810476133,-1.0153333503452826,4.94859844187556,
B,23,formal/B/d023,0,0.019538298638721113,0.019538548434962322,0.12097988837808742,-1.1128688315205844,-0.21241611930869733,-0.21323701422714358,-0.3864560378552357,
B,23,formal/B/d023,1,0.03907659727744223,0.03907690948624649,0.2450629062262591,-1.1128688315205844,-0.8496644772347893,-0.8571529132967706,-0.8813403717138081,
B,24,formal/B/d024,0,0.019538298638721113,0.019538346851642043,0.11269423052135628,-0.5765782620728718,-0.11005296710478239,-0.10540531574266578,4.22310409649523,
B,24,formal/B/d024,1,0.03907659727744223,0.03907663029386201,0.22592128914019063,-0.5765782620728718,-0.44021186841912957,-0.4015718408590923,8.77759786413749,
B,25,formal/B/d025,0,0.019538298638721113,0.01953827898256004,0.09396647613465939,-0.3424926156687035,-0.06537244125421936,-0.06744429556222709,-3.169308455149682,
B,25,formal/B/d025,1,0.03907659727744223,0.03907655897994456,0.18693339584992152,-0.3424926156687035,-0.26148976501687743,-0.27800770275414205,-6.3168582281598935,
B,26,formal/B/d026,0,0.019538298638721113,0.019538423318272866,0.16480729220490906,-2.953718436169108,-0.5637837901204541,-0.5926277291688445,-5.116134864790606,
B,26,formal/B/d026,1,0.03907659727744223,0.039076920055220336,0.34166103781752644,-2.953718436169108,-2.2551351604818164,-2.5179713457997837,-11.655008086602296,
B,27,formal/B/d027,0,0.019538298638721113,0.019538002101158383,0.12334517523267413,-0.9864585809753464,-0.18828787157534088,-0.17476021976801925,7.184558248038146,
B,27,formal/B/d027,1,0.03907659727744223,0.03907651196893656,0.24169556203700962,-0.9864585809753464,-0.7531514863013635,-0.651273608846932,13.526877302565186,
B,28,formal/B/d028,0,0.019538298638721113,0.01955123425606587,0.086015625,-0.6890008977705978,-0.13151136302799024,-0.13073628567671752,0.5893615071936817,
B,28,formal/B/d028,1,0.03907659727744223,0.03907657579928693,0.17121033363392624,-0.6890008977705978,-0.526045452111961,-0.5193415626666316,1.2743935753868223,
B,29,formal/B/d029,0,0.019538298638721113,0.019538174901321707,0.1502453167479835,-1.3569221703459704,-0.2589992040975719,-0.24153614947347407,6.742512852479285,
B,29,formal/B/d029,1,0.03907659727744223,0.03907532399750595,0.296654876116868,-1.3569221703459704,-1.0359968163902875,-0.8971326217993708,13.403920976780583,
B,30,formal/B/d030,0,0.019538298638721113,0.01953828953328292,0.14085106827099197,-2.2944963300551064,-0.43795638119580005,-0.4320497798779024,1.3486734230861621,
B,30,formal/B/d030,1,0.03907659727744223,0.03907657663756249,0.2801908158589195,-2.2944963300551064,-1.7518255247832002,-1.706980705951012,2.5598907081650233,
B,31,formal/B/d031,0,0.019538298638721113,0.019538768937938353,0.12674648695139323,-1.590639474281698,-0.30360942347938796,-0.3195842955163895,-5.2616522418600224,
B,31,formal/B/d031,1,0.03907659727744223,0.039077131863113145,0.2633132766782266,-1.590639474281698,-1.2144376939175519,-1.3508235474131132,-11.230370580445808,
B,32,formal/B/d032,0,0.019538298638721113,0.019538621092819067,0.09098049501836136,-0.8510897089819786,-0.1624496688603472,-0.1654798399772263,-1.8652984263599948,
B,32,formal/B/d032,1,0.03907659727744223,0.03907700598669959,0.18380153157654186,-0.8510897089819786,-0.6497986754413888,-0.6745779842152466,-3.81338246912029,
B,33,formal/B/d033,0,0.019538298638721113,0.019538284348770925,0.08692581562946272,-0.10709540202718758,-0.020441573211585812,-0.020024774573416254,2.038975346248428,
B,33,formal/B/d033,1,0.03907659727744223,0.039076609151464596,0.1737107898584487,-0.10709540202718758,-0.08176629284634325,-0.07801577618383494,4.586873798420024,
B,34,formal/B/d034,0,0.019538298638721113,0.019538293616898655,0.1555108644837167,-1.773195903442553,-0.3384544358823476,-0.3393592767885773,-0.2673449688643626,
B,34,formal/B/d034,1,0.03907659727744223,0.039076390272078765,0.3100945856267964,-1.773195903442553,-1.3538177435293903,-1.356430620432711,-0.19300063954759183,
B,35,formal/B/d035,0,0.019538298638721113,0.01953873116018107,0.10389675406201833,-0.47753945809430787,-0.09114917736223338,-0.09690073168156735,-6.310045231101626,
B,35,formal/B/d035,1,0.03907659727744223,0.03907683835860363,0.2119084467671147,-0.47753945809430787,-0.3645967094489335,-0.4134555612425126,-13.400793404698124,
B,36,formal/B/d036,0,0.019538298638721113,0.019538054485370705,0.08326632045430919,-0.3840570000562142,-0.07330594157607354,-0.07307847223960579,0.31030136381467355,
B,36,formal/B/d036,1,0.03907659727744223,0.039076468881036074,0.16550873768084404,-0.3840570000562142,-0.29322376630429414,-0.29133117535250047,0.6454425490973387,
B,37,formal/B/d037,0,0.019538298638721113,0.01953779298744573,0.1432749043659293,-0.46964633779737774,-0.08964259730965007,-0.0786466173352588,12.2664673987615,
B,37,formal/B/d037,1,0.03907659727744223,0.039076290497222055,0.27653710130830544,-0.46964633779737774,-0.3585703892386003,-0.2703678953982296,24.598376354406355,
B,38,formal/B/d038,0,0.019538298638721113,0.01953837401960015,0.1326356225507075,-1.354448035127556,-0.25852695958244565,-0.28675207657360546,-10.917668716928793,
B,38,formal/B/d038,1,0.03907659727744223,0.03907638819223901,0.2796111557909319,-1.354448035127556,-1.0341078383297826,-1.280685879605353,-23.844519124216855,
B,39,formal/B/d039,0,0.019538298638721113,0.019541874005861378,0.101640625,-1.0270643583830579,-0.19603840013194848,-0.18909447350169434,3.5421257394369468,
B,39,formal/B/d039,1,0.03907659727744223,0.03907651708704162,0.20189214346868958,-1.0270643583830579,-0.7841536005277939,-0.7297672789976472,6.935671977217315,
B,40,formal/B/d040,0,0.019538298638721113,0.01953851405900252,0.09756354033179723,-0.806788954205701,-0.15399387052590613,-0.15617688612067385,-1.417599016968975,
B,40,formal/B/d040,1,0.03907659727744223,0.039076719932546064,0.19641612584261753,-0.806788954205701,-0.6159754821036245,-0.6351887847025972,-3.1191667780927164,
B,41,formal/B/d041,0,0.019538298638721113,0.019538337595548412,0.12888656355023398,-0.5023288804077808,-0.09588079778198899,-0.09394366254639837,2.020357861430423,
B,41,formal/B/d041,1,0.03907659727744223,0.03907661871535307,0.25834348835885007,-0.5023288804077808,-0.38352319112795596,-0.366356940045217,4.475935609591788,
B,42,formal/B/d042,0,0.019538298638721113,0.019538077231399643,0.15040624830431176,-2.081032520454229,-0.39721199806278185,-0.3712981174341101,6.523942064956427,
B,42,formal/B/d042,1,0.03907659727744223,0.03907638116801316,0.2945271948707829,-2.081032520454229,-1.5888479922511274,-1.3926101524483967,12.350951177191918,
B,43,formal/B/d043,0,0.019538298638721113,0.01953855690015349,0.16842519016931368,-1.3461192901421062,-0.2569372307317385,-0.2626923363203788,-2.2398877625676,
B,43,formal/B/d043,1,0.03907659727744223,0.03907656972718714,0.3279073509393914,-1.3461192901421062,-1.027748922926954,-0.9663669781934418,5.972465002317971,
B,44,formal/B/d044,0,0.019538298638721113,0.019538567828763342,0.1427776179619619,-1.6142044917954235,-0.3081073386243989,-0.31139656522602943,-1.0675586684549256,
B,44,formal/B/d044,1,0.03907659727744223,0.0390769861447806,0.2926356517597044,-1.6142044917954235,-1.2324293544975955,-1.2636970642618262,-2.5370792776172593,
B,45,formal/B/d045,0,0.019538298638721113,0.0195385247791284,0.0687498750383659,-0.5645464847679083,-0.10775643100715916,-0.10890582496192805,-1.0666592648122508,
B,45,formal/B/d045,1,0.03907659727744223,0.039076984525090806,0.13835923537463163,-0.5645464847679083,-0.43102572402863665,-0.4405345794697207,-2.206099290828474,
B,46,formal/B/d046,0,0.019538298638721113,0.019538250793961008,0.10229450586421027,-1.6522135126537951,-0.3153622176189224,-0.3166597076929333,-0.41142851030389843,
B,46,formal/B/d046,1,0.03907659727744223,0.039076580120647714,0.20358830048854537,-1.6522135126537951,-1.2614488704756897,-1.2715787422015994,-0.8030346661684209,
B,47,formal/B/d047,0,0.019538298638721113,0.019538191240005394,0.14211451630902974,-2.544619291396071,-0.4856979903533248,-0.45195391036825966,6.947543670196724,
B,47,formal/B/d047,1,0.03907659727744223,0.0390765861975664,0.28099088793880084,-2.544619291396071,-1.9427919614132991,-1.6887355379080413,13.076872282323144,
B,48,formal/B/d048,0,0.019538298638721113,0.01953832943881056,0.10810250876700393,-0.8087443609440594,-0.1543671040097343,-0.15418206420931355,0.11986996945222776,
B,48,formal/B/d048,1,0.03907659727744223,0.039076675226253715,0.2167099132829639,-0.8087443609440594,-0.6174684160389372,-0.6159863361398669,0.2400252159580725,
B,49,formal/B/d049,0,0.019538298638721113,0.019538276367880865,0.1618169774133184,-2.4849320002249957,-0.4743053244761751,-0.46383555049773434,2.2073911968000037,
B,49,formal/B/d049,1,0.03907659727744223,0.03907661679284155,0.3228845988145717,-2.4849320002249957,-1.8972212979047005,-1.8207510538687208,4.03064440191735,
B,50,formal/B/d050,0,0.019538298638721113,0.019538322514259396,0.08189372508680508,-0.12159422327686972,-0.02320900029479368,-0.02178681777185998,6.127719871039557,
B,50,formal/B/d050,1,0.03907659727744223,0.039076603677574005,0.16392658347472547,-0.12159422327686972,-0.09283600117917472,-0.08132624668329104,12.397942985146145,
B,51,formal/B/d051,0,0.019538298638721113,0.019538085567789513,0.13414855075268708,-1.6186076116651726,-0.3089477733720458,-0.28828628181107624,6.687697190841479,
B,51,formal/B/d051,1,0.03907659727744223,0.039076442263194705,0.26255431072604335,-1.6186076116651726,-1.2357910934881833,-1.0828948939708931,12.372333829152353,
B,52,formal/B/d052,0,0.019538298638721113,0.019538396298952793,0.15689541994713885,-1.969673042775776,-0.37595652982904604,-0.3978785873115713,-5.831008572319146,
B,52,formal/B/d052,1,0.03907659727744223,0.03907690454245347,0.32285291893658397,-1.969673042775776,-1.5038261193161842,-1.68594277172515,-12.110220062661075,
B,53,formal/B/d053,0,0.019538298638721113,0.01953836215886601,0.07637487087033805,-0.2607464058082948,-0.049769333165536035,-0.04906337906770714,1.418451992275735,
B,53,formal/B/d053,1,0.03907659727744223,0.039076699555648124,0.1530331541521342,-0.2607464058082948,-0.19907733266214414,-0.19335031243150613,2.8767816777801567,
B,54,formal/B/d054,0,0.019538298638721113,0.01953826319047225,0.10016747081539229,-0.994930216706387,-0.18990487434800887,-0.18877597555553172,0.5944548797670046,
B,54,formal/B/d054,1,0.03907659727744223,0.039076577220253934,0.19994672660786017,-0.994930216706387,-0.7596194973920355,-0.7504359882592689,1.2089617452284722,
B,55,formal/B/d055,0,0.019538298638721113,0.01953833234116842,0.12542342209200988,-1.1581870005825041,-0.2210661141092125,-0.22335787942584678,-1.0366877465001656,
B,55,formal/B/d055,1,0.03907659727744223,0.03907676449695686,0.2530798886145879,-1.1581870005825041,-0.88426445643685,-0.9006881220766103,-1.8573250932124419,
B,56,formal/B/d056,0,0.019538298638721113,0.019531250939852616,0.117109375,-1.5297904082195775,-0.2919950066583027,-0.2847668792229727,2.475428439017251,
B,56,formal/B/d056,1,0.03907659727744223,0.039076536521964786,0.23263805507083088,-1.5297904082195775,-1.1679800266332108,-1.114248600801858,4.600371976072027,
B,57,formal/B/d057,0,0.019538298638721113,0.01953829489427507,0.10287561147448239,-0.5175651557060887,-0.09878898460501592,-0.10446393354400768,-5.744515911041783,
B,57,formal/B/d057,1,0.03907659727744223,0.039076305983335245,0.20557573200731583,-0.5175651557060887,-0.3951559384200637,-0.44031199469615756,-11.427401662401826,
B,58,formal/B/d058,0,0.019538298638721113,0.019538330872630606,0.104136496644243,-0.9409612382277397,-0.17960367743531874,-0.18088435448505813,-0.7130572536303487,
B,58,formal/B/d058,1,0.03907659727744223,0.03907666230554552,0.20855741611380577,-0.9409612382277397,-0.718414709741275,-0.7291419147843776,-1.4931772550934845,
B,59,formal/B/d059,0,0.019538298638721113,0.01953877517042049,0.14402714763092467,-0.565417461259763,-0.1079226765171139,-0.10663565442608526,1.1925409307510626,
B,59,formal/B/d059,1,0.03907659727744223,0.03907713876781196,0.29899642275177146,-0.565417461259763,-0.4316907060684556,-0.4300178735496948,0.3875071886526928,
B,60,formal/B/d060,0,0.019538298638721113,0.01953839520400738,0.10253098222966324,-0.8834623647838639,-0.16862872044521088,-0.17203638085562784,-2.020806658213439,
B,60,formal/B/d060,1,0.03907659727744223,0.03907683491504848,0.2067166497625426,-0.8834623647838639,-0.6745148817808435,-0.7019734974103871,-4.070868763791793,
B,61,formal/B/d061,0,0.019538298638721113,0.01953839699743899,0.16253860582462465,-1.9109148070883841,-0.36474119514752046,-0.3616713101814665,0.8416611578004896,
B,61,formal/B/d061,1,0.03907659727744223,0.03907672341012151,0.32981328437001756,-1.9109148070883841,-1.4589647805900818,-1.4310486951245731,1.9134173653059579,
B,62,formal/B/d062,0,0.019538298638721113,0.019538609073379943,0.11832686948316459,-1.055116778022337,-0.20139283719426865,-0.2139779226105051,-6.249023347387744,
B,62,formal/B/d062,1,0.03907659727744223,0.039076940485308784,0.2436011640064572,-1.055116778022337,-0.8055713487770746,-0.9146984109467577,-13.546542132530808,
B,63,formal/B/d063,0,0.019538298638721113,0.019538296508788314,0.13222866232651537,-0.8703828254571447,-0.166132195331527,-0.1583530958242916,4.6824755982497726,
B,63,formal/B/d063,1,0.03907659727744223,0.039076622974840935,0.264455500450388,-0.8703828254571447,-0.664528781326108,-0.60412039603707,9.090409172118838,
