panel,replica,atom_index_zero_based,element,x_A,y_A,z_A,H_delta_u_x_eV_A2,H_delta_u_y_eV_A2,H_delta_u_z_eV_A2,u_x,u_y,u_z,g_eV_A2,normalized_response,temperature_after_COM_K,temperature_DOF,preparation_target_temperature_K,configuration_label
a,0,0,Si,-0.07346105,-0.04233133,-0.04536188,0.042815085037170575,-0.1744947261063029,-0.13958076223292148,0.006130063764915487,0.0017360661207937705,-0.09280709222346505,0.7972049806625263,0.28539430053224435,581.2345318773922,189,600,1
a,0,1,Si,1.29810772,1.46414262,1.2616291,0.09031576358875075,-0.11579395046329988,-0.14027380124035232,-0.03226270029154494,0.04543845290342476,-0.08527136858468982,0.7972049806625263,0.25474132906023605,581.2345318773922,189,600,1
a,0,2,Si,-0.15401724,2.71722366,2.54810195,-0.3122854339526693,-0.3652406339748379,0.6360918709021446,-0.09882996539114379,-0.06752695916538144,0.11788014729665093,0.7972049806625263,1.0,581.2345318773922,189,600,1
a,0,3,Si,1.33118952,4.15470797,3.91271106,0.37948469565414683,0.0773425873595246,-0.25581865329363795,0.1073119899859553,0.025837620556525137,-0.045271986084490526,0.7972049806625263,0.5822195847761831,581.2345318773922,189,600,1
a,0,4,Si,2.59534212,-0.05719822,2.75163892,0.07336092730061278,-0.08431370633549375,0.26213468328631917,0.11847632761092709,-0.02386912033113812,0.11423479340859663,0.7972049806625263,0.3574554865261488,581.2345318773922,189,600,1
a,0,5,Si,4.0190623,1.20646647,4.11798685,0.11297848359934914,-0.16376742077499062,-0.23605233395829345,0.02535569048448609,0.055051700476454815,-0.008972102269396705,0.7972049806625263,0.3872460097566202,581.2345318773922,189,600,1
a,0,6,Si,2.74362079,2.69145035,-0.09749789,-0.11396527909239389,0.15171013117682672,-0.10301275334364257,0.03396305425117613,-0.024973275548878633,-0.08997713131937225,0.7972049806625263,0.2708295139640088,581.2345318773922,189,600,1
a,0,7,Si,3.98621026,4.03704658,1.31766956,-0.07846915765171159,0.2891447166727082,0.10494894786460401,-0.0012412273658257693,0.01398377744401716,-0.014800638647926889,0.7972049806625263,0.39820739893772356,581.2345318773922,189,600,1
a,0,8,Si,0.21203706,0.02687769,5.421592,0.2031166220565761,-0.016797900935297885,-0.32784021011901393,0.05966964114837107,0.051515811870059554,-0.0964896817371428,0.7972049806625263,0.4842269710867494,581.2345318773922,189,600,1
a,0,9,Si,1.40854033,1.41009601,6.80700191,0.14444384688338668,-0.09032235418333645,-0.006839122030854322,-0.05091470862287362,0.04228542201285384,-0.01744362352640056,0.7972049806625263,0.21386735137937388,581.2345318773922,189,600,1
a,0,10,Si,0.04775788,2.83284987,8.24723439,-0.21656228870435001,-0.028823543354355996,-0.20856145094079737,-0.03210774442624796,0.1020346940487131,0.038944446099287926,0.7972049806625263,0.3788731566724215,581.2345318773922,189,600,1
a,0,11,Si,1.48547455,4.08692844,9.38367543,-0.05043474494157291,-0.12831924552784424,0.17293641902549062,0.06568477085610129,0.04416013524385387,0.0568126179555464,0.7972049806625263,0.27743271525994334,581.2345318773922,189,600,1
a,0,12,Si,2.63870313,-0.02670501,8.14146066,0.04467224388490579,-0.14459564416328846,0.1713515852165462,-0.08353248129481354,-0.03508596770724231,0.01753376633783401,0.7972049806625263,0.2867708189002658,581.2345318773922,189,600,1
a,0,13,Si,4.08304224,1.2090689,9.54343164,-0.1433976309249796,-0.24128545181914818,-0.08304608978955685,-0.030409231618169108,-0.21724311742814278,-0.05456825737556191,0.7972049806625263,0.3671682933060855,581.2345318773922,189,600,1
a,0,14,Si,2.79763522,2.83820531,5.22717242,-0.059045556439546454,0.2026243663917182,0.14520381381161185,-0.07848550483829636,0.06888009458818123,0.10293874197953698,0.7972049806625263,0.32134518665958123,581.2345318773922,189,600,1
a,0,15,Si,4.13613339,3.89686807,6.70423236,-0.025034417916888763,0.1819381309231871,-0.20423559254205553,0.041090271541205495,-0.031214856049880464,-0.01414914767135428,0.7972049806625263,0.34453388270525165,581.2345318773922,189,600,1
a,0,16,Si,0.19243938,5.51728517,-0.11808665,-0.16649256175522154,-0.10292737590549134,-0.1419066076923589,-0.047491387346996074,-0.03929345173141914,0.07097816454601903,0.7972049806625263,0.30326835504177263,581.2345318773922,189,600,1
a,0,17,Si,1.40841052,6.94395716,1.35553679,0.6963376270947924,-0.11804187466520344,0.04765272487113892,0.14574350450803142,0.05376502114544488,0.048167348844499525,0.7972049806625263,0.8879493480812618,581.2345318773922,189,600,1
a,0,18,Si,-0.12828564,7.96045423,2.76014194,-0.2546990444251627,0.2535498822371557,0.04288076159542353,0.0006472966675166221,0.11254417983753431,0.0824855944170751,0.7972049806625263,0.4540066069066454,581.2345318773922,189,600,1
a,0,19,Si,1.31975671,9.28403009,4.12723544,0.12197904568179291,0.09162488604908259,0.2440592420359211,0.04007075540152627,0.08482158438897658,0.09619250817415122,0.7972049806625263,0.36103326028302246,581.2345318773922,189,600,1
a,0,20,Si,2.65865828,5.51710161,2.45046323,-0.03959524288254246,0.0463436975764453,0.03498567970572353,-0.0232880049990079,-0.042942034007214046,-0.04191951332308483,0.7972049806625263,0.08816015439877496,581.2345318773922,189,600,1
a,0,21,Si,3.92313508,6.66641172,4.17611756,-0.09639069658198829,-0.10344455832503527,-0.34024968984046056,-0.05706684364864034,-0.06001857992170531,-0.11060916553923551,0.7972049806625263,0.4621881234712549,581.2345318773922,189,600,1
a,0,22,Si,2.76744674,8.33005111,0.08781064,-0.23190974425421063,-0.11858398964906536,0.15935912495383953,-0.04143106266407987,0.008343617244831746,0.09101796685789745,0.7972049806625263,0.38302775990852317,581.2345318773922,189,600,1
a,0,23,Si,4.20260548,9.63121477,1.313396,-0.04627798853646947,-0.10721196525837612,0.21301272131876714,0.024846420291251267,-0.022917733966786747,0.12214556935081501,0.7972049806625263,0.30471550963660055,581.2345318773922,189,600,1
a,0,24,Si,0.07943374,5.34275489,5.49306946,0.35332736360835226,-0.14171151912681923,0.34769560915401954,0.12149343871657334,-0.0010493505146846268,0.056379927523636734,0.7972049806625263,0.6467246674935081,581.2345318773922,189,600,1
a,0,25,Si,1.31045022,6.80335606,6.88104966,0.16448315489340226,-0.1279802298147975,-0.0036503631291734395,0.05374586365172044,0.002253326941663861,0.013068623363362914,0.7972049806625263,0.26146270911382014,581.2345318773922,189,600,1
a,0,26,Si,-0.08393907,8.1951065,8.09490451,0.28039644053813456,0.2592295551800211,0.2395991113613452,0.09934099148785042,0.05477584443409163,0.07235977098783118,0.7972049806625263,0.5654884721343396,581.2345318773922,189,600,1
a,0,27,Si,1.1384542,9.47096273,9.41710619,-0.06863849077115569,0.07702353928234207,-0.36657592079153145,-0.040062342788226145,0.04293946307229601,-0.09024941062212619,0.7972049806625263,0.47769049837416283,581.2345318773922,189,600,1
a,0,28,Si,2.86653825,5.43193973,8.09504026,0.0454244562356515,0.0906584824080521,-0.20538616134544996,0.03932670586154015,0.07026748563355895,-0.15680432088300275,0.7972049806625263,0.28732156042873913,581.2345318773922,189,600,1
a,0,29,Si,4.2354344,6.82634415,9.61518637,-0.1982784282210992,-0.2891488650178374,0.2920830431042735,-0.07250301839916043,-0.09926154209751209,0.11363393917856678,0.7972049806625263,0.5724080314516398,581.2345318773922,189,600,1
a,0,30,Si,2.72053429,8.0743161,5.4587521,-0.22924696609126563,0.25223367195114227,0.0701345048020885,-0.037169064025639194,0.037272541722073296,0.00861856868585113,0.7972049806625263,0.43650862094873144,581.2345318773922,189,600,1
a,0,31,Si,4.09026595,9.60921537,6.78756959,-0.03368556246198251,0.26306932119335436,-0.1340796000832166,-0.08937286531665159,0.09770818775842403,-0.06139334994851217,0.7972049806625263,0.37278071692479897,581.2345318773922,189,600,1
a,0,32,Si,5.50156978,0.0022002,-0.0757957,-0.019586746395133803,0.06754955491181935,-0.3899623274852798,0.027113236668392736,-0.10029848503005771,-0.07694442255261497,0.7972049806625263,0.4970540430716948,581.2345318773922,189,600,1
a,0,33,Si,6.85515424,1.41833175,1.42647841,0.24450750225234047,-0.1193625305132312,0.29585798204124003,0.027037395314901874,-0.014866103663701315,0.12359743493008178,0.7972049806625263,0.5041982390513022,581.2345318773922,189,600,1
a,0,34,Si,5.41970924,2.77381855,2.82875325,-0.2794694229468084,-0.32516508712606,-0.22452294541241424,-0.05971634111248963,-0.10431587871384591,0.07416935529859732,0.7972049806625263,0.6071082441945399,581.2345318773922,189,600,1
a,0,35,Si,6.8521043,4.16181323,4.10617148,0.5104206366275676,0.1369891524544864,0.11388381359640487,0.13550534680057627,0.11140929299340838,0.0941188216301116,0.7972049806625263,0.6781382418899413,581.2345318773922,189,600,1
a,0,36,Si,8.20173866,-0.08046572,2.88039149,0.5272745122711087,0.2655148661919321,-0.22122079798365113,0.11559866335287568,0.09542063769884603,-0.09638536875134404,0.7972049806625263,0.790813521971774,581.2345318773922,189,600,1
a,0,37,Si,9.52505338,1.35484746,3.98109183,-0.07346758807696419,0.1418762186041627,-0.4129014232776951,-0.033475793356777174,0.07000486880209164,-0.08925501506790559,0.7972049806625263,0.5553585575639465,581.2345318773922,189,600,1
a,0,38,Si,8.20898966,2.83305508,0.11290609,0.009830262795726408,-0.12975479248365368,0.2755069218285361,-0.027763199274140157,-0.09622402910231828,0.06573119179949583,0.7972049806625263,0.38219988800187066,581.2345318773922,189,600,1
a,0,39,Si,9.61247801,4.25585293,1.29390395,-0.2507120888535941,0.5380727539503346,0.08967765553979587,-0.09054197711857828,0.0941761396087217,0.03290555609561438,0.7972049806625263,0.7530693866410165,581.2345318773922,189,600,1
a,0,40,Si,5.53538385,0.02878015,5.47505469,-0.06183392622182149,-0.13967222197967358,0.07966542073712876,-0.047214190640574964,-0.12244284227726734,0.017882042157851302,0.7972049806625263,0.21609754030195333,581.2345318773922,189,600,1
a,0,41,Si,6.88100731,1.18928515,6.79988136,-0.05701379934305584,-0.16906213421323257,-0.12110276339473425,0.019482787079753545,-0.03826720283326421,-0.1745089856942023,0.7972049806625263,0.27048879013102256,581.2345318773922,189,600,1
a,0,42,Si,5.3595552,2.50188133,8.06241786,-0.10020638681021432,0.20597371860054114,0.039159764973831224,-0.03134835207165201,-0.02256728217418139,0.003377488482909143,0.7972049806625263,0.2914921045032683,581.2345318773922,189,600,1
a,0,43,Si,6.84783239,4.10645105,9.51771194,-0.23312850562011156,0.29060736076701593,-0.3614046116260608,-0.05647822343811073,0.13612735848109767,-0.01172985130302463,0.7972049806625263,0.6510895828002418,581.2345318773922,189,600,1
a,0,44,Si,8.13402906,0.03410782,8.15479721,-0.029859227925643772,-0.10983560787719004,0.1018473675397577,-0.09394309954896607,0.05856497012991305,0.001982168139450503,0.7972049806625263,0.19158951301272165,581.2345318773922,189,600,1
a,0,45,Si,9.36775309,1.49217302,9.41399643,0.14140041509372314,-0.001876018848777361,-0.08476103021589076,0.09568308160013558,-0.02644110582443626,-0.07350559287233085,0.7972049806625263,0.20680971351639996,581.2345318773922,189,600,1
a,0,46,Si,8.09000644,2.66676693,5.38255546,0.10537867199594264,0.12806472300707708,-0.2648290129090472,0.08761908173923484,0.06962706096177187,-0.08197694485976474,0.7972049806625263,0.3919612102785819,581.2345318773922,189,600,1
a,0,47,Si,9.69390856,4.0988878,6.72968271,-0.0742295246283664,-0.17864129677525598,0.3336547175211424,-0.03749414991456854,-0.08311559796140557,0.09306666896808909,0.7972049806625263,0.48378886083396366,581.2345318773922,189,600,1
a,0,48,Si,5.47922957,5.5134664,0.21200732,0.06156576932171559,-0.04396684089606473,0.17353200070643338,-0.00013919169748333171,-0.004049760969387928,0.13614304168431682,0.7972049806625263,0.23746220761577036,581.2345318773922,189,600,1
a,0,49,Si,6.74385869,6.76340101,1.57250635,-0.15201467770471488,-0.2876042590533423,-0.11111043618017916,0.01983346885818769,0.009007349600451093,-0.03965402289090825,0.7972049806625263,0.4312051945017098,581.2345318773922,189,600,1
a,0,50,Si,5.45599081,8.21098995,2.91299868,-0.03523722171805965,0.31324162275369327,0.27202867871925496,0.019999312559267072,-0.02183750218160411,0.09908491667036207,0.7972049806625263,0.5222836402647736,581.2345318773922,189,600,1
a,0,51,Si,6.67289828,9.55006127,4.15034315,-0.585834820063369,-0.01593898154834128,-0.09607533622782438,-0.12253204241511959,0.03129825627094401,-0.07055314826207873,0.7972049806625263,0.7449458354191743,581.2345318773922,189,600,1
a,0,52,Si,8.13937541,5.40291659,2.82834713,0.11935563256216253,-0.23218539936712967,0.2254524910910355,0.01263426109738461,-0.10577738223257757,-0.04224162840840184,0.7972049806625263,0.4326886167172838,581.2345318773922,189,600,1
a,0,53,Si,9.53369097,6.65703372,4.24095553,-0.6210637352216976,0.39174291049430404,-0.19889792634973646,-0.12742769064947915,0.045894887072298086,-0.06632830490754528,0.7972049806625263,0.9542735650805358,581.2345318773922,189,600,1
a,0,54,Si,7.9673779,8.03682261,0.02303909,0.015525418837861182,-0.04168662291763048,-0.23620944040803477,0.05036872537014934,-0.029953220642386237,-0.09991699127393922,0.7972049806625263,0.301505428656409,581.2345318773922,189,600,1
a,0,55,Si,9.31465108,9.40165416,1.44397061,-0.09758219603234197,0.3584891221141754,0.36881746704651996,-0.03229470327959188,0.058680661587928964,0.10301796013828994,0.7972049806625263,0.656682204708807,581.2345318773922,189,600,1
a,0,56,Si,5.41188905,5.35748019,5.45414447,-0.09634067249914766,-0.3343446150027858,0.06427528860177695,-0.0753219639019978,-0.08936709238486683,0.04175376040891137,0.7972049806625263,0.44384435762481583,581.2345318773922,189,600,1
a,0,57,Si,6.66061921,6.81119962,6.7820889,0.19338064927794663,-0.10225757764781851,0.14548175614715758,0.03939044444077709,-0.028212269009293547,0.04645732447907061,0.7972049806625263,0.3295414245119774,581.2345318773922,189,600,1
a,0,58,Si,5.36706452,8.15066299,8.1233052,0.20844471174419205,0.2226095691832103,-0.3003190543639164,-0.060813874578247794,0.027386649935440974,-0.07283618998611703,0.7972049806625263,0.5368929444599836,581.2345318773922,189,600,1
a,0,59,Si,6.68304892,9.47288506,9.38920582,-0.0007174705642376544,0.11036264808971588,0.17181623886771413,-0.005978503065415926,-0.03735380644805467,-0.07527344794102693,0.7972049806625263,0.2561559964969863,581.2345318773922,189,600,1
a,0,60,Si,8.19218188,5.477844,8.17501514,-0.1566093311623884,-0.2281528418016293,-0.06656212833041075,-0.08507762973953062,-0.056206123850116516,-0.06721274699685426,0.7972049806625263,0.3570271468857688,581.2345318773922,189,600,1
a,0,61,Si,9.46455314,6.8134469,9.43721109,-0.05034443909143205,0.13319676159889854,0.25124940138312457,0.0715158781695495,-0.01385028998921773,0.08172653017559486,0.7972049806625263,0.3622586413836826,581.2345318773922,189,600,1
a,0,62,Si,8.088249,8.03644247,5.30484386,0.4827075522458726,-0.3422012060108781,-0.0864760895306238,0.06718365596479572,-0.07915684330441075,-0.0516157495958688,0.7972049806625263,0.750102251662268,581.2345318773922,189,600,1
a,0,63,Si,9.56233168,9.53570757,6.70204767,-0.03329861339074758,-0.07624525062584556,-0.11257880103969914,0.03186695359491099,-0.08351435352430653,-0.06774155494621592,0.7972049806625263,0.1755961815666568,581.2345318773922,189,600,1
