panel,replica,time_fs,predicted_W_meV,Q_eV_A2,velocity_norm_A_per_fs,max_allowed_time_fs,series,configuration_label
c,0,0.0,0.0,2.1541011874518374,0.05702777307111005,0.8798397424484948,frozen quadratic prediction,1
c,0,0.004399198712242474,6.778851014203424e-05,2.1541011874518374,0.05702777307111005,0.8798397424484948,frozen quadratic prediction,1
c,0,0.008798397424484948,0.00027115404056813697,2.1541011874518374,0.05702777307111005,0.8798397424484948,frozen quadratic prediction,1
c,0,0.013197596136727423,0.0006100965912783083,2.1541011874518374,0.05702777307111005,0.8798397424484948,frozen quadratic prediction,1
c,0,0.017596794848969897,0.0010846161622725479,2.1541011874518374,0.05702777307111005,0.8798397424484948,frozen quadratic prediction,1
c,0,0.02199599356121237,0.001694712753550856,2.1541011874518374,0.05702777307111005,0.8798397424484948,frozen quadratic prediction,1
c,0,0.026395192273454847,0.002440386365113233,2.1541011874518374,0.05702777307111005,0.8798397424484948,frozen quadratic prediction,1
c,0,0.03079439098569732,0.003321636996959678,2.1541011874518374,0.05702777307111005,0.8798397424484948,frozen quadratic prediction,1
c,0,0.035193589697939794,0.0043384646490901915,2.1541011874518374,0.05702777307111005,0.8798397424484948,frozen quadratic prediction,1
c,0,0.03959278841018227,0.005490869321504774,2.1541011874518374,0.05702777307111005,0.8798397424484948,frozen quadratic prediction,1
c,0,0.04399198712242474,0.006778851014203424,2.1541011874518374,0.05702777307111005,0.8798397424484948,frozen quadratic prediction,1
c,0,0.048391185834667214,0.008202409727186144,2.1541011874518374,0.05702777307111005,0.8798397424484948,frozen quadratic prediction,1
c,0,0.052790384546909694,0.009761545460452933,2.1541011874518374,0.05702777307111005,0.8798397424484948,frozen quadratic prediction,1
c,0,0.05718958325915217,0.011456258214003789,2.1541011874518374,0.05702777307111005,0.8798397424484948,frozen quadratic prediction,1
c,0,0.06158878197139464,0.013286547987838713,2.1541011874518374,0.05702777307111005,0.8798397424484948,frozen quadratic prediction,1
c,0,0.0659879806836371,0.015252414781957704,2.1541011874518374,0.05702777307111005,0.8798397424484948,frozen quadratic prediction,1
c,0,0.07038717939587959,0.017353858596360766,2.1541011874518374,0.05702777307111005,0.8798397424484948,frozen quadratic prediction,1
c,0,0.07478637810812207,0.0195908794310479,2.1541011874518374,0.05702777307111005,0.8798397424484948,frozen quadratic prediction,1
c,0,0.07918557682036453,0.021963477286019096,2.1541011874518374,0.05702777307111005,0.8798397424484948,frozen quadratic prediction,1
c,0,0.08358477553260701,0.024471652161274365,2.1541011874518374,0.05702777307111005,0.8798397424484948,frozen quadratic prediction,1
c,0,0.08798397424484948,0.027115404056813695,2.1541011874518374,0.05702777307111005,0.8798397424484948,frozen quadratic prediction,1
c,0,0.09238317295709196,0.029894732972637103,2.1541011874518374,0.05702777307111005,0.8798397424484948,frozen quadratic prediction,1
c,0,0.09678237166933443,0.032809638908744575,2.1541011874518374,0.05702777307111005,0.8798397424484948,frozen quadratic prediction,1
c,0,0.10118157038157691,0.03586012186513612,2.1541011874518374,0.05702777307111005,0.8798397424484948,frozen quadratic prediction,1
c,0,0.10558076909381939,0.03904618184181173,2.1541011874518374,0.05702777307111005,0.8798397424484948,frozen quadratic prediction,1
c,0,0.10997996780606185,0.0423678188387714,2.1541011874518374,0.05702777307111005,0.8798397424484948,frozen quadratic prediction,1
c,0,0.11437916651830433,0.045825032856015156,2.1541011874518374,0.05702777307111005,0.8798397424484948,frozen quadratic prediction,1
c,0,0.1187783652305468,0.04941782389354296,2.1541011874518374,0.05702777307111005,0.8798397424484948,frozen quadratic prediction,1
c,0,0.12317756394278928,0.05314619195135485,2.1541011874518374,0.05702777307111005,0.8798397424484948,frozen quadratic prediction,1
c,0,0.12757676265503176,0.05701013702945081,2.1541011874518374,0.05702777307111005,0.8798397424484948,frozen quadratic prediction,1
c,0,0.1319759613672742,0.061009659127830816,2.1541011874518374,0.05702777307111005,0.8798397424484948,frozen quadratic prediction,1
c,0,0.1363751600795167,0.0651447582464949,2.1541011874518374,0.05702777307111005,0.8798397424484948,frozen quadratic prediction,1
c,0,0.14077435879175917,0.06941543438544306,2.1541011874518374,0.05702777307111005,0.8798397424484948,frozen quadratic prediction,1
c,0,0.14517355750400165,0.0738216875446753,2.1541011874518374,0.05702777307111005,0.8798397424484948,frozen quadratic prediction,1
c,0,0.14957275621624413,0.0783635177241916,2.1541011874518374,0.05702777307111005,0.8798397424484948,frozen quadratic prediction,1
c,0,0.1539719549284866,0.08304092492399194,2.1541011874518374,0.05702777307111005,0.8798397424484948,frozen quadratic prediction,1
c,0,0.15837115364072907,0.08785390914407638,2.1541011874518374,0.05702777307111005,0.8798397424484948,frozen quadratic prediction,1
c,0,0.16277035235297155,0.09280247038444488,2.1541011874518374,0.05702777307111005,0.8798397424484948,frozen quadratic prediction,1
c,0,0.16716955106521403,0.09788660864509746,2.1541011874518374,0.05702777307111005,0.8798397424484948,frozen quadratic prediction,1
c,0,0.17156874977745648,0.10310632392603408,2.1541011874518374,0.05702777307111005,0.8798397424484948,frozen quadratic prediction,1
c,0,0.17596794848969896,0.10846161622725478,2.1541011874518374,0.05702777307111005,0.8798397424484948,frozen quadratic prediction,1
c,0,0.18036714720194144,0.11395248554875956,2.1541011874518374,0.05702777307111005,0.8798397424484948,frozen quadratic prediction,1
c,0,0.18476634591418392,0.11957893189054841,2.1541011874518374,0.05702777307111005,0.8798397424484948,frozen quadratic prediction,1
c,0,0.1891655446264264,0.12534095525262134,2.1541011874518374,0.05702777307111005,0.8798397424484948,frozen quadratic prediction,1
c,0,0.19356474333866885,0.1312385556349783,2.1541011874518374,0.05702777307111005,0.8798397424484948,frozen quadratic prediction,1
c,0,0.19796394205091133,0.13727173303761933,2.1541011874518374,0.05702777307111005,0.8798397424484948,frozen quadratic prediction,1
c,0,0.20236314076315381,0.14344048746054447,2.1541011874518374,0.05702777307111005,0.8798397424484948,frozen quadratic prediction,1
c,0,0.2067623394753963,0.14974481890375366,2.1541011874518374,0.05702777307111005,0.8798397424484948,frozen quadratic prediction,1
c,0,0.21116153818763878,0.15618472736724692,2.1541011874518374,0.05702777307111005,0.8798397424484948,frozen quadratic prediction,1
c,0,0.21556073689988123,0.16276021285102424,2.1541011874518374,0.05702777307111005,0.8798397424484948,frozen quadratic prediction,1
c,0,0.2199599356121237,0.1694712753550856,2.1541011874518374,0.05702777307111005,0.8798397424484948,frozen quadratic prediction,1
c,0,0.2243591343243662,0.17631791487943108,2.1541011874518374,0.05702777307111005,0.8798397424484948,frozen quadratic prediction,1
c,0,0.22875833303660867,0.18330013142406062,2.1541011874518374,0.05702777307111005,0.8798397424484948,frozen quadratic prediction,1
c,0,0.23315753174885112,0.19041792498897417,2.1541011874518374,0.05702777307111005,0.8798397424484948,frozen quadratic prediction,1
c,0,0.2375567304610936,0.19767129557417185,2.1541011874518374,0.05702777307111005,0.8798397424484948,frozen quadratic prediction,1
c,0,0.24195592917333608,0.2050602431796536,2.1541011874518374,0.05702777307111005,0.8798397424484948,frozen quadratic prediction,1
c,0,0.24635512788557856,0.2125847678054194,2.1541011874518374,0.05702777307111005,0.8798397424484948,frozen quadratic prediction,1
c,0,0.25075432659782104,0.2202448694514693,2.1541011874518374,0.05702777307111005,0.8798397424484948,frozen quadratic prediction,1
c,0,0.2551535253100635,0.22804054811780325,2.1541011874518374,0.05702777307111005,0.8798397424484948,frozen quadratic prediction,1
c,0,0.259552724022306,0.23597180380442123,2.1541011874518374,0.05702777307111005,0.8798397424484948,frozen quadratic prediction,1
c,0,0.2639519227345484,0.24403863651132326,2.1541011874518374,0.05702777307111005,0.8798397424484948,frozen quadratic prediction,1
c,0,0.2683511214467909,0.2522410462385094,2.1541011874518374,0.05702777307111005,0.8798397424484948,frozen quadratic prediction,1
c,0,0.2727503201590334,0.2605790329859796,2.1541011874518374,0.05702777307111005,0.8798397424484948,frozen quadratic prediction,1
c,0,0.27714951887127587,0.26905259675373394,2.1541011874518374,0.05702777307111005,0.8798397424484948,frozen quadratic prediction,1
c,0,0.28154871758351835,0.27766173754177226,2.1541011874518374,0.05702777307111005,0.8798397424484948,frozen quadratic prediction,1
c,0,0.28594791629576083,0.2864064553500947,2.1541011874518374,0.05702777307111005,0.8798397424484948,frozen quadratic prediction,1
c,0,0.2903471150080033,0.2952867501787012,2.1541011874518374,0.05702777307111005,0.8798397424484948,frozen quadratic prediction,1
c,0,0.2947463137202458,0.3043026220275918,2.1541011874518374,0.05702777307111005,0.8798397424484948,frozen quadratic prediction,1
c,0,0.29914551243248827,0.3134540708967664,2.1541011874518374,0.05702777307111005,0.8798397424484948,frozen quadratic prediction,1
c,0,0.3035447111447307,0.322741096786225,2.1541011874518374,0.05702777307111005,0.8798397424484948,frozen quadratic prediction,1
c,0,0.3079439098569732,0.33216369969596776,2.1541011874518374,0.05702777307111005,0.8798397424484948,frozen quadratic prediction,1
c,0,0.31234310856921566,0.34172187962599465,2.1541011874518374,0.05702777307111005,0.8798397424484948,frozen quadratic prediction,1
c,0,0.31674230728145814,0.35141563657630553,2.1541011874518374,0.05702777307111005,0.8798397424484948,frozen quadratic prediction,1
c,0,0.3211415059937006,0.3612449705469005,2.1541011874518374,0.05702777307111005,0.8798397424484948,frozen quadratic prediction,1
c,0,0.3255407047059431,0.3712098815377795,2.1541011874518374,0.05702777307111005,0.8798397424484948,frozen quadratic prediction,1
c,0,0.3299399034181856,0.38131036954894265,2.1541011874518374,0.05702777307111005,0.8798397424484948,frozen quadratic prediction,1
c,0,0.33433910213042806,0.39154643458038985,2.1541011874518374,0.05702777307111005,0.8798397424484948,frozen quadratic prediction,1
c,0,0.33873830084267054,0.4019180766321211,2.1541011874518374,0.05702777307111005,0.8798397424484948,frozen quadratic prediction,1
c,0,0.34313749955491296,0.41242529570413633,2.1541011874518374,0.05702777307111005,0.8798397424484948,frozen quadratic prediction,1
c,0,0.34753669826715544,0.4230680917964357,2.1541011874518374,0.05702777307111005,0.8798397424484948,frozen quadratic prediction,1
c,0,0.3519358969793979,0.4338464649090191,2.1541011874518374,0.05702777307111005,0.8798397424484948,frozen quadratic prediction,1
c,0,0.3563350956916404,0.4447604150418867,2.1541011874518374,0.05702777307111005,0.8798397424484948,frozen quadratic prediction,1
c,0,0.3607342944038829,0.45580994219503823,2.1541011874518374,0.05702777307111005,0.8798397424484948,frozen quadratic prediction,1
c,0,0.36513349311612536,0.4669950463684739,2.1541011874518374,0.05702777307111005,0.8798397424484948,frozen quadratic prediction,1
c,0,0.36953269182836784,0.47831572756219365,2.1541011874518374,0.05702777307111005,0.8798397424484948,frozen quadratic prediction,1
c,0,0.3739318905406103,0.48977198577619746,2.1541011874518374,0.05702777307111005,0.8798397424484948,frozen quadratic prediction,1
c,0,0.3783310892528528,0.5013638210104854,2.1541011874518374,0.05702777307111005,0.8798397424484948,frozen quadratic prediction,1
c,0,0.38273028796509523,0.5130912332650571,2.1541011874518374,0.05702777307111005,0.8798397424484948,frozen quadratic prediction,1
c,0,0.3871294866773377,0.5249542225399132,2.1541011874518374,0.05702777307111005,0.8798397424484948,frozen quadratic prediction,1
c,0,0.3915286853895802,0.5369527888350533,2.1541011874518374,0.05702777307111005,0.8798397424484948,frozen quadratic prediction,1
c,0,0.39592788410182267,0.5490869321504773,2.1541011874518374,0.05702777307111005,0.8798397424484948,frozen quadratic prediction,1
c,0,0.40032708281406515,0.5613566524861856,2.1541011874518374,0.05702777307111005,0.8798397424484948,frozen quadratic prediction,1
c,0,0.40472628152630763,0.5737619498421779,2.1541011874518374,0.05702777307111005,0.8798397424484948,frozen quadratic prediction,1
c,0,0.4091254802385501,0.5863028242184543,2.1541011874518374,0.05702777307111005,0.8798397424484948,frozen quadratic prediction,1
c,0,0.4135246789507926,0.5989792756150146,2.1541011874518374,0.05702777307111005,0.8798397424484948,frozen quadratic prediction,1
c,0,0.41792387766303507,0.6117913040318591,2.1541011874518374,0.05702777307111005,0.8798397424484948,frozen quadratic prediction,1
c,0,0.42232307637527755,0.6247389094689877,2.1541011874518374,0.05702777307111005,0.8798397424484948,frozen quadratic prediction,1
c,0,0.42672227508752,0.6378220919264002,2.1541011874518374,0.05702777307111005,0.8798397424484948,frozen quadratic prediction,1
c,0,0.43112147379976246,0.651040851404097,2.1541011874518374,0.05702777307111005,0.8798397424484948,frozen quadratic prediction,1
c,0,0.43552067251200494,0.6643951879020776,2.1541011874518374,0.05702777307111005,0.8798397424484948,frozen quadratic prediction,1
c,0,0.4399198712242474,0.6778851014203424,2.1541011874518374,0.05702777307111005,0.8798397424484948,frozen quadratic prediction,1
c,0,0.4443190699364899,0.6915105919588913,2.1541011874518374,0.05702777307111005,0.8798397424484948,frozen quadratic prediction,1
c,0,0.4487182686487324,0.7052716595177243,2.1541011874518374,0.05702777307111005,0.8798397424484948,frozen quadratic prediction,1
c,0,0.45311746736097486,0.7191683040968413,2.1541011874518374,0.05702777307111005,0.8798397424484948,frozen quadratic prediction,1
c,0,0.45751666607321734,0.7332005256962425,2.1541011874518374,0.05702777307111005,0.8798397424484948,frozen quadratic prediction,1
c,0,0.4619158647854598,0.7473683243159277,2.1541011874518374,0.05702777307111005,0.8798397424484948,frozen quadratic prediction,1
c,0,0.46631506349770224,0.7616716999558967,2.1541011874518374,0.05702777307111005,0.8798397424484948,frozen quadratic prediction,1
c,0,0.4707142622099447,0.77611065261615,2.1541011874518374,0.05702777307111005,0.8798397424484948,frozen quadratic prediction,1
c,0,0.4751134609221872,0.7906851822966874,2.1541011874518374,0.05702777307111005,0.8798397424484948,frozen quadratic prediction,1
c,0,0.4795126596344297,0.8053952889975089,2.1541011874518374,0.05702777307111005,0.8798397424484948,frozen quadratic prediction,1
c,0,0.48391185834667216,0.8202409727186144,2.1541011874518374,0.05702777307111005,0.8798397424484948,frozen quadratic prediction,1
c,0,0.48831105705891464,0.835222233460004,2.1541011874518374,0.05702777307111005,0.8798397424484948,frozen quadratic prediction,1
c,0,0.4927102557711571,0.8503390712216776,2.1541011874518374,0.05702777307111005,0.8798397424484948,frozen quadratic prediction,1
c,0,0.4971094544833996,0.8655914860036354,2.1541011874518374,0.05702777307111005,0.8798397424484948,frozen quadratic prediction,1
c,0,0.5015086531956421,0.8809794778058772,2.1541011874518374,0.05702777307111005,0.8798397424484948,frozen quadratic prediction,1
c,0,0.5059078519078846,0.8965030466284031,2.1541011874518374,0.05702777307111005,0.8798397424484948,frozen quadratic prediction,1
c,0,0.510307050620127,0.912162192471213,2.1541011874518374,0.05702777307111005,0.8798397424484948,frozen quadratic prediction,1
c,0,0.5147062493323695,0.927956915334307,2.1541011874518374,0.05702777307111005,0.8798397424484948,frozen quadratic prediction,1
c,0,0.519105448044612,0.9438872152176849,2.1541011874518374,0.05702777307111005,0.8798397424484948,frozen quadratic prediction,1
c,0,0.5235046467568544,0.9599530921213468,2.1541011874518374,0.05702777307111005,0.8798397424484948,frozen quadratic prediction,1
c,0,0.5279038454690969,0.9761545460452931,2.1541011874518374,0.05702777307111005,0.8798397424484948,frozen quadratic prediction,1
c,0,0.5323030441813393,0.9924915769895232,2.1541011874518374,0.05702777307111005,0.8798397424484948,frozen quadratic prediction,1
c,0,0.5367022428935818,1.0089641849540376,2.1541011874518374,0.05702777307111005,0.8798397424484948,frozen quadratic prediction,1
c,0,0.5411014416058243,1.025572369938836,2.1541011874518374,0.05702777307111005,0.8798397424484948,frozen quadratic prediction,1
c,0,0.5455006403180668,1.0423161319439185,2.1541011874518374,0.05702777307111005,0.8798397424484948,frozen quadratic prediction,1
c,0,0.5498998390303093,1.059195470969285,2.1541011874518374,0.05702777307111005,0.8798397424484948,frozen quadratic prediction,1
c,0,0.5542990377425517,1.0762103870149358,2.1541011874518374,0.05702777307111005,0.8798397424484948,frozen quadratic prediction,1
c,0,0.5586982364547942,1.0933608800808703,2.1541011874518374,0.05702777307111005,0.8798397424484948,frozen quadratic prediction,1
c,0,0.5630974351670367,1.110646950167089,2.1541011874518374,0.05702777307111005,0.8798397424484948,frozen quadratic prediction,1
c,0,0.5674966338792792,1.1280685972735918,2.1541011874518374,0.05702777307111005,0.8798397424484948,frozen quadratic prediction,1
c,0,0.5718958325915217,1.1456258214003787,2.1541011874518374,0.05702777307111005,0.8798397424484948,frozen quadratic prediction,1
c,0,0.5762950313037641,1.1633186225474497,2.1541011874518374,0.05702777307111005,0.8798397424484948,frozen quadratic prediction,1
c,0,0.5806942300160066,1.1811470007148048,2.1541011874518374,0.05702777307111005,0.8798397424484948,frozen quadratic prediction,1
c,0,0.5850934287282491,1.199110955902444,2.1541011874518374,0.05702777307111005,0.8798397424484948,frozen quadratic prediction,1
c,0,0.5894926274404916,1.2172104881103671,2.1541011874518374,0.05702777307111005,0.8798397424484948,frozen quadratic prediction,1
c,0,0.5938918261527341,1.2354455973385743,2.1541011874518374,0.05702777307111005,0.8798397424484948,frozen quadratic prediction,1
c,0,0.5982910248649765,1.2538162835870656,2.1541011874518374,0.05702777307111005,0.8798397424484948,frozen quadratic prediction,1
c,0,0.602690223577219,1.272322546855841,2.1541011874518374,0.05702777307111005,0.8798397424484948,frozen quadratic prediction,1
c,0,0.6070894222894614,1.2909643871449,2.1541011874518374,0.05702777307111005,0.8798397424484948,frozen quadratic prediction,1
c,0,0.6114886210017039,1.3097418044542435,2.1541011874518374,0.05702777307111005,0.8798397424484948,frozen quadratic prediction,1
c,0,0.6158878197139463,1.328654798783871,2.1541011874518374,0.05702777307111005,0.8798397424484948,frozen quadratic prediction,1
c,0,0.6202870184261888,1.3477033701337826,2.1541011874518374,0.05702777307111005,0.8798397424484948,frozen quadratic prediction,1
c,0,0.6246862171384313,1.3668875185039786,2.1541011874518374,0.05702777307111005,0.8798397424484948,frozen quadratic prediction,1
c,0,0.6290854158506738,1.3862072438944584,2.1541011874518374,0.05702777307111005,0.8798397424484948,frozen quadratic prediction,1
c,0,0.6334846145629163,1.4056625463052221,2.1541011874518374,0.05702777307111005,0.8798397424484948,frozen quadratic prediction,1
c,0,0.6378838132751588,1.4252534257362701,2.1541011874518374,0.05702777307111005,0.8798397424484948,frozen quadratic prediction,1
c,0,0.6422830119874012,1.444979882187602,2.1541011874518374,0.05702777307111005,0.8798397424484948,frozen quadratic prediction,1
c,0,0.6466822106996437,1.464841915659218,2.1541011874518374,0.05702777307111005,0.8798397424484948,frozen quadratic prediction,1
c,0,0.6510814094118862,1.484839526151118,2.1541011874518374,0.05702777307111005,0.8798397424484948,frozen quadratic prediction,1
c,0,0.6554806081241287,1.5049727136633024,2.1541011874518374,0.05702777307111005,0.8798397424484948,frozen quadratic prediction,1
c,0,0.6598798068363712,1.5252414781957706,2.1541011874518374,0.05702777307111005,0.8798397424484948,frozen quadratic prediction,1
c,0,0.6642790055486136,1.545645819748523,2.1541011874518374,0.05702777307111005,0.8798397424484948,frozen quadratic prediction,1
c,0,0.6686782042608561,1.5661857383215594,2.1541011874518374,0.05702777307111005,0.8798397424484948,frozen quadratic prediction,1
c,0,0.6730774029730986,1.5868612339148798,2.1541011874518374,0.05702777307111005,0.8798397424484948,frozen quadratic prediction,1
c,0,0.6774766016853411,1.6076723065284844,2.1541011874518374,0.05702777307111005,0.8798397424484948,frozen quadratic prediction,1
c,0,0.6818758003975836,1.628618956162373,2.1541011874518374,0.05702777307111005,0.8798397424484948,frozen quadratic prediction,1
c,0,0.6862749991098259,1.6497011828165453,2.1541011874518374,0.05702777307111005,0.8798397424484948,frozen quadratic prediction,1
c,0,0.6906741978220684,1.670918986491002,2.1541011874518374,0.05702777307111005,0.8798397424484948,frozen quadratic prediction,1
c,0,0.6950733965343109,1.6922723671857427,2.1541011874518374,0.05702777307111005,0.8798397424484948,frozen quadratic prediction,1
c,0,0.6994725952465534,1.7137613249007677,2.1541011874518374,0.05702777307111005,0.8798397424484948,frozen quadratic prediction,1
c,0,0.7038717939587958,1.7353858596360765,2.1541011874518374,0.05702777307111005,0.8798397424484948,frozen quadratic prediction,1
c,0,0.7082709926710383,1.7571459713916695,2.1541011874518374,0.05702777307111005,0.8798397424484948,frozen quadratic prediction,1
c,0,0.7126701913832808,1.7790416601675467,2.1541011874518374,0.05702777307111005,0.8798397424484948,frozen quadratic prediction,1
c,0,0.7170693900955233,1.801072925963708,2.1541011874518374,0.05702777307111005,0.8798397424484948,frozen quadratic prediction,1
c,0,0.7214685888077658,1.823239768780153,2.1541011874518374,0.05702777307111005,0.8798397424484948,frozen quadratic prediction,1
c,0,0.7258677875200082,1.8455421886168824,2.1541011874518374,0.05702777307111005,0.8798397424484948,frozen quadratic prediction,1
c,0,0.7302669862322507,1.8679801854738955,2.1541011874518374,0.05702777307111005,0.8798397424484948,frozen quadratic prediction,1
c,0,0.7346661849444932,1.8905537593511932,2.1541011874518374,0.05702777307111005,0.8798397424484948,frozen quadratic prediction,1
c,0,0.7390653836567357,1.9132629102487746,2.1541011874518374,0.05702777307111005,0.8798397424484948,frozen quadratic prediction,1
c,0,0.7434645823689782,1.9361076381666402,2.1541011874518374,0.05702777307111005,0.8798397424484948,frozen quadratic prediction,1
c,0,0.7478637810812206,1.9590879431047898,2.1541011874518374,0.05702777307111005,0.8798397424484948,frozen quadratic prediction,1
c,0,0.7522629797934631,1.9822038250632237,2.1541011874518374,0.05702777307111005,0.8798397424484948,frozen quadratic prediction,1
c,0,0.7566621785057056,2.0054552840419415,2.1541011874518374,0.05702777307111005,0.8798397424484948,frozen quadratic prediction,1
c,0,0.7610613772179481,2.0288423200409436,2.1541011874518374,0.05702777307111005,0.8798397424484948,frozen quadratic prediction,1
c,0,0.7654605759301905,2.0523649330602285,2.1541011874518374,0.05702777307111005,0.8798397424484948,frozen quadratic prediction,1
c,0,0.7698597746424329,2.0760231230997985,2.1541011874518374,0.05702777307111005,0.8798397424484948,frozen quadratic prediction,1
c,0,0.7742589733546754,2.099816890159653,2.1541011874518374,0.05702777307111005,0.8798397424484948,frozen quadratic prediction,1
c,0,0.7786581720669179,2.123746234239791,2.1541011874518374,0.05702777307111005,0.8798397424484948,frozen quadratic prediction,1
c,0,0.7830573707791604,2.147811155340213,2.1541011874518374,0.05702777307111005,0.8798397424484948,frozen quadratic prediction,1
c,0,0.7874565694914029,2.172011653460919,2.1541011874518374,0.05702777307111005,0.8798397424484948,frozen quadratic prediction,1
c,0,0.7918557682036453,2.1963477286019093,2.1541011874518374,0.05702777307111005,0.8798397424484948,frozen quadratic prediction,1
c,0,0.7962549669158878,2.2208193807631837,2.1541011874518374,0.05702777307111005,0.8798397424484948,frozen quadratic prediction,1
c,0,0.8006541656281303,2.2454266099447424,2.1541011874518374,0.05702777307111005,0.8798397424484948,frozen quadratic prediction,1
c,0,0.8050533643403728,2.2701694161465853,2.1541011874518374,0.05702777307111005,0.8798397424484948,frozen quadratic prediction,1
c,0,0.8094525630526153,2.2950477993687115,2.1541011874518374,0.05702777307111005,0.8798397424484948,frozen quadratic prediction,1
c,0,0.8138517617648577,2.320061759611122,2.1541011874518374,0.05702777307111005,0.8798397424484948,frozen quadratic prediction,1
c,0,0.8182509604771002,2.345211296873817,2.1541011874518374,0.05702777307111005,0.8798397424484948,frozen quadratic prediction,1
c,0,0.8226501591893427,2.3704964111567954,2.1541011874518374,0.05702777307111005,0.8798397424484948,frozen quadratic prediction,1
c,0,0.8270493579015852,2.3959171024600585,2.1541011874518374,0.05702777307111005,0.8798397424484948,frozen quadratic prediction,1
c,0,0.8314485566138277,2.421473370783606,2.1541011874518374,0.05702777307111005,0.8798397424484948,frozen quadratic prediction,1
c,0,0.8358477553260701,2.4471652161274364,2.1541011874518374,0.05702777307111005,0.8798397424484948,frozen quadratic prediction,1
c,0,0.8402469540383126,2.4729926384915517,2.1541011874518374,0.05702777307111005,0.8798397424484948,frozen quadratic prediction,1
c,0,0.8446461527505551,2.4989556378759508,2.1541011874518374,0.05702777307111005,0.8798397424484948,frozen quadratic prediction,1
c,0,0.8490453514627975,2.525054214280633,2.1541011874518374,0.05702777307111005,0.8798397424484948,frozen quadratic prediction,1
c,0,0.85344455017504,2.5512883677056006,2.1541011874518374,0.05702777307111005,0.8798397424484948,frozen quadratic prediction,1
c,0,0.8578437488872824,2.577658098150852,2.1541011874518374,0.05702777307111005,0.8798397424484948,frozen quadratic prediction,1
c,0,0.8622429475995249,2.604163405616388,2.1541011874518374,0.05702777307111005,0.8798397424484948,frozen quadratic prediction,1
c,0,0.8666421463117674,2.6308042901022066,2.1541011874518374,0.05702777307111005,0.8798397424484948,frozen quadratic prediction,1
c,0,0.8710413450240099,2.6575807516083105,2.1541011874518374,0.05702777307111005,0.8798397424484948,frozen quadratic prediction,1
c,0,0.8754405437362524,2.684492790134698,2.1541011874518374,0.05702777307111005,0.8798397424484948,frozen quadratic prediction,1
c,0,0.8798397424484948,2.7115404056813697,2.1541011874518374,0.05702777307111005,0.8798397424484948,frozen quadratic prediction,1
c,1,0.0,0.0,2.227628020863035,0.05743876227530123,0.9918936090776841,frozen quadratic prediction,2
c,1,0.00495946804538842,9.03843033627981e-05,2.227628020863035,0.05743876227530123,0.9918936090776841,frozen quadratic prediction,2
c,1,0.00991893609077684,0.0003615372134511924,2.227628020863035,0.05743876227530123,0.9918936090776841,frozen quadratic prediction,2
c,1,0.014878404136165261,0.0008134587302651829,2.227628020863035,0.05743876227530123,0.9918936090776841,frozen quadratic prediction,2
c,1,0.01983787218155368,0.0014461488538047697,2.227628020863035,0.05743876227530123,0.9918936090776841,frozen quadratic prediction,2
c,1,0.0247973402269421,0.002259607584069953,2.227628020863035,0.05743876227530123,0.9918936090776841,frozen quadratic prediction,2
c,1,0.029756808272330522,0.0032538349210607317,2.227628020863035,0.05743876227530123,0.9918936090776841,frozen quadratic prediction,2
c,1,0.03471627631771894,0.004428830864777107,2.227628020863035,0.05743876227530123,0.9918936090776841,frozen quadratic prediction,2
c,1,0.03967574436310736,0.005784595415219079,2.227628020863035,0.05743876227530123,0.9918936090776841,frozen quadratic prediction,2
c,1,0.044635212408495786,0.007321128572386648,2.227628020863035,0.05743876227530123,0.9918936090776841,frozen quadratic prediction,2
c,1,0.0495946804538842,0.009038430336279811,2.227628020863035,0.05743876227530123,0.9918936090776841,frozen quadratic prediction,2
c,1,0.05455414849927262,0.01093650070689857,2.227628020863035,0.05743876227530123,0.9918936090776841,frozen quadratic prediction,2
c,1,0.059513616544661044,0.013015339684242927,2.227628020863035,0.05743876227530123,0.9918936090776841,frozen quadratic prediction,2
c,1,0.06447308459004947,0.015274947268312883,2.227628020863035,0.05743876227530123,0.9918936090776841,frozen quadratic prediction,2
c,1,0.06943255263543788,0.017715323459108426,2.227628020863035,0.05743876227530123,0.9918936090776841,frozen quadratic prediction,2
c,1,0.0743920206808263,0.02033646825662957,2.227628020863035,0.05743876227530123,0.9918936090776841,frozen quadratic prediction,2
c,1,0.07935148872621473,0.023138381660876315,2.227628020863035,0.05743876227530123,0.9918936090776841,frozen quadratic prediction,2
c,1,0.08431095677160315,0.026121063671848653,2.227628020863035,0.05743876227530123,0.9918936090776841,frozen quadratic prediction,2
c,1,0.08927042481699157,0.029284514289546593,2.227628020863035,0.05743876227530123,0.9918936090776841,frozen quadratic prediction,2
c,1,0.09422989286237998,0.032628733513970117,2.227628020863035,0.05743876227530123,0.9918936090776841,frozen quadratic prediction,2
c,1,0.0991893609077684,0.036153721345119245,2.227628020863035,0.05743876227530123,0.9918936090776841,frozen quadratic prediction,2
c,1,0.10414882895315683,0.03985947778299397,2.227628020863035,0.05743876227530123,0.9918936090776841,frozen quadratic prediction,2
c,1,0.10910829699854524,0.04374600282759428,2.227628020863035,0.05743876227530123,0.9918936090776841,frozen quadratic prediction,2
c,1,0.11406776504393366,0.04781329647892019,2.227628020863035,0.05743876227530123,0.9918936090776841,frozen quadratic prediction,2
c,1,0.11902723308932209,0.05206135873697171,2.227628020863035,0.05743876227530123,0.9918936090776841,frozen quadratic prediction,2
c,1,0.12398670113471051,0.05649018960174882,2.227628020863035,0.05743876227530123,0.9918936090776841,frozen quadratic prediction,2
c,1,0.12894616918009894,0.06109978907325153,2.227628020863035,0.05743876227530123,0.9918936090776841,frozen quadratic prediction,2
c,1,0.13390563722548735,0.06589015715147982,2.227628020863035,0.05743876227530123,0.9918936090776841,frozen quadratic prediction,2
c,1,0.13886510527087575,0.0708612938364337,2.227628020863035,0.05743876227530123,0.9918936090776841,frozen quadratic prediction,2
c,1,0.1438245733162642,0.07601319912811322,2.227628020863035,0.05743876227530123,0.9918936090776841,frozen quadratic prediction,2
c,1,0.1487840413616526,0.08134587302651829,2.227628020863035,0.05743876227530123,0.9918936090776841,frozen quadratic prediction,2
c,1,0.15374350940704104,0.086859315531649,2.227628020863035,0.05743876227530123,0.9918936090776841,frozen quadratic prediction,2
c,1,0.15870297745242945,0.09255352664350526,2.227628020863035,0.05743876227530123,0.9918936090776841,frozen quadratic prediction,2
c,1,0.16366244549781786,0.09842850636208712,2.227628020863035,0.05743876227530123,0.9918936090776841,frozen quadratic prediction,2
c,1,0.1686219135432063,0.10448425468739461,2.227628020863035,0.05743876227530123,0.9918936090776841,frozen quadratic prediction,2
c,1,0.1735813815885947,0.11072077161942769,2.227628020863035,0.05743876227530123,0.9918936090776841,frozen quadratic prediction,2
c,1,0.17854084963398315,0.11713805715818637,2.227628020863035,0.05743876227530123,0.9918936090776841,frozen quadratic prediction,2
c,1,0.18350031767937156,0.12373611130367061,2.227628020863035,0.05743876227530123,0.9918936090776841,frozen quadratic prediction,2
c,1,0.18845978572475997,0.13051493405588047,2.227628020863035,0.05743876227530123,0.9918936090776841,frozen quadratic prediction,2
c,1,0.1934192537701484,0.13747452541481592,2.227628020863035,0.05743876227530123,0.9918936090776841,frozen quadratic prediction,2
c,1,0.1983787218155368,0.14461488538047698,2.227628020863035,0.05743876227530123,0.9918936090776841,frozen quadratic prediction,2
c,1,0.20333818986092522,0.1519360139528636,2.227628020863035,0.05743876227530123,0.9918936090776841,frozen quadratic prediction,2
c,1,0.20829765790631366,0.1594379111319759,2.227628020863035,0.05743876227530123,0.9918936090776841,frozen quadratic prediction,2
c,1,0.21325712595170207,0.1671205769178137,2.227628020863035,0.05743876227530123,0.9918936090776841,frozen quadratic prediction,2
c,1,0.21821659399709048,0.1749840113103771,2.227628020863035,0.05743876227530123,0.9918936090776841,frozen quadratic prediction,2
c,1,0.22317606204247892,0.18302821430966618,2.227628020863035,0.05743876227530123,0.9918936090776841,frozen quadratic prediction,2
c,1,0.22813553008786733,0.19125318591568077,2.227628020863035,0.05743876227530123,0.9918936090776841,frozen quadratic prediction,2
c,1,0.23309499813325577,0.19965892612842104,2.227628020863035,0.05743876227530123,0.9918936090776841,frozen quadratic prediction,2
c,1,0.23805446617864418,0.20824543494788683,2.227628020863035,0.05743876227530123,0.9918936090776841,frozen quadratic prediction,2
c,1,0.24301393422403259,0.21701271237407824,2.227628020863035,0.05743876227530123,0.9918936090776841,frozen quadratic prediction,2
c,1,0.24797340226942102,0.22596075840699528,2.227628020863035,0.05743876227530123,0.9918936090776841,frozen quadratic prediction,2
c,1,0.25293287031480943,0.23508957304663786,2.227628020863035,0.05743876227530123,0.9918936090776841,frozen quadratic prediction,2
c,1,0.25789233836019787,0.24439915629300613,2.227628020863035,0.05743876227530123,0.9918936090776841,frozen quadratic prediction,2
c,1,0.26285180640558625,0.25388950814609984,2.227628020863035,0.05743876227530123,0.9918936090776841,frozen quadratic prediction,2
c,1,0.2678112744509747,0.2635606286059193,2.227628020863035,0.05743876227530123,0.9918936090776841,frozen quadratic prediction,2
c,1,0.2727707424963631,0.2734125176724643,2.227628020863035,0.05743876227530123,0.9918936090776841,frozen quadratic prediction,2
c,1,0.2777302105417515,0.2834451753457348,2.227628020863035,0.05743876227530123,0.9918936090776841,frozen quadratic prediction,2
c,1,0.28268967858713995,0.29365860162573104,2.227628020863035,0.05743876227530123,0.9918936090776841,frozen quadratic prediction,2
c,1,0.2876491466325284,0.30405279651245287,2.227628020863035,0.05743876227530123,0.9918936090776841,frozen quadratic prediction,2
c,1,0.2926086146779168,0.31462776000590026,2.227628020863035,0.05743876227530123,0.9918936090776841,frozen quadratic prediction,2
c,1,0.2975680827233052,0.32538349210607315,2.227628020863035,0.05743876227530123,0.9918936090776841,frozen quadratic prediction,2
c,1,0.30252755076869364,0.3363199928129718,2.227628020863035,0.05743876227530123,0.9918936090776841,frozen quadratic prediction,2
c,1,0.3074870188140821,0.347437262126596,2.227628020863035,0.05743876227530123,0.9918936090776841,frozen quadratic prediction,2
c,1,0.31244648685947046,0.35873530004694565,2.227628020863035,0.05743876227530123,0.9918936090776841,frozen quadratic prediction,2
c,1,0.3174059549048589,0.37021410657402104,2.227628020863035,0.05743876227530123,0.9918936090776841,frozen quadratic prediction,2
c,1,0.32236542295024734,0.38187368170782204,2.227628020863035,0.05743876227530123,0.9918936090776841,frozen quadratic prediction,2
c,1,0.3273248909956357,0.3937140254483485,2.227628020863035,0.05743876227530123,0.9918936090776841,frozen quadratic prediction,2
c,1,0.33228435904102416,0.4057351377956007,2.227628020863035,0.05743876227530123,0.9918936090776841,frozen quadratic prediction,2
c,1,0.3372438270864126,0.41793701874957845,2.227628020863035,0.05743876227530123,0.9918936090776841,frozen quadratic prediction,2
c,1,0.342203295131801,0.43031966831028173,2.227628020863035,0.05743876227530123,0.9918936090776841,frozen quadratic prediction,2
c,1,0.3471627631771894,0.44288308647771074,2.227628020863035,0.05743876227530123,0.9918936090776841,frozen quadratic prediction,2
c,1,0.35212223122257785,0.4556272732518653,2.227628020863035,0.05743876227530123,0.9918936090776841,frozen quadratic prediction,2
c,1,0.3570816992679663,0.4685522286327455,2.227628020863035,0.05743876227530123,0.9918936090776841,frozen quadratic prediction,2
c,1,0.3620411673133547,0.4816579526203511,2.227628020863035,0.05743876227530123,0.9918936090776841,frozen quadratic prediction,2
c,1,0.3670006353587431,0.49494444521468245,2.227628020863035,0.05743876227530123,0.9918936090776841,frozen quadratic prediction,2
c,1,0.37196010340413155,0.5084117064157394,2.227628020863035,0.05743876227530123,0.9918936090776841,frozen quadratic prediction,2
c,1,0.37691957144951993,0.5220597362235219,2.227628020863035,0.05743876227530123,0.9918936090776841,frozen quadratic prediction,2
c,1,0.38187903949490837,0.53588853463803,2.227628020863035,0.05743876227530123,0.9918936090776841,frozen quadratic prediction,2
c,1,0.3868385075402968,0.5498981016592637,2.227628020863035,0.05743876227530123,0.9918936090776841,frozen quadratic prediction,2
c,1,0.3917979755856852,0.5640884372872229,2.227628020863035,0.05743876227530123,0.9918936090776841,frozen quadratic prediction,2
c,1,0.3967574436310736,0.5784595415219079,2.227628020863035,0.05743876227530123,0.9918936090776841,frozen quadratic prediction,2
c,1,0.40171691167646206,0.5930114143633184,2.227628020863035,0.05743876227530123,0.9918936090776841,frozen quadratic prediction,2
c,1,0.40667637972185045,0.6077440558114544,2.227628020863035,0.05743876227530123,0.9918936090776841,frozen quadratic prediction,2
c,1,0.4116358477672389,0.6226574658663161,2.227628020863035,0.05743876227530123,0.9918936090776841,frozen quadratic prediction,2
c,1,0.4165953158126273,0.6377516445279036,2.227628020863035,0.05743876227530123,0.9918936090776841,frozen quadratic prediction,2
c,1,0.4215547838580157,0.6530265917962162,2.227628020863035,0.05743876227530123,0.9918936090776841,frozen quadratic prediction,2
c,1,0.42651425190340414,0.6684823076712548,2.227628020863035,0.05743876227530123,0.9918936090776841,frozen quadratic prediction,2
c,1,0.4314737199487926,0.684118792153019,2.227628020863035,0.05743876227530123,0.9918936090776841,frozen quadratic prediction,2
c,1,0.43643318799418096,0.6999360452415084,2.227628020863035,0.05743876227530123,0.9918936090776841,frozen quadratic prediction,2
c,1,0.4413926560395694,0.7159340669367238,2.227628020863035,0.05743876227530123,0.9918936090776841,frozen quadratic prediction,2
c,1,0.44635212408495784,0.7321128572386647,2.227628020863035,0.05743876227530123,0.9918936090776841,frozen quadratic prediction,2
c,1,0.4513115921303463,0.7484724161473313,2.227628020863035,0.05743876227530123,0.9918936090776841,frozen quadratic prediction,2
c,1,0.45627106017573466,0.7650127436627231,2.227628020863035,0.05743876227530123,0.9918936090776841,frozen quadratic prediction,2
c,1,0.4612305282211231,0.7817338397848408,2.227628020863035,0.05743876227530123,0.9918936090776841,frozen quadratic prediction,2
c,1,0.46618999626651153,0.7986357045136842,2.227628020863035,0.05743876227530123,0.9918936090776841,frozen quadratic prediction,2
c,1,0.4711494643118999,0.8157183378492529,2.227628020863035,0.05743876227530123,0.9918936090776841,frozen quadratic prediction,2
c,1,0.47610893235728835,0.8329817397915473,2.227628020863035,0.05743876227530123,0.9918936090776841,frozen quadratic prediction,2
c,1,0.4810684004026768,0.8504259103405675,2.227628020863035,0.05743876227530123,0.9918936090776841,frozen quadratic prediction,2
c,1,0.48602786844806517,0.868050849496313,2.227628020863035,0.05743876227530123,0.9918936090776841,frozen quadratic prediction,2
c,1,0.4909873364934536,0.8858565572587843,2.227628020863035,0.05743876227530123,0.9918936090776841,frozen quadratic prediction,2
c,1,0.49594680453884205,0.9038430336279811,2.227628020863035,0.05743876227530123,0.9918936090776841,frozen quadratic prediction,2
c,1,0.5009062725842305,0.9220102786039035,2.227628020863035,0.05743876227530123,0.9918936090776841,frozen quadratic prediction,2
c,1,0.5058657406296189,0.9403582921865514,2.227628020863035,0.05743876227530123,0.9918936090776841,frozen quadratic prediction,2
c,1,0.5108252086750072,0.958887074375925,2.227628020863035,0.05743876227530123,0.9918936090776841,frozen quadratic prediction,2
c,1,0.5157846767203957,0.9775966251720245,2.227628020863035,0.05743876227530123,0.9918936090776841,frozen quadratic prediction,2
c,1,0.5207441447657841,0.9964869445748491,2.227628020863035,0.05743876227530123,0.9918936090776841,frozen quadratic prediction,2
c,1,0.5257036128111725,1.0155580325843994,2.227628020863035,0.05743876227530123,0.9918936090776841,frozen quadratic prediction,2
c,1,0.530663080856561,1.0348098892006756,2.227628020863035,0.05743876227530123,0.9918936090776841,frozen quadratic prediction,2
c,1,0.5356225489019494,1.0542425144236771,2.227628020863035,0.05743876227530123,0.9918936090776841,frozen quadratic prediction,2
c,1,0.5405820169473378,1.073855908253404,2.227628020863035,0.05743876227530123,0.9918936090776841,frozen quadratic prediction,2
c,1,0.5455414849927263,1.093650070689857,2.227628020863035,0.05743876227530123,0.9918936090776841,frozen quadratic prediction,2
c,1,0.5505009530381146,1.1136250017330354,2.227628020863035,0.05743876227530123,0.9918936090776841,frozen quadratic prediction,2
c,1,0.555460421083503,1.1337807013829393,2.227628020863035,0.05743876227530123,0.9918936090776841,frozen quadratic prediction,2
c,1,0.5604198891288915,1.1541171696395691,2.227628020863035,0.05743876227530123,0.9918936090776841,frozen quadratic prediction,2
c,1,0.5653793571742799,1.1746344065029242,2.227628020863035,0.05743876227530123,0.9918936090776841,frozen quadratic prediction,2
c,1,0.5703388252196684,1.195332411973005,2.227628020863035,0.05743876227530123,0.9918936090776841,frozen quadratic prediction,2
c,1,0.5752982932650568,1.2162111860498115,2.227628020863035,0.05743876227530123,0.9918936090776841,frozen quadratic prediction,2
c,1,0.5802577613104452,1.237270728733343,2.227628020863035,0.05743876227530123,0.9918936090776841,frozen quadratic prediction,2
c,1,0.5852172293558336,1.258511040023601,2.227628020863035,0.05743876227530123,0.9918936090776841,frozen quadratic prediction,2
c,1,0.590176697401222,1.279932119920584,2.227628020863035,0.05743876227530123,0.9918936090776841,frozen quadratic prediction,2
c,1,0.5951361654466104,1.3015339684242926,2.227628020863035,0.05743876227530123,0.9918936090776841,frozen quadratic prediction,2
c,1,0.6000956334919989,1.3233165855347273,2.227628020863035,0.05743876227530123,0.9918936090776841,frozen quadratic prediction,2
c,1,0.6050551015373873,1.3452799712518873,2.227628020863035,0.05743876227530123,0.9918936090776841,frozen quadratic prediction,2
c,1,0.6100145695827757,1.3674241255757724,2.227628020863035,0.05743876227530123,0.9918936090776841,frozen quadratic prediction,2
c,1,0.6149740376281642,1.389749048506384,2.227628020863035,0.05743876227530123,0.9918936090776841,frozen quadratic prediction,2
c,1,0.6199335056735525,1.4122547400437204,2.227628020863035,0.05743876227530123,0.9918936090776841,frozen quadratic prediction,2
c,1,0.6248929737189409,1.4349412001877826,2.227628020863035,0.05743876227530123,0.9918936090776841,frozen quadratic prediction,2
c,1,0.6298524417643294,1.4578084289385709,2.227628020863035,0.05743876227530123,0.9918936090776841,frozen quadratic prediction,2
c,1,0.6348119098097178,1.4808564262960842,2.227628020863035,0.05743876227530123,0.9918936090776841,frozen quadratic prediction,2
c,1,0.6397713778551062,1.5040851922603231,2.227628020863035,0.05743876227530123,0.9918936090776841,frozen quadratic prediction,2
c,1,0.6447308459004947,1.5274947268312882,2.227628020863035,0.05743876227530123,0.9918936090776841,frozen quadratic prediction,2
c,1,0.6496903139458831,1.5510850300089785,2.227628020863035,0.05743876227530123,0.9918936090776841,frozen quadratic prediction,2
c,1,0.6546497819912714,1.574856101793394,2.227628020863035,0.05743876227530123,0.9918936090776841,frozen quadratic prediction,2
c,1,0.6596092500366599,1.598807942184536,2.227628020863035,0.05743876227530123,0.9918936090776841,frozen quadratic prediction,2
c,1,0.6645687180820483,1.6229405511824029,2.227628020863035,0.05743876227530123,0.9918936090776841,frozen quadratic prediction,2
c,1,0.6695281861274367,1.6472539287869952,2.227628020863035,0.05743876227530123,0.9918936090776841,frozen quadratic prediction,2
c,1,0.6744876541728252,1.6717480749983138,2.227628020863035,0.05743876227530123,0.9918936090776841,frozen quadratic prediction,2
c,1,0.6794471222182136,1.6964229898163576,2.227628020863035,0.05743876227530123,0.9918936090776841,frozen quadratic prediction,2
c,1,0.684406590263602,1.721278673241127,2.227628020863035,0.05743876227530123,0.9918936090776841,frozen quadratic prediction,2
c,1,0.6893660583089904,1.7463151252726223,2.227628020863035,0.05743876227530123,0.9918936090776841,frozen quadratic prediction,2
c,1,0.6943255263543788,1.771532345910843,2.227628020863035,0.05743876227530123,0.9918936090776841,frozen quadratic prediction,2
c,1,0.6992849943997672,1.7969303351557888,2.227628020863035,0.05743876227530123,0.9918936090776841,frozen quadratic prediction,2
c,1,0.7042444624451557,1.8225090930074612,2.227628020863035,0.05743876227530123,0.9918936090776841,frozen quadratic prediction,2
c,1,0.7092039304905441,1.8482686194658584,2.227628020863035,0.05743876227530123,0.9918936090776841,frozen quadratic prediction,2
c,1,0.7141633985359326,1.874208914530982,2.227628020863035,0.05743876227530123,0.9918936090776841,frozen quadratic prediction,2
c,1,0.719122866581321,1.9003299782028304,2.227628020863035,0.05743876227530123,0.9918936090776841,frozen quadratic prediction,2
c,1,0.7240823346267093,1.9266318104814044,2.227628020863035,0.05743876227530123,0.9918936090776841,frozen quadratic prediction,2
c,1,0.7290418026720978,1.9531144113667047,2.227628020863035,0.05743876227530123,0.9918936090776841,frozen quadratic prediction,2
c,1,0.7340012707174862,1.9797777808587298,2.227628020863035,0.05743876227530123,0.9918936090776841,frozen quadratic prediction,2
c,1,0.7389607387628746,2.0066219189574808,2.227628020863035,0.05743876227530123,0.9918936090776841,frozen quadratic prediction,2
c,1,0.7439202068082631,2.0336468256629576,2.227628020863035,0.05743876227530123,0.9918936090776841,frozen quadratic prediction,2
c,1,0.7488796748536515,2.0608525009751597,2.227628020863035,0.05743876227530123,0.9918936090776841,frozen quadratic prediction,2
c,1,0.7538391428990399,2.0882389448940875,2.227628020863035,0.05743876227530123,0.9918936090776841,frozen quadratic prediction,2
c,1,0.7587986109444284,2.115806157419741,2.227628020863035,0.05743876227530123,0.9918936090776841,frozen quadratic prediction,2
c,1,0.7637580789898167,2.14355413855212,2.227628020863035,0.05743876227530123,0.9918936090776841,frozen quadratic prediction,2
c,1,0.7687175470352051,2.1714828882912243,2.227628020863035,0.05743876227530123,0.9918936090776841,frozen quadratic prediction,2
c,1,0.7736770150805936,2.1995924066370547,2.227628020863035,0.05743876227530123,0.9918936090776841,frozen quadratic prediction,2
c,1,0.778636483125982,2.2278826935896108,2.227628020863035,0.05743876227530123,0.9918936090776841,frozen quadratic prediction,2
c,1,0.7835959511713704,2.2563537491488916,2.227628020863035,0.05743876227530123,0.9918936090776841,frozen quadratic prediction,2
c,1,0.7885554192167589,2.285005573314899,2.227628020863035,0.05743876227530123,0.9918936090776841,frozen quadratic prediction,2
c,1,0.7935148872621473,2.3138381660876317,2.227628020863035,0.05743876227530123,0.9918936090776841,frozen quadratic prediction,2
c,1,0.7984743553075356,2.3428515274670896,2.227628020863035,0.05743876227530123,0.9918936090776841,frozen quadratic prediction,2
c,1,0.8034338233529241,2.3720456574532736,2.227628020863035,0.05743876227530123,0.9918936090776841,frozen quadratic prediction,2
c,1,0.8083932913983125,2.401420556046183,2.227628020863035,0.05743876227530123,0.9918936090776841,frozen quadratic prediction,2
c,1,0.8133527594437009,2.4309762232458176,2.227628020863035,0.05743876227530123,0.9918936090776841,frozen quadratic prediction,2
c,1,0.8183122274890894,2.4607126590521786,2.227628020863035,0.05743876227530123,0.9918936090776841,frozen quadratic prediction,2
c,1,0.8232716955344778,2.4906298634652644,2.227628020863035,0.05743876227530123,0.9918936090776841,frozen quadratic prediction,2
c,1,0.8282311635798661,2.5207278364850763,2.227628020863035,0.05743876227530123,0.9918936090776841,frozen quadratic prediction,2
c,1,0.8331906316252546,2.5510065781116142,2.227628020863035,0.05743876227530123,0.9918936090776841,frozen quadratic prediction,2
c,1,0.838150099670643,2.5814660883448766,2.227628020863035,0.05743876227530123,0.9918936090776841,frozen quadratic prediction,2
c,1,0.8431095677160314,2.612106367184865,2.227628020863035,0.05743876227530123,0.9918936090776841,frozen quadratic prediction,2
c,1,0.8480690357614199,2.6429274146315795,2.227628020863035,0.05743876227530123,0.9918936090776841,frozen quadratic prediction,2
c,1,0.8530285038068083,2.6739292306850193,2.227628020863035,0.05743876227530123,0.9918936090776841,frozen quadratic prediction,2
c,1,0.8579879718521967,2.7051118153451843,2.227628020863035,0.05743876227530123,0.9918936090776841,frozen quadratic prediction,2
c,1,0.8629474398975852,2.736475168612076,2.227628020863035,0.05743876227530123,0.9918936090776841,frozen quadratic prediction,2
c,1,0.8679069079429735,2.768019290485692,2.227628020863035,0.05743876227530123,0.9918936090776841,frozen quadratic prediction,2
c,1,0.8728663759883619,2.7997441809660337,2.227628020863035,0.05743876227530123,0.9918936090776841,frozen quadratic prediction,2
c,1,0.8778258440337504,2.831649840053102,2.227628020863035,0.05743876227530123,0.9918936090776841,frozen quadratic prediction,2
c,1,0.8827853120791388,2.863736267746895,2.227628020863035,0.05743876227530123,0.9918936090776841,frozen quadratic prediction,2
c,1,0.8877447801245273,2.8960034640474146,2.227628020863035,0.05743876227530123,0.9918936090776841,frozen quadratic prediction,2
c,1,0.8927042481699157,2.928451428954659,2.227628020863035,0.05743876227530123,0.9918936090776841,frozen quadratic prediction,2
c,1,0.897663716215304,2.9610801624686287,2.227628020863035,0.05743876227530123,0.9918936090776841,frozen quadratic prediction,2
c,1,0.9026231842606925,2.993889664589325,2.227628020863035,0.05743876227530123,0.9918936090776841,frozen quadratic prediction,2
c,1,0.9075826523060809,3.026879935316746,2.227628020863035,0.05743876227530123,0.9918936090776841,frozen quadratic prediction,2
c,1,0.9125421203514693,3.0600509746508924,2.227628020863035,0.05743876227530123,0.9918936090776841,frozen quadratic prediction,2
c,1,0.9175015883968578,3.0934027825917654,2.227628020863035,0.05743876227530123,0.9918936090776841,frozen quadratic prediction,2
c,1,0.9224610564422462,3.126935359139363,2.227628020863035,0.05743876227530123,0.9918936090776841,frozen quadratic prediction,2
c,1,0.9274205244876346,3.1606487042936866,2.227628020863035,0.05743876227530123,0.9918936090776841,frozen quadratic prediction,2
c,1,0.9323799925330231,3.1945428180547366,2.227628020863035,0.05743876227530123,0.9918936090776841,frozen quadratic prediction,2
c,1,0.9373394605784114,3.2286177004225114,2.227628020863035,0.05743876227530123,0.9918936090776841,frozen quadratic prediction,2
c,1,0.9422989286237998,3.2628733513970114,2.227628020863035,0.05743876227530123,0.9918936090776841,frozen quadratic prediction,2
c,1,0.9472583966691883,3.297309770978238,2.227628020863035,0.05743876227530123,0.9918936090776841,frozen quadratic prediction,2
c,1,0.9522178647145767,3.3319269591661893,2.227628020863035,0.05743876227530123,0.9918936090776841,frozen quadratic prediction,2
c,1,0.9571773327599651,3.3667249159608663,2.227628020863035,0.05743876227530123,0.9918936090776841,frozen quadratic prediction,2
c,1,0.9621368008053536,3.40170364136227,2.227628020863035,0.05743876227530123,0.9918936090776841,frozen quadratic prediction,2
c,1,0.967096268850742,3.4368631353703982,2.227628020863035,0.05743876227530123,0.9918936090776841,frozen quadratic prediction,2
c,1,0.9720557368961303,3.472203397985252,2.227628020863035,0.05743876227530123,0.9918936090776841,frozen quadratic prediction,2
c,1,0.9770152049415188,3.507724429206832,2.227628020863035,0.05743876227530123,0.9918936090776841,frozen quadratic prediction,2
c,1,0.9819746729869072,3.5434262290351373,2.227628020863035,0.05743876227530123,0.9918936090776841,frozen quadratic prediction,2
c,1,0.9869341410322956,3.5793087974701674,2.227628020863035,0.05743876227530123,0.9918936090776841,frozen quadratic prediction,2
c,1,0.9918936090776841,3.6153721345119245,2.227628020863035,0.05743876227530123,0.9918936090776841,frozen quadratic prediction,2
