panel,N,direction_index,C_A2_eV,chi_A2_eV,n_infty
b,64,0,-9.423579470357655,-0.38725598010178636,24.334238732429032
b,64,1,-6.965309936831147,-0.3002556444104443,23.197931717512322
b,64,2,-5.814137452321718,-0.3634966243339576,15.995024611232866
b,64,3,-6.907650653239396,-0.40131108755657846,17.212708214211816
b,64,4,-6.541506037866556,-0.39619943535469676,16.5106394763291
b,64,5,-4.580410102175735,-0.4140875620505809,11.061452991954965
b,64,6,-6.167399074873854,-0.343963750954101,17.930375098441232
b,64,7,-7.2703440205881575,-0.3830899485760975,18.978164390924935
b,64,8,-7.033226004315097,-0.34635840963893616,20.306208276123378
b,64,9,-7.895613978095259,-0.3658800523351091,21.579788041747832
b,64,10,-7.30287485698834,-0.4040203534151173,18.07551227372172
b,64,11,-8.205262317146174,-0.388088275090404,21.14277303336408
b,64,12,-4.6109669836977245,-0.37516051086953234,12.290651201563316
b,64,13,-7.607522706004994,-0.3929800506867802,19.35854680844467
b,64,14,-6.768079664027886,-0.4080400616047823,16.586801887563883
b,64,15,-4.69655386186377,-0.372656745214579,12.60289508287165
b,64,16,-5.106106599429697,-0.36283705833709534,14.07272626129012
b,64,17,-5.764968642778226,-0.3756454861353832,15.346833265821603
b,64,18,-6.675323669900775,-0.36199915667361426,18.44016359385992
b,64,19,-5.2572595879269395,-0.33977400273365693,15.472812945162305
b,64,20,-8.187748131330212,-0.4151214153467216,19.723743051154237
b,64,21,-7.776506942697132,-0.4386090409703277,17.729928515593958
b,64,22,-6.999115545759544,-0.35677607314801746,19.61767078157112
b,64,23,-7.758581806201046,-0.39178021762679527,19.803403686890004
b,64,24,-5.769705358380628,-0.36234399772148673,15.923281176622313
b,64,25,-5.793875554942944,-0.3095717757620478,18.715774526539537
b,64,26,-6.388654075139819,-0.3866406538654428,16.52349283829624
b,64,27,-6.484549128733949,-0.41214996512119695,15.733470041243605
b,64,28,-10.548684967379826,-0.42852799254975493,24.6160931159125
b,64,29,-7.300678163986533,-0.39705242661198437,18.38718938524723
b,64,30,-6.819653410493412,-0.3232009658423182,21.10034972426584
b,64,31,-8.365299019288091,-0.3805417057692859,21.982607668132406
b,216,0,-14.99001199780702,-0.3622591818310361,41.379246543980265
b,216,1,-21.425695073478774,-0.3581707616780396,59.81977694968406
b,216,2,-14.0412337575534,-0.3856261538915653,36.411518295259796
b,216,3,-22.966219656695586,-0.3930551596600182,58.430016989373016
b,216,4,-18.61582257993363,-0.4030591923151351,46.186324328707286
b,216,5,-22.42151037704429,-0.38005839515027695,58.99490884336001
b,216,6,-12.845438348460023,-0.39551171314223643,32.47802257588378
b,216,7,-19.156078487232666,-0.37618070638004525,50.9225437730977
b,216,8,-16.573969701427885,-0.3910988917598798,42.37795107740598
b,216,9,-16.297958922590425,-0.3672461130336348,44.37884662130584
b,216,10,-17.71287762768806,-0.39842592682150074,44.45714105252901
b,216,11,-17.34400218770926,-0.36722446732440633,47.22997439162341
b,216,12,-17.61805223891087,-0.3670030098932701,48.00519822448993
b,216,13,-15.641175932963511,-0.3587473617368211,43.59941730927058
b,216,14,-18.070205810521863,-0.3747747917224052,48.216171977507024
b,216,15,-14.076404595435497,-0.3582080200642557,39.29673208575971
b,216,16,-14.677280680887927,-0.3528973766706613,41.59078998931008
b,216,17,-17.686974080028854,-0.37143216973798804,47.618315054685276
b,216,18,-15.751010174694246,-0.38849931762912665,40.5432119438898
b,216,19,-20.67299822261962,-0.35991838734768017,57.43801636521993
b,216,20,-15.476722490304944,-0.37649518746483274,41.107358090070086
b,216,21,-16.944216854194625,-0.3711957509844183,45.647658436978965
b,216,22,-18.17123313250142,-0.3621286550656082,50.17894297596877
b,216,23,-18.31864194174828,-0.37203093747586335,49.239566112527285
b,216,24,-19.458558890767925,-0.38090003949675194,51.085736080460165
b,216,25,-12.675972437319935,-0.3696807023604067,34.288975205857405
b,216,26,-18.88188185087557,-0.3753078780268917,50.31037970783719
b,216,27,-18.74947917163324,-0.39235847753397624,47.7866039481959
b,216,28,-13.311114283641539,-0.35121691654084647,37.89998048711147
b,216,29,-20.21458731036175,-0.3753884760759449,53.84978122309789
b,216,30,-15.23309635694305,-0.3493213172520485,43.60769184307122
b,216,31,-13.036910890219191,-0.3712842520061914,35.113018717534494
b,512,0,-50.01308779396169,-0.3859955834277046,129.5690674743923
b,512,1,-38.77356429656143,-0.3835956187792539,101.07926784970472
b,512,2,-27.945767577296955,-0.35193067490324464,79.40702408217189
b,512,3,-22.05966125389457,-0.35660287532848006,61.86058156029899
b,512,4,-34.327238329382084,-0.3634795056452743,94.44064327214807
b,512,5,-40.3933024359917,-0.3603382492359599,112.09829242840385
b,512,6,-42.5223582832513,-0.38496104580623725,110.45886004958048
b,512,7,-33.63819450644814,-0.37470223726004126,89.77313493621715
b,512,8,-34.99431058730408,-0.3499553388212869,99.99650442588266
b,512,9,-41.72149362743883,-0.3845167546687089,108.50370789014161
b,512,10,-34.33722210341271,-0.3762796756854146,91.25452242634557
b,512,11,-35.01554468663579,-0.3626538649677263,96.55362335584631
b,512,12,-32.365936036741616,-0.37810602378342384,85.60015974588273
b,512,13,-39.76250510298999,-0.36348717810754017,109.39176812235722
b,512,14,-32.80603841026489,-0.36539204128959896,89.78312251816068
b,512,15,-47.966705884650324,-0.38933823087378366,123.20060574837372
b,512,16,-41.37731614053377,-0.37994723512501966,108.90279574456906
b,512,17,-40.310222671224075,-0.36153143364795576,111.49852798270507
b,512,18,-30.354640979200273,-0.3854125401253188,78.75883065281248
b,512,19,-37.94708792039719,-0.3705655102080138,102.40318344547475
b,512,20,-43.26943488492323,-0.3648092496546391,118.6083821226735
b,512,21,-44.724137707845976,-0.3783135579101627,118.21975917253941
b,512,22,-41.03946687543388,-0.3681339936936966,111.4796991814358
b,512,23,-28.811301320965686,-0.3658869595614652,78.74372280306886
b,512,24,-42.381969355343045,-0.3686081971081409,114.97836914057876
b,512,25,-40.30423795481111,-0.3782749511805753,106.54746720348201
b,512,26,-40.71897766081216,-0.3820534232900164,106.57927708163061
b,512,27,-47.26789816422041,-0.36977300259235246,127.82950034978565
b,512,28,-39.708137409551114,-0.37813566129219084,105.01029517781468
b,512,29,-39.04857326651733,-0.386979290324689,100.90610594110665
b,512,30,-33.829695581016736,-0.35199795996534405,96.10764671575778
b,512,31,-31.54938376751176,-0.37167063386162963,84.8853282803542
b,1000,0,-64.67260970980794,-0.38598623731285003,167.5515949999777
b,1000,1,-81.23581536024841,-0.38329677715417837,211.9397297399448
b,1000,2,-62.1887570975606,-0.3669556196791793,169.47214802686705
b,1000,3,-65.30609181490733,-0.3671105842107144,177.8921519119778
b,1000,4,-66.25231400782515,-0.36745557952342117,180.30019871722294
b,1000,5,-59.50111150361116,-0.3780276338790625,157.39884117214189
b,1000,6,-44.89789663659908,-0.373973621785146,120.05631954008153
b,1000,7,-61.228742118751015,-0.3842178616106892,159.35943701855112
b,1000,8,-63.61178137188469,-0.36766742431111105,173.0144613466163
b,1000,9,-72.92680260641814,-0.3759549576922498,193.9774994698028
b,1000,10,-44.05352286623545,-0.3658465849231349,120.41529067571092
b,1000,11,-68.05231635879079,-0.3811786236708848,178.53130299758928
b,1000,12,-67.42521886859258,-0.36867078143584314,182.88734085732276
b,1000,13,-61.463033421395075,-0.37645892730499014,163.26623959059546
b,1000,14,-48.538503039494685,-0.37383689461528075,129.8387177366379
b,1000,15,-60.4804072375111,-0.36611337100416,165.19584376726814
b,1000,16,-74.43976476458643,-0.3726211127188307,199.77334140150177
b,1000,17,-57.01956878094521,-0.37357371293627684,152.63271158126548
b,1000,18,-58.87841932001795,-0.36382173147740937,161.83315680711024
b,1000,19,-56.03180496111235,-0.38006227803698034,147.42795641418647
b,1000,20,-70.41727511347095,-0.38320958374528313,183.7565606403958
b,1000,21,-59.39405632615843,-0.3670578686564525,161.811151313986
b,1000,22,-54.28818455648867,-0.36772684039047043,147.63182502218987
b,1000,23,-70.45983142606431,-0.3695443472962937,190.66678178565385
b,1000,24,-71.23475844939486,-0.383037554954044,185.97330086325726
b,1000,25,-69.6716388908372,-0.3811516522877189,182.79243569497729
b,1000,26,-58.262936883007015,-0.3674895728584155,158.54310213436796
b,1000,27,-59.953823500571986,-0.3707808726019861,161.69610659751933
b,1000,28,-63.31457011604276,-0.3706031635599025,170.84195803366072
b,1000,29,-73.50793094387349,-0.3702358398772542,198.5435309781027
b,1000,30,-63.947899501681434,-0.38036130268090357,168.12409425185197
b,1000,31,-65.75739292917744,-0.3813899319710008,172.41512535306606
