panel,atom_i_zero_based,atom_j_zero_based,distance_A,cutoff_A,rule
a,0,1,2.420514423561503,2.553,original coordinate distance; no periodic image atoms
a,1,2,2.3095218955553563,2.553,original coordinate distance; no periodic image atoms
a,1,4,2.493476349134216,2.553,original coordinate distance; no periodic image atoms
a,1,6,2.3330277483572797,2.553,original coordinate distance; no periodic image atoms
a,2,3,2.4767636715158883,2.553,original coordinate distance; no periodic image atoms
a,3,14,2.368850124378622,2.553,original coordinate distance; no periodic image atoms
a,3,20,2.3992620647666016,2.553,original coordinate distance; no periodic image atoms
a,3,24,2.3400599755851252,2.553,original coordinate distance; no periodic image atoms
a,4,5,2.3432315859742316,2.553,original coordinate distance; no periodic image atoms
a,5,14,2.32050606170682,2.553,original coordinate distance; no periodic image atoms
a,5,34,2.4658725977999456,2.553,original coordinate distance; no periodic image atoms
a,5,40,2.3511293528157506,2.553,original coordinate distance; no periodic image atoms
a,6,7,2.3145964479115135,2.553,original coordinate distance; no periodic image atoms
a,7,20,2.2882697940195533,2.553,original coordinate distance; no periodic image atoms
a,7,34,2.435988156708226,2.553,original coordinate distance; no periodic image atoms
a,7,48,2.3730594459228214,2.553,original coordinate distance; no periodic image atoms
a,8,9,2.2944004913333074,2.553,original coordinate distance; no periodic image atoms
a,9,10,2.4393087174074233,2.553,original coordinate distance; no periodic image atoms
a,9,12,2.3148386209471368,2.553,original coordinate distance; no periodic image atoms
a,9,14,2.542625022224918,2.553,original coordinate distance; no periodic image atoms
a,10,11,2.2206396646744424,2.553,original coordinate distance; no periodic image atoms
a,11,28,2.3188300746380888,2.553,original coordinate distance; no periodic image atoms
a,12,13,2.361943108983457,2.553,original coordinate distance; no periodic image atoms
a,13,42,2.3439818968499635,2.553,original coordinate distance; no periodic image atoms
a,14,15,2.2570002784352887,2.553,original coordinate distance; no periodic image atoms
a,15,28,2.429539757968407,2.553,original coordinate distance; no periodic image atoms
a,15,42,2.2994383623767245,2.553,original coordinate distance; no periodic image atoms
a,15,56,2.3073057885416013,2.553,original coordinate distance; no periodic image atoms
a,16,17,2.3844380518857884,2.553,original coordinate distance; no periodic image atoms
a,17,18,2.3168118199119783,2.553,original coordinate distance; no periodic image atoms
a,17,20,2.1904109502469837,2.553,original coordinate distance; no periodic image atoms
a,17,22,2.3184834433077826,2.553,original coordinate distance; no periodic image atoms
a,18,19,2.391155440850827,2.553,original coordinate distance; no periodic image atoms
a,19,30,2.28002683801966,2.553,original coordinate distance; no periodic image atoms
a,20,21,2.4285176905540964,2.553,original coordinate distance; no periodic image atoms
a,21,30,2.25246415432806,2.553,original coordinate distance; no periodic image atoms
a,21,50,2.5161156377631415,2.553,original coordinate distance; no periodic image atoms
a,21,56,2.3586103781894647,2.553,original coordinate distance; no periodic image atoms
a,22,23,2.2923278460441283,2.553,original coordinate distance; no periodic image atoms
a,23,50,2.4792624021402863,2.553,original coordinate distance; no periodic image atoms
a,24,25,2.3611959654863464,2.553,original coordinate distance; no periodic image atoms
a,25,26,2.3140298995854436,2.553,original coordinate distance; no periodic image atoms
a,25,28,2.4033239241076734,2.553,original coordinate distance; no periodic image atoms
a,25,30,2.3720469761213674,2.553,original coordinate distance; no periodic image atoms
a,26,27,2.2068692097099754,2.553,original coordinate distance; no periodic image atoms
a,28,29,2.4756988006921383,2.553,original coordinate distance; no periodic image atoms
a,29,58,2.2934943958664316,2.553,original coordinate distance; no periodic image atoms
a,30,31,2.449048082660442,2.553,original coordinate distance; no periodic image atoms
a,31,58,2.354098395008114,2.553,original coordinate distance; no periodic image atoms
a,32,33,2.4686933707601653,2.553,original coordinate distance; no periodic image atoms
a,33,34,2.4216154814289292,2.553,original coordinate distance; no periodic image atoms
a,33,36,2.4846622910287475,2.553,original coordinate distance; no periodic image atoms
a,33,38,2.3579195670681914,2.553,original coordinate distance; no periodic image atoms
a,34,35,2.3685612033378063,2.553,original coordinate distance; no periodic image atoms
a,35,46,2.3230844177000773,2.553,original coordinate distance; no periodic image atoms
a,35,52,2.1977805919374314,2.553,original coordinate distance; no periodic image atoms
a,35,56,2.3067012436242678,2.553,original coordinate distance; no periodic image atoms
a,36,37,2.2411664398983184,2.553,original coordinate distance; no periodic image atoms
a,37,46,2.396788001050827,2.553,original coordinate distance; no periodic image atoms
a,38,39,2.32139811662604,2.553,original coordinate distance; no periodic image atoms
a,39,52,2.416671715990377,2.553,original coordinate distance; no periodic image atoms
a,40,41,2.2164476210076924,2.553,original coordinate distance; no periodic image atoms
a,41,42,2.373125295597832,2.553,original coordinate distance; no periodic image atoms
a,41,44,2.1772218835709447,2.553,original coordinate distance; no periodic image atoms
a,41,46,2.3776972080951633,2.553,original coordinate distance; no periodic image atoms
a,43,60,2.3432517729222364,2.553,original coordinate distance; no periodic image atoms
a,44,45,2.2877088506405467,2.553,original coordinate distance; no periodic image atoms
a,46,47,2.5373655677735156,2.553,original coordinate distance; no periodic image atoms
a,47,60,2.499137662505203,2.553,original coordinate distance; no periodic image atoms
a,48,49,2.238879396273673,2.553,original coordinate distance; no periodic image atoms
a,49,50,2.356063900308064,2.553,original coordinate distance; no periodic image atoms
a,49,52,2.318516947872778,2.553,original coordinate distance; no periodic image atoms
a,49,54,2.3493511058157086,2.553,original coordinate distance; no periodic image atoms
a,50,51,2.1920303665843512,2.553,original coordinate distance; no periodic image atoms
a,51,62,2.37215754571834,2.553,original coordinate distance; no periodic image atoms
a,52,53,2.347847556458492,2.553,original coordinate distance; no periodic image atoms
a,53,62,2.263609808894686,2.553,original coordinate distance; no periodic image atoms
a,54,55,2.386829815037559,2.553,original coordinate distance; no periodic image atoms
a,56,57,2.3315367470449986,2.553,original coordinate distance; no periodic image atoms
a,57,58,2.29484357178838,2.553,original coordinate distance; no periodic image atoms
a,57,60,2.4624713057421905,2.553,original coordinate distance; no periodic image atoms
a,57,62,2.3919865733269003,2.553,original coordinate distance; no periodic image atoms
a,58,59,2.2544601400678674,2.553,original coordinate distance; no periodic image atoms
a,60,61,2.2351515263978863,2.553,original coordinate distance; no periodic image atoms
a,62,63,2.524459164698947,2.553,original coordinate distance; no periodic image atoms
